2025-12-17 22:38:51.923 [info] Log level: info, beta=false
2025-12-17 22:38:51.923 [info] Telemetry product: Amazon Q For VS Code
2025-12-17 22:38:51.926 [info] Telemetry clientId: fff19fc4-7322-4b13-95de-7a404af44b45
2025-12-17 22:38:51.926 [info] Telemetry sessionId: aac1e24d-2720-4d07-a68b-72d3fb3dfd82
2025-12-17 22:38:51.926 [info] proxyUtil: Using noProxy from VS Code settings:
2025-12-17 22:38:51.941 [info] current client registration id=prn3gdvybmfMyhj8-KYc23VzLWVhc3QtMQ
    expires at Sat Mar 14 2026 15:18:26 GMT+0400 (Azerbaijan Standard Time)
    key = 4e6c3a6e-f5d8-43ce-a343-23725b008698
2025-12-17 22:38:51.941 [info] auth: Connection is valid: 4e6c3a6e-f5d8-43ce-a343-23725b008698
2025-12-17 22:38:51.941 [info] auth: Updating connection state of 4e6c3a6e-f5d8-43ce-a343-23725b008698 to valid
2025-12-17 22:38:51.941 [info] codewhisperer: active connection changed
2025-12-17 22:38:51.941 [info] secondaryAuth: connectionId=4e6c3a6e-f5d8-43ce-a343-23725b008698, connectionStatus=valid
2025-12-17 22:38:51.941 [info] codewhisperer: connection states
    connection isValid=true,
    connection isValidCodewhispererCoreConnection=true,
    connection isExpired=false,
    secondaryAuth isExpired=false,
    connection isUndefined=false
2025-12-17 22:38:51.948 [info] auth: Connection is valid: 4e6c3a6e-f5d8-43ce-a343-23725b008698
2025-12-17 22:38:51.948 [info] auth: Updating connection state of 4e6c3a6e-f5d8-43ce-a343-23725b008698 to valid
2025-12-17 22:38:51.948 [info] codewhisperer: active connection changed
2025-12-17 22:38:51.954 [info] using amazonqLsp service configuration: default
2025-12-17 22:38:52.003 [info] using codewhispererService service configuration: default
2025-12-17 22:38:54.286 [info] lsp: Finished preparing "AmazonQ" LSP server: 'C:\\Users\\user\\AppData\\Local\\aws\\toolkits\\language-servers\\AmazonQ/1.51.0'
2025-12-17 22:38:54.642 [warning] AwsContext: no default region in credentials profile, falling back to us-east-1:
2025-12-17 22:38:54.825 [info] Command: (not started) [C:\Users\user\AppData\Local\aws\toolkits\language-servers\AmazonQ\1.51.0\servers\node.exe --max-old-space-size=8196 C:\Users\user\AppData\Local\aws\toolkits\language-servers\AmazonQ\1.51.0\servers\aws-lsp-codewhisperer.js --nolazy --preserve-symlinks --stdio --pre-init-encryption --set-credentials-encryption-key]
2025-12-17 22:38:55.262 [info] AB Testing Cohort Assignments []
2025-12-17 22:38:55.410 [info] [Info  - 10:38:55 PM] Runtime: Initializing runtime with encryption
2025-12-17 22:38:55.410 [info] [Info  - 10:38:55 PM] Runtime: Registering IAM credentials update handler
2025-12-17 22:38:55.410 [info] [Info  - 10:38:55 PM] Runtime: Registering bearer credentials update handler
2025-12-17 22:38:55.410 [info] [2025-12-17T18:38:55.383Z] lserver: Amazon Q Inline Suggestion server has been initialised
2025-12-17 22:38:55.410 [info] [2025-12-17T18:38:55.383Z] lserver: SecurityScan server has been initialized
2025-12-17 22:38:55.410 [info] [2025-12-17T18:38:55.384Z] lserver: Amazon Q Configuration server has been initialised
2025-12-17 22:38:55.410 [info] [2025-12-17T18:38:55.384Z] lserver: Q Chat server has been initialized
2025-12-17 22:38:55.410 [info] [2025-12-17T18:38:55.384Z] lserver: Creating identity server.
2025-12-17 22:38:55.410 [info] [Info  - 10:38:55 PM] [2025-12-17T18:38:55.402Z] lserver: QCodeAnalysisServer
2025-12-17 22:38:55.410 [info] [2025-12-17T18:38:55.404Z] lserver: Workspace context server has been initialized
2025-12-17 22:38:55.410 [info] [2025-12-17T18:38:55.404Z] lserver: Amazon Q Service server has been initialised
2025-12-17 22:38:55.410 [info] [2025-12-17T18:38:55.404Z] lserver: Amazon Q Service server has been initialised
2025-12-17 22:38:55.411 [info] [Info  - 10:38:55 PM] [2025-12-17T18:38:55.406Z] lserver: Logging level changed to log
2025-12-17 22:38:55.411 [info] [2025-12-17T18:38:55.407Z] lserver: Region not provided by caller or runtime, falling back to default region (us-east-1) and endpoint
2025-12-17 22:38:55.411 [info] [2025-12-17T18:38:55.407Z] lserver: Reading enableDeveloperProfileSupport setting from AWSInitializationOptions
2025-12-17 22:38:55.411 [info] [2025-12-17T18:38:55.407Z] lserver: Enabled Q Developer Profile support: true
2025-12-17 22:38:55.411 [info] [2025-12-17T18:38:55.407Z] lserver: Manager instance is initialize
2025-12-17 22:38:55.411 [info] [2025-12-17T18:38:55.407Z] lserver: TransformConfigurationServer: Constructor called - server created
2025-12-17 22:38:55.411 [info] [2025-12-17T18:38:55.407Z] lserver: TransformConfigurationServer: Features runtime available: true
2025-12-17 22:38:55.411 [info] [2025-12-17T18:38:55.407Z] lserver: TransformConfigurationServer: Features keys: credentialsProvider, lsp, workspace, logging, runtime, sdkInitializator
2025-12-17 22:38:55.411 [info] [2025-12-17T18:38:55.407Z] lserver: TransformConfigurationServer: Initialize called
2025-12-17 22:38:55.411 [info] [Info  - 10:38:55 PM] Runtime: Initializing server "AWS CodeWhisperer" version "1.51.0" with capabilities:
{"executeCommandProvider":{"commands":["aws/atxTransform/listOrCreateWorkspace","aws/atxTransform/startTransform","aws/atxTransform/getTransformInfo","aws/atxTransform/uploadPlan","aws/atxTransform/stopJob","aws/chat/manageSubscription","aws/qNetTransform/startTransform","aws/qNetTransform/getTransform","aws/qNetTransform/pollTransform","aws/qNetTransform/pollTransformForPlan","aws/qNetTransform/getTransformPlan","aws/qNetTransform/cancelTransform","aws/qNetTransform/downloadArtifacts","aws/qNetTransform/cancelPolling","aws/codewhisperer/runSecurityScan","aws/codewhisperer/cancelSecurityScan"]},"workspace":{"workspaceFolders":{"supported":true,"changeNotifications":true},"fileOperations":{"didCreate":{"filters":[{"pattern":{"glob":"**/*.{ts,js,py,java}","matches":"file"}},{"pattern":{"glob":"**/*","matches":"folder"}},{"pattern":{"glob":"{**/*.abap,**/*.c,**/*.cpp,**/*.cs,**/*.dart,**/*.h,**/*.hcl,**/*.cc,**/*.hpp,**/*.go,**/*.java,**/*.js,**/*.json,**/*.jsonc,**/*.jsx,**/*.kt,**/*.kts,**/*.lua,**/*.wlua,**/*.php,**/*.ps1,**/*.psm1,**/*.py,**/*.r,**/*.rb,**/*.rs,**/*.sc,**/*.scala,**/*.sh,**/*.sql,**/*.sv,**/*.svh,**/*.swift,**/*.tf,**/*.ts,**/*.tsx,**/*.vh,**/*.vue,**/*.yaml,**/*.yml}","matches":"file"}}]},"didRename":{"filters":[{"pattern":{"glob":"**/*.{ts,js,py,java}","matches":"file"}},{"pattern":{"glob":"**/*","matches":"folder"}},{"pattern":{"glob":"{**/*.abap,**/*.c,**/*.cpp,**/*.cs,**/*.dart,**/*.h,**/*.hcl,**/*.cc,**/*.hpp,**/*.go,**/*.java,**/*.js,**/*.json,**/*.jsonc,**/*.jsx,**/*.kt,**/*.kts,**/*.lua,**/*.wlua,**/*.php,**/*.ps1,**/*.psm1,**/*.py,**/*.r,**/*.rb,**/*.rs,**/*.sc,**/*.scala,**/*.sh,**/*.sql,**/*.sv,**/*.svh,**/*.swift,**/*.tf,**/*.ts,**/*.tsx,**/*.vh,**/*.vue,**/*.yaml,**/*.yml}","matches":"file"}}]},"didDelete":{"filters":[{"pattern":{"glob":"**/*.{ts,js,py,java}","matches":"file"}},{"pattern":{"glob":"**/*","matches":"folder"}},{"pattern":{"glob":"{**/*.abap,**/*.c,**/*.cpp,**/*.cs,**/*.dart,**/*.h,**/*.hcl,**/*.cc,**/*.hpp,**/*.go,**/*.java,**/*.js,**/*.json,**/*.jsonc,**/*.jsx,**/*.kt,**/*.kts,**/*.lua,**/*.wlua,**/*.php,**/*.ps1,**/*.psm1,**/*.py,**/*.r,**/*.rb,**/*.rs,**/*.sc,**/*.scala,**/*.sh,**/*.sql,**/*.sv,**/*.svh,**/*.swift,**/*.tf,**/*.ts,**/*.tsx,**/*.vh,**/*.vue,**/*.yaml,**/*.yml}","matches":"file"}}]}}},"textDocumentSync":{"openClose":true,"change":2,"save":{"includeText":true}},"configurationProvider":{"sections":["aws.transformProfiles","aws.atx.transformProfiles","aws.q.workspaceContext","aws.q","aws.q.customizations","aws.q.developerProfiles"]},"chatOptions":{"quickActions":{"quickActionsCommandGroups":[{"commands":[{"command":"/help","description":"Learn more about Amazon Q","icon":"help"},{"command":"/clear","description":"Clear this session","icon":"trash"},{"command":"/compact","description":"Compact this conversation","icon":"folder"}]}]},"mcpServers":true,"modelSelection":true,"history":true,"export":true,"shortcut":true,"showLogs":true,"reroute":true,"codeReviewInChat":true}}
2025-12-17 22:38:55.411 [info] [Info  - 10:38:55 PM] [2025-12-17T18:38:55.408Z] lserver: Initialized Runtimes OperationalTelemetry with optOut=true
2025-12-17 22:38:55.627 [info] [2025-12-17T18:38:55.412Z] lserver: Client initialization params: {"processId":312,"clientInfo":{"name":"Visual Studio Code","version":"1.105.1"},"locale":"en","rootPath":"c:\\Users\\user\\Desktop\\project","rootUri":"file:///c%3A/Users/user/Desktop/project","capabilities":{"workspace":{"applyEdit":true,"workspaceEdit":{"documentChanges":true,"resourceOperations":["create","rename","delete"],"failureHandling":"textOnlyTransactional","normalizesLineEndings":true,"changeAnnotationSupport":{"groupsOnLabel":true}},"configuration":true,"didChangeWatchedFiles":{"dynamicRegistration":true,"relativePatternSupport":true},"symbol":{"dynamicRegistration":true,"symbolKind":{"valueSet":[1,2,3,4,5,6,7,8,9,10,11,12,13,14,15,16,17,18,19,20,21,22,23,24,25,26]},"tagSupport":{"valueSet":[1]},"resolveSupport":{"properties":["location.range"]}},"codeLens":{"refreshSupport":true},"executeCommand":{"dynamicRegistration":true},"didChangeConfiguration":{"dynamicRegistration":true},"workspaceFolders":true,"foldingRange":{"refreshSupport":true},"semanticTokens":{"refreshSupport":true},"fileOperations":{"dynamicRegistration":true,"didCreate":true,"didRename":true,"didDelete":true,"willCreate":true,"willRename":true,"willDelete":true},"inlineValue":{"refreshSupport":true},"inlayHint":{"refreshSupport":true},"diagnostics":{"refreshSupport":true}},"textDocument":{"publishDiagnostics":{"relatedInformation":true,"versionSupport":false,"tagSupport":{"valueSet":[1,2]},"codeDescriptionSupport":true,"dataSupport":true},"synchronization":{"dynamicRegistration":true,"willSave":true,"willSaveWaitUntil":true,"didSave":true},"completion":{"dynamicRegistration":true,"contextSupport":true,"completionItem":{"snippetSupport":true,"commitCharactersSupport":true,"documentationFormat":["markdown","plaintext"],"deprecatedSupport":true,"preselectSupport":true,"tagSupport":{"valueSet":[1]},"insertReplaceSupport":true,"resolveSupport":{"properties":["documentation","detail","additionalTextEdits"]},"insertTextModeSupport":{"valueSet":[1,2]},"labelDetailsSupport":true},"insertTextMode":2,"completionItemKind":{"valueSet":[1,2,3,4,5,6,7,8,9,10,11,12,13,14,15,16,17,18,19,20,21,22,23,24,25]},"completionList":{"itemDefaults":["commitCharacters","editRange","insertTextFormat","insertTextMode","data"]}},"hover":{"dynamicRegistration":true,"contentFormat":["markdown","plaintext"]},"signatureHelp":{"dynamicRegistration":true,"signatureInformation":{"documentationFormat":["markdown","plaintext"],"parameterInformation":{"labelOffsetSupport":true},"activeParameterSupport":true},"contextSupport":true},"definition":{"dynamicRegistration":true,"linkSupport":true},"references":{"dynamicRegistration":true},"documentHighlight":{"dynamicRegistration":true},"documentSymbol":{"dynamicRegistration":true,"symbolKind":{"valueSet":[1,2,3,4,5,6,7,8,9,10,11,12,13,14,15,16,17,18,19,20,21,22,23,24,25,26]},"hierarchicalDocumentSymbolSupport":true,"tagSupport":{"valueSet":[1]},"labelSupport":true},"codeAction":{"dynamicRegistration":true,"isPreferredSupport":true,"disabledSupport":true,"dataSupport":true,"resolveSupport":{"properties":["edit"]},"codeActionLiteralSupport":{"codeActionKind":{"valueSet":["","quickfix","refactor","refactor.extract","refactor.inline","refactor.rewrite","source","source.organizeImports"]}},"honorsChangeAnnotations":true},"codeLens":{"dynamicRegistration":true},"formatting":{"dynamicRegistration":true},"rangeFormatting":{"dynamicRegistration":true,"rangesSupport":true},"onTypeFormatting":{"dynamicRegistration":true},"rename":{"dynamicRegistration":true,"prepareSupport":true,"prepareSupportDefaultBehavior":1,"honorsChangeAnnotations":true},"documentLink":{"dynamicRegistration":true,"tooltipSupport":true},"typeDefinition":{"dynamicRegistration":true,"linkSupport":true},"implementation":{"dynamicRegistration":true,"linkSupport":true},"colorProvider":{"dynamicRegistration":true},"foldingRange":{"dynamicRegistration":true,"rangeLimit":5000,"lineFoldingOnly":true,"foldingRangeKind":{"valueSet":["comment","imports","region"]},"foldingRange":{"collapsedText":false}},"declaration":{"dynamicRegistration":true,"linkSupport":true},"selectionRange":{"dynamicRegistration":true},"callHierarchy":{"dynamicRegistration":true},"semanticTokens":{"dynamicRegistration":true,"tokenTypes":["namespace","type","class","enum","interface","struct","typeParameter","parameter","variable","property","enumMember","event","function","method","macro","keyword","modifier","comment","string","number","regexp","operator","decorator"],"tokenModifiers":["declaration","definition","readonly","static","deprecated","abstract","async","modification","documentation","defaultLibrary"],"formats":["relative"],"requests":{"range":true,"full":{"delta":true}},"multilineTokenSupport":false,"overlappingTokenSupport":false,"serverCancelSupport":true,"augmentsSyntaxTokens":true},"linkedEditingRange":{"dynamicRegistration":true},"typeHierarchy":{"dynamicRegistration":true},"inlineValue":{"dynamicRegistration":true},"inlayHint":{"dynamicRegistration":true,"resolveSupport":{"properties":["tooltip","textEdits","label.tooltip","label.location","label.command"]}},"diagnostic":{"dynamicRegistration":true,"relatedDocumentSupport":false}},"window":{"showMessage":{"messageActionItem":{"additionalPropertiesSupport":true}},"showDocument":{"support":true},"workDoneProgress":true},"general":{"staleRequestSupport":{"cancel":true,"retryOnContentModified":["textDocument/semanticTokens/full","textDocument/semanticTokens/range","textDocument/semanticTokens/full/delta"]},"regularExpressions":{"engine":"ECMAScript","version":"ES2020"},"markdown":{"parser":"marked","version":"1.1.0"},"positionEncodings":["utf-16"]},"notebookDocument":{"synchronization":{"dynamicRegistration":true,"executionSummarySupport":true}}},"initializationOptions":{"aws":{"clientInfo":{"name":"Visual Studio Code","version":"1.105.1","extension":{"name":"AmazonQ-For-VSCode","version":"1.106.0"},"clientId":"fff19fc4-7322-4b13-95de-7a404af44b45"},"awsClientCapabilities":{"q":{"developerProfiles":true,"pinnedContextEnabled":true,"imageContextEnabled":true,"mcp":true,"shortcut":true,"reroute":true,"modelSelection":true,"codeReviewInChat":true,"displayFindings":true},"window":{"notifications":true,"showSaveFileDialog":true,"showLogs":true},"textDocument":{"inlineCompletionWithReferences":{"inlineEditSupport":true}}},"contextConfiguration":{"workspaceIdentifier":"/C:/Users/user/AppData/Roaming/Code/User/workspaceStorage/37eb52c414034ebe3dfabe99d229d713/amazonwebservices.amazon-q-vscode"},"logLevel":"info"},"credentials":{"providesBearerToken":true,"providesIam":false}},"trace":"off","workspaceFolders":[{"uri":"file:///c%3A/Users/user/Desktop/project","name":"project"}]}
2025-12-17 22:38:55.627 [info] [2025-12-17T18:38:55.412Z] lserver: [SERVER] Initialized telemetry-dependent components: CodePercentageTracker, CodeDiffTracker, periodicLogging=false
2025-12-17 22:38:55.627 [info] [Info  - 10:38:55 PM] [2025-12-17T18:38:55.412Z] lserver: In IAM Auth mode: false
2025-12-17 22:38:55.627 [info] [2025-12-17T18:38:55.413Z] lserver: Initializing database at C:\Users\user\.aws\amazonq\history\chat-history-2d77a8dd9a08dc9a579ca094ff452358.json
2025-12-17 22:38:55.627 [info] [Info  - 10:38:55 PM] [2025-12-17T18:38:55.415Z] lserver: Watching 4 MCP config paths with chokidar
2025-12-17 22:38:55.627 [info] [2025-12-17T18:38:55.416Z] lserver: Chat configuration updated customizationArn to undefined
2025-12-17 22:38:55.627 [info] [2025-12-17T18:38:55.416Z] lserver: Chat configuration telemetry preference to OPTIN
2025-12-17 22:38:55.627 [info] [Info  - 10:38:55 PM] [2025-12-17T18:38:55.416Z] lserver: LSP on initialize for QCodeAnalysisServer
2025-12-17 22:38:55.627 [info] [2025-12-17T18:38:55.416Z] lserver: Passing client for class CodeWhispererRuntimeClient to sdkInitializator (v3) for additional setup (e.g. proxy)
2025-12-17 22:38:55.627 [info] Read certificates for win32 platform: 54
2025-12-17 22:38:55.627 [info] Total certificates read: 200
2025-12-17 22:38:55.627 [info] Removed expired certificates: 9
2025-12-17 22:38:55.627 [info] Using certificates: 191
2025-12-17 22:38:55.627 [info] Retrieved 12 registry values for proxy settings
2025-12-17 22:38:55.627 [info] Proxy not enabled or server not configured
2025-12-17 22:38:55.628 [info] [2025-12-17T18:38:55.429Z] lserver: Using experimental proxy util
2025-12-17 22:38:55.628 [info] [2025-12-17T18:38:55.430Z] lserver: Configured AWS SDK V3 Proxy for client.
2025-12-17 22:38:55.628 [info] [Error - 10:38:55 PM] [2025-12-17T18:38:55.430Z] lserver: empty user context, skipping ab config fetching
2025-12-17 22:38:55.628 [info] [2025-12-17T18:38:55.433Z] lserver: Updating configuration of local context server
2025-12-17 22:38:55.628 [info] [2025-12-17T18:38:55.433Z] lserver: Setting project context indexing enabled to false
2025-12-17 22:38:55.628 [info] [Info  - 10:38:55 PM] [2025-12-17T18:38:55.433Z] lserver: Vector library initializing with GPU acceleration: false, index worker thread count: -1
2025-12-17 22:38:55.629 [info] [2025-12-17T18:38:55.437Z] lserver: Attached new listener and notified of current config.
2025-12-17 22:38:55.629 [info] [2025-12-17T18:38:55.437Z] lserver: Attached new listener and notified of current config.
2025-12-17 22:38:55.630 [info] [Info  - 10:38:55 PM] Runtime: Decoding encrypted credentials token
2025-12-17 22:38:55.630 [info] [Info  - 10:38:55 PM] Decoding JWT token
2025-12-17 22:38:55.630 [info] [Info  - 10:38:55 PM] Runtime: Storing Q credentials in bearer
2025-12-17 22:38:55.630 [info] [Info  - 10:38:55 PM] Runtime: Successfully saved bearer credentials
2025-12-17 22:38:55.630 [info] [Info  - 10:38:55 PM] UpdateBearerToken: {"data":"eyJhbGciOiJkaXIiLCJlbmMiOiJBMjU2R0NNIn0..KyH4xlIP4RwaruIz.ELQcbOt9QXMDDNOeiHpFn-QB-ELKCh8ZTpmMBiD-QhebAKDWX7N5xBqvtcKtP0CTwXjTn_7UsAuc1iaEaheGIRU_DFTNKCrCJHq_2MFSJX3De4dbfRXmY1BZPhDEuf1CtkX6yAvrrXZQycLZ8w5mUNFsTqLCtLITYgy4FPzf2P9TlJQP-vPCnF2YryZcNwkHG2ipblLvSsPhPKcYld0LGUBdXM3Bzj5pqYXtneMuo_3ZCPdeUvKkCAhccsCIW7ovPrFGFO2l7VexAhFoz1AHj4QUyLN_cjy1soJ0jac9ct8SMLYDD-8hg1A8deuzedlnKoZom63C4IXfheoRxQ.2tplugQKMOoGtPHk2me6aQ","metadata":{"sso":{"startUrl":"https://view.awsapps.com/start"}},"encrypted":true}
2025-12-17 22:38:55.634 [info] [Info  - 10:38:55 PM] Language client received initializeResult from server:
2025-12-17 22:38:55.634 [info] {"capabilities":{"executeCommandProvider":{"commands":["aws/atxTransform/listOrCreateWorkspace","aws/atxTransform/startTransform","aws/atxTransform/getTransformInfo","aws/atxTransform/uploadPlan","aws/atxTransform/stopJob","aws/chat/manageSubscription","aws/qNetTransform/startTransform","aws/qNetTransform/getTransform","aws/qNetTransform/pollTransform","aws/qNetTransform/pollTransformForPlan","aws/qNetTransform/getTransformPlan","aws/qNetTransform/cancelTransform","aws/qNetTransform/downloadArtifacts","aws/qNetTransform/cancelPolling","aws/codewhisperer/runSecurityScan","aws/codewhisperer/cancelSecurityScan"]},"workspace":{"workspaceFolders":{"supported":true,"changeNotifications":true},"fileOperations":{"didCreate":{"filters":[{"pattern":{"glob":"**/*.{ts,js,py,java}","matches":"file"}},{"pattern":{"glob":"**/*","matches":"folder"}},{"pattern":{"glob":"{**/*.abap,**/*.c,**/*.cpp,**/*.cs,**/*.dart,**/*.h,**/*.hcl,**/*.cc,**/*.hpp,**/*.go,**/*.java,**/*.js,**/*.json,**/*.jsonc,**/*.jsx,**/*.kt,**/*.kts,**/*.lua,**/*.wlua,**/*.php,**/*.ps1,**/*.psm1,**/*.py,**/*.r,**/*.rb,**/*.rs,**/*.sc,**/*.scala,**/*.sh,**/*.sql,**/*.sv,**/*.svh,**/*.swift,**/*.tf,**/*.ts,**/*.tsx,**/*.vh,**/*.vue,**/*.yaml,**/*.yml}","matches":"file"}}]},"didRename":{"filters":[{"pattern":{"glob":"**/*.{ts,js,py,java}","matches":"file"}},{"pattern":{"glob":"**/*","matches":"folder"}},{"pattern":{"glob":"{**/*.abap,**/*.c,**/*.cpp,**/*.cs,**/*.dart,**/*.h,**/*.hcl,**/*.cc,**/*.hpp,**/*.go,**/*.java,**/*.js,**/*.json,**/*.jsonc,**/*.jsx,**/*.kt,**/*.kts,**/*.lua,**/*.wlua,**/*.php,**/*.ps1,**/*.psm1,**/*.py,**/*.r,**/*.rb,**/*.rs,**/*.sc,**/*.scala,**/*.sh,**/*.sql,**/*.sv,**/*.svh,**/*.swift,**/*.tf,**/*.ts,**/*.tsx,**/*.vh,**/*.vue,**/*.yaml,**/*.yml}","matches":"file"}}]},"didDelete":{"filters":[{"pattern":{"glob":"**/*.{ts,js,py,java}","matches":"file"}},{"pattern":{"glob":"**/*","matches":"folder"}},{"pattern":{"glob":"{**/*.abap,**/*.c,**/*.cpp,**/*.cs,**/*.dart,**/*.h,**/*.hcl,**/*.cc,**/*.hpp,**/*.go,**/*.java,**/*.js,**/*.json,**/*.jsonc,**/*.jsx,**/*.kt,**/*.kts,**/*.lua,**/*.wlua,**/*.php,**/*.ps1,**/*.psm1,**/*.py,**/*.r,**/*.rb,**/*.rs,**/*.sc,**/*.scala,**/*.sh,**/*.sql,**/*.sv,**/*.svh,**/*.swift,**/*.tf,**/*.ts,**/*.tsx,**/*.vh,**/*.vue,**/*.yaml,**/*.yml}","matches":"file"}}]}}},"textDocumentSync":{"openClose":true,"change":2,"save":{"includeText":true}}},"awsServerCapabilities":{"configurationProvider":{"sections":["aws.transformProfiles","aws.atx.transformProfiles","aws.q.workspaceContext","aws.q","aws.q.customizations","aws.q.developerProfiles"]},"chatOptions":{"quickActions":{"quickActionsCommandGroups":[{"commands":[{"command":"/help","description":"Learn more about Amazon Q","icon":"help"},{"command":"/clear","description":"Clear this session","icon":"trash"},{"command":"/compact","description":"Compact this conversation","icon":"folder"}]}]},"mcpServers":true,"modelSelection":true,"history":true,"export":true,"shortcut":true,"showLogs":true,"reroute":true,"codeReviewInChat":true}},"serverInfo":{"name":"AWS CodeWhisperer","version":"1.51.0"}}
2025-12-17 22:38:55.635 [info] Entering postflare logic
2025-12-17 22:38:55.635 [info] amazonqLsp: [startup] Initializing language server configuration
2025-12-17 22:38:55.635 [info] [Info  - 10:38:55 PM] [2025-12-17T18:38:55.630Z] lserver: Current history total size: 958544 Bytes, max allowed: 209715200 Bytes
2025-12-17 22:38:55.635 [info] [2025-12-17T18:38:55.631Z] lserver: Workspace context server opt-in flag is: true
2025-12-17 22:38:55.635 [info] [2025-12-17T18:38:55.631Z] lserver: Read configuration customizationArn=undefined
2025-12-17 22:38:55.635 [info] [2025-12-17T18:38:55.631Z] lserver: Read configuration optOutTelemetryPreference=OPTIN
2025-12-17 22:38:55.636 [info] [2025-12-17T18:38:55.631Z] lserver: Read configuration customizationArn=undefined
2025-12-17 22:38:55.636 [info] [2025-12-17T18:38:55.631Z] lserver: Read configuration optOutTelemetryPreference=OPTIN
2025-12-17 22:38:55.709 [info] amazonqLsp: [startup] Language server configuration completed successfully
2025-12-17 22:38:55.710 [warning] telemetry: invalid Metric:  "languageServer_setup" emitted with missing fields: id
2025-12-17 22:38:55.713 [info] [2025-12-17T18:38:55.706Z] lserver: Read сonfiguration includeSuggestionsWithCodeReferences=true
2025-12-17 22:38:55.713 [info] [2025-12-17T18:38:55.706Z] lserver: Read configuration shareCodeWhispererContentWithAWS=true
2025-12-17 22:38:55.714 [info] [2025-12-17T18:38:55.710Z] lserver: Read сonfiguration includeSuggestionsWithCodeReferences=true
2025-12-17 22:38:55.714 [info] [2025-12-17T18:38:55.710Z] lserver: Read configuration shareCodeWhispererContentWithAWS=true
2025-12-17 22:38:55.714 [info] [2025-12-17T18:38:55.710Z] lserver: Chat configuration updated customizationArn to undefined
2025-12-17 22:38:55.714 [info] [2025-12-17T18:38:55.710Z] lserver: Chat configuration telemetry preference to OPTIN
2025-12-17 22:38:55.715 [info] [2025-12-17T18:38:55.710Z] lserver: Updating configuration of local context server
2025-12-17 22:38:55.715 [info] [2025-12-17T18:38:55.710Z] lserver: Setting project context indexing enabled to false
2025-12-17 22:38:55.715 [info] [Info  - 10:38:55 PM] [2025-12-17T18:38:55.710Z] lserver: Vector library initializing with GPU acceleration: false, index worker thread count: 0
2025-12-17 22:38:55.716 [info] [Info  - 10:38:55 PM] [2025-12-17T18:38:55.714Z] lserver: Migrated agent config to CLI format: C:\Users\user\.aws\amazonq\agents\default.json
2025-12-17 22:38:55.716 [info] [Info  - 10:38:55 PM] [2025-12-17T18:38:55.714Z] lserver: MCP manager: initialized with 2 configs
2025-12-17 22:38:55.717 [info] [Info  - 10:38:55 PM] [2025-12-17T18:38:55.714Z] lserver: MCP: Manager initialized, waiting for auth before discovering servers
2025-12-17 22:38:55.717 [info] [Info  - 10:38:55 PM] [2025-12-17T18:38:55.715Z] lserver: Auth not ready (state: PENDING_CONNECTION), waiting before discovering MCP servers
2025-12-17 22:38:55.792 [info] initialized 'submitFeedback' command with default feedback id: Amazon Q
2025-12-17 22:38:55.798 [info] auth: Connection is valid: 4e6c3a6e-f5d8-43ce-a343-23725b008698
2025-12-17 22:38:55.798 [info] auth: Updating connection state of 4e6c3a6e-f5d8-43ce-a343-23725b008698 to valid
2025-12-17 22:38:55.819 [info] [Info  - 10:38:55 PM] [2025-12-17T18:38:55.817Z] lserver: Logging level changed to info
2025-12-17 22:38:56.029 [info] [Info  - 10:38:56 PM] [2025-12-17T18:38:56.028Z] lserver: MCP config file changed: C:\Users\user\.aws\amazonq\agents\default.json
2025-12-17 22:38:56.029 [info] [Info  - 10:38:56 PM] [2025-12-17T18:38:56.028Z] lserver: File watcher triggered - isProgrammaticChange: false, lastProgrammaticState: false
2025-12-17 22:38:56.051 [info] auth: Connection is valid: 4e6c3a6e-f5d8-43ce-a343-23725b008698
2025-12-17 22:38:56.051 [info] auth: Updating connection state of 4e6c3a6e-f5d8-43ce-a343-23725b008698 to valid
2025-12-17 22:38:56.233 [info] auth: Connection is valid: 4e6c3a6e-f5d8-43ce-a343-23725b008698
2025-12-17 22:38:56.233 [info] auth: Updating connection state of 4e6c3a6e-f5d8-43ce-a343-23725b008698 to valid
2025-12-17 22:38:56.318 [info] [Info  - 10:38:56 PM] [2025-12-17T18:38:56.317Z] lserver: Processing 1 workspace folders...
2025-12-17 22:38:56.318 [info] [Info  - 10:38:56 PM] [2025-12-17T18:38:56.317Z] lserver: Local context server has been initialized
2025-12-17 22:38:56.598 [info] [Info  - 10:38:56 PM] [2025-12-17T18:38:56.596Z] lserver: ProcessWorkspaceFolders complete. 1 files found. 0 files exceeded 10 MB
2025-12-17 22:38:56.598 [info] [Info  - 10:38:56 PM] [2025-12-17T18:38:56.596Z] lserver: Context index built successfully
2025-12-17 22:38:58.046 [info] [Info  - 10:38:58 PM] [2025-12-17T18:38:58.039Z] lserver: Reinitializing MCP servers (closing connections)
2025-12-17 22:38:58.047 [info] [Info  - 10:38:58 PM] [2025-12-17T18:38:58.040Z] lserver: MCP: closing all clients
2025-12-17 22:38:58.048 [info] [Warn  - 10:38:58 PM] [2025-12-17T18:38:58.046Z] lserver: Agent config not found at c:\Users\user\Desktop\project\.amazonq\agents\default.json, skipping.
2025-12-17 22:38:58.050 [info] [Warn  - 10:38:58 PM] [2025-12-17T18:38:58.049Z] lserver: MCP config not found at c:\Users\user\Desktop\project\.amazonq\mcp.json, skipping.
2025-12-17 22:38:58.052 [info] [Warn  - 10:38:58 PM] [2025-12-17T18:38:58.049Z] lserver: MCP config not found at C:\Users\user\.aws\amazonq\mcp.json, skipping.
2025-12-17 22:38:58.052 [info] [Info  - 10:38:58 PM] [2025-12-17T18:38:58.049Z] lserver: Loaded 0 servers from legacy MCP configs
2025-12-17 22:38:58.053 [info] [Info  - 10:38:58 PM] [2025-12-17T18:38:58.049Z] lserver: Successfully processed 2 agent config files and legacy MCP configs
2025-12-17 22:38:58.053 [info] [Info  - 10:38:58 PM] [2025-12-17T18:38:58.050Z] lserver: Using agent configuration
2025-12-17 22:38:58.053 [info] [Info  - 10:38:58 PM] [2025-12-17T18:38:58.050Z] lserver: MCP servers reinitialization completed. Total servers: 0
2025-12-17 22:38:58.054 [info] [Info  - 10:38:58 PM] [VSCode Telemetry] Emitting amazonq_mcpConfig telemetry: {"credentialStartUrl":"https://view.awsapps.com/start","languageServerVersion":"1.51.0","numActiveServers":0,"numGlobalServers":0,"numProjectServers":0,"numToolsAlwaysAllowed":0,"numToolsDenied":0}
2025-12-17 22:38:58.054 [warning] telemetry: invalid Metric: "amazonq_mcpConfig" emitted without the `result` property, which is always required. Consider using `.run()` instead of `.emit()`, which will set these properties automatically. See https://github.com/aws/aws-toolkit-vscode/blob/master/docs/telemetry.md#guidelines
2025-12-17 22:39:00.133 [error] GlobalState: failed to set "aws.amazonq.showTryChatCodeLens": Canceled
2025-12-17 22:39:01.995 [info] Log level: info, beta=false
2025-12-17 22:39:01.995 [info] Telemetry product: Amazon Q For VS Code
2025-12-17 22:39:01.995 [info] Telemetry clientId: fff19fc4-7322-4b13-95de-7a404af44b45
2025-12-17 22:39:01.995 [info] Telemetry sessionId: 3fb930a3-64e0-4b1f-8e39-26ae7fba1ebc
2025-12-17 22:39:01.995 [info] proxyUtil: Using noProxy from VS Code settings:
2025-12-17 22:39:01.995 [info] current client registration id=prn3gdvybmfMyhj8-KYc23VzLWVhc3QtMQ
    expires at Sat Mar 14 2026 15:18:26 GMT+0400 (Azerbaijan Standard Time)
    key = 4e6c3a6e-f5d8-43ce-a343-23725b008698
2025-12-17 22:39:01.995 [info] auth: Connection is valid: 4e6c3a6e-f5d8-43ce-a343-23725b008698
2025-12-17 22:39:01.995 [info] auth: Updating connection state of 4e6c3a6e-f5d8-43ce-a343-23725b008698 to valid
2025-12-17 22:39:01.995 [info] codewhisperer: active connection changed
2025-12-17 22:39:01.995 [info] secondaryAuth: connectionId=4e6c3a6e-f5d8-43ce-a343-23725b008698, connectionStatus=valid
2025-12-17 22:39:01.995 [info] codewhisperer: connection states
    connection isValid=true,
    connection isValidCodewhispererCoreConnection=true,
    connection isExpired=false,
    secondaryAuth isExpired=false,
    connection isUndefined=false
2025-12-17 22:39:01.997 [info] auth: Connection is valid: 4e6c3a6e-f5d8-43ce-a343-23725b008698
2025-12-17 22:39:01.997 [info] auth: Updating connection state of 4e6c3a6e-f5d8-43ce-a343-23725b008698 to valid
2025-12-17 22:39:01.997 [info] codewhisperer: active connection changed
2025-12-17 22:39:02.003 [info] using amazonqLsp service configuration: default
2025-12-17 22:39:02.014 [info] using codewhispererService service configuration: default
2025-12-17 22:39:05.596 [info] lsp: Finished preparing "AmazonQ" LSP server: 'C:\\Users\\user\\AppData\\Local\\aws\\toolkits\\language-servers\\AmazonQ/1.51.0'
2025-12-17 22:39:05.596 [info] AB Testing Cohort Assignments []
2025-12-17 22:39:05.596 [warning] AwsContext: no default region in credentials profile, falling back to us-east-1:
2025-12-17 22:39:06.190 [info] Command: (not started) [C:\Users\user\AppData\Local\aws\toolkits\language-servers\AmazonQ\1.51.0\servers\node.exe --max-old-space-size=8196 C:\Users\user\AppData\Local\aws\toolkits\language-servers\AmazonQ\1.51.0\servers\aws-lsp-codewhisperer.js --nolazy --preserve-symlinks --stdio --pre-init-encryption --set-credentials-encryption-key]
2025-12-17 22:39:06.774 [info] [Info  - 10:39:06 PM] Runtime: Initializing runtime with encryption
2025-12-17 22:39:06.775 [info] [Info  - 10:39:06 PM] Runtime: Registering IAM credentials update handler
2025-12-17 22:39:06.775 [info] [Info  - 10:39:06 PM] Runtime: Registering bearer credentials update handler
2025-12-17 22:39:06.775 [info] [2025-12-17T18:39:06.746Z] lserver: Amazon Q Inline Suggestion server has been initialised
2025-12-17 22:39:06.775 [info] [2025-12-17T18:39:06.747Z] lserver: SecurityScan server has been initialized
2025-12-17 22:39:06.775 [info] [2025-12-17T18:39:06.747Z] lserver: Amazon Q Configuration server has been initialised
2025-12-17 22:39:06.775 [info] [2025-12-17T18:39:06.747Z] lserver: Q Chat server has been initialized
2025-12-17 22:39:06.775 [info] [2025-12-17T18:39:06.748Z] lserver: Creating identity server.
2025-12-17 22:39:06.775 [info] [Info  - 10:39:06 PM] [2025-12-17T18:39:06.767Z] lserver: QCodeAnalysisServer
2025-12-17 22:39:06.775 [info] [2025-12-17T18:39:06.768Z] lserver: Workspace context server has been initialized
2025-12-17 22:39:06.775 [info] [2025-12-17T18:39:06.768Z] lserver: Amazon Q Service server has been initialised
2025-12-17 22:39:06.775 [info] [2025-12-17T18:39:06.768Z] lserver: Amazon Q Service server has been initialised
2025-12-17 22:39:06.775 [info] [Info  - 10:39:06 PM] [2025-12-17T18:39:06.771Z] lserver: Logging level changed to log
2025-12-17 22:39:06.775 [info] [2025-12-17T18:39:06.771Z] lserver: Region not provided by caller or runtime, falling back to default region (us-east-1) and endpoint
2025-12-17 22:39:06.775 [info] [2025-12-17T18:39:06.771Z] lserver: Reading enableDeveloperProfileSupport setting from AWSInitializationOptions
2025-12-17 22:39:06.775 [info] [2025-12-17T18:39:06.772Z] lserver: Enabled Q Developer Profile support: true
2025-12-17 22:39:06.775 [info] [2025-12-17T18:39:06.772Z] lserver: Manager instance is initialize
2025-12-17 22:39:06.775 [info] [2025-12-17T18:39:06.772Z] lserver: TransformConfigurationServer: Constructor called - server created
2025-12-17 22:39:06.775 [info] [2025-12-17T18:39:06.772Z] lserver: TransformConfigurationServer: Features runtime available: true
2025-12-17 22:39:06.775 [info] [2025-12-17T18:39:06.772Z] lserver: TransformConfigurationServer: Features keys: credentialsProvider, lsp, workspace, logging, runtime, sdkInitializator
2025-12-17 22:39:06.775 [info] [2025-12-17T18:39:06.772Z] lserver: TransformConfigurationServer: Initialize called
2025-12-17 22:39:06.775 [info] [Info  - 10:39:06 PM] Runtime: Initializing server "AWS CodeWhisperer" version "1.51.0" with capabilities:
{"executeCommandProvider":{"commands":["aws/atxTransform/listOrCreateWorkspace","aws/atxTransform/startTransform","aws/atxTransform/getTransformInfo","aws/atxTransform/uploadPlan","aws/atxTransform/stopJob","aws/chat/manageSubscription","aws/qNetTransform/startTransform","aws/qNetTransform/getTransform","aws/qNetTransform/pollTransform","aws/qNetTransform/pollTransformForPlan","aws/qNetTransform/getTransformPlan","aws/qNetTransform/cancelTransform","aws/qNetTransform/downloadArtifacts","aws/qNetTransform/cancelPolling","aws/codewhisperer/runSecurityScan","aws/codewhisperer/cancelSecurityScan"]},"workspace":{"workspaceFolders":{"supported":true,"changeNotifications":true},"fileOperations":{"didCreate":{"filters":[{"pattern":{"glob":"**/*.{ts,js,py,java}","matches":"file"}},{"pattern":{"glob":"**/*","matches":"folder"}},{"pattern":{"glob":"{**/*.abap,**/*.c,**/*.cpp,**/*.cs,**/*.dart,**/*.h,**/*.hcl,**/*.cc,**/*.hpp,**/*.go,**/*.java,**/*.js,**/*.json,**/*.jsonc,**/*.jsx,**/*.kt,**/*.kts,**/*.lua,**/*.wlua,**/*.php,**/*.ps1,**/*.psm1,**/*.py,**/*.r,**/*.rb,**/*.rs,**/*.sc,**/*.scala,**/*.sh,**/*.sql,**/*.sv,**/*.svh,**/*.swift,**/*.tf,**/*.ts,**/*.tsx,**/*.vh,**/*.vue,**/*.yaml,**/*.yml}","matches":"file"}}]},"didRename":{"filters":[{"pattern":{"glob":"**/*.{ts,js,py,java}","matches":"file"}},{"pattern":{"glob":"**/*","matches":"folder"}},{"pattern":{"glob":"{**/*.abap,**/*.c,**/*.cpp,**/*.cs,**/*.dart,**/*.h,**/*.hcl,**/*.cc,**/*.hpp,**/*.go,**/*.java,**/*.js,**/*.json,**/*.jsonc,**/*.jsx,**/*.kt,**/*.kts,**/*.lua,**/*.wlua,**/*.php,**/*.ps1,**/*.psm1,**/*.py,**/*.r,**/*.rb,**/*.rs,**/*.sc,**/*.scala,**/*.sh,**/*.sql,**/*.sv,**/*.svh,**/*.swift,**/*.tf,**/*.ts,**/*.tsx,**/*.vh,**/*.vue,**/*.yaml,**/*.yml}","matches":"file"}}]},"didDelete":{"filters":[{"pattern":{"glob":"**/*.{ts,js,py,java}","matches":"file"}},{"pattern":{"glob":"**/*","matches":"folder"}},{"pattern":{"glob":"{**/*.abap,**/*.c,**/*.cpp,**/*.cs,**/*.dart,**/*.h,**/*.hcl,**/*.cc,**/*.hpp,**/*.go,**/*.java,**/*.js,**/*.json,**/*.jsonc,**/*.jsx,**/*.kt,**/*.kts,**/*.lua,**/*.wlua,**/*.php,**/*.ps1,**/*.psm1,**/*.py,**/*.r,**/*.rb,**/*.rs,**/*.sc,**/*.scala,**/*.sh,**/*.sql,**/*.sv,**/*.svh,**/*.swift,**/*.tf,**/*.ts,**/*.tsx,**/*.vh,**/*.vue,**/*.yaml,**/*.yml}","matches":"file"}}]}}},"textDocumentSync":{"openClose":true,"change":2,"save":{"includeText":true}},"configurationProvider":{"sections":["aws.transformProfiles","aws.atx.transformProfiles","aws.q.workspaceContext","aws.q","aws.q.customizations","aws.q.developerProfiles"]},"chatOptions":{"quickActions":{"quickActionsCommandGroups":[{"commands":[{"command":"/help","description":"Learn more about Amazon Q","icon":"help"},{"command":"/clear","description":"Clear this session","icon":"trash"},{"command":"/compact","description":"Compact this conversation","icon":"folder"}]}]},"mcpServers":true,"modelSelection":true,"history":true,"export":true,"shortcut":true,"showLogs":true,"reroute":true,"codeReviewInChat":true}}
2025-12-17 22:39:06.776 [info] [Info  - 10:39:06 PM] [2025-12-17T18:39:06.773Z] lserver: Initialized Runtimes OperationalTelemetry with optOut=true
2025-12-17 22:39:06.992 [info] [2025-12-17T18:39:06.776Z] lserver: Client initialization params: {"processId":8716,"clientInfo":{"name":"Visual Studio Code","version":"1.105.1"},"locale":"en","rootPath":"c:\\Users\\user\\Desktop\\Project_3","rootUri":"file:///c%3A/Users/user/Desktop/Project_3","capabilities":{"workspace":{"applyEdit":true,"workspaceEdit":{"documentChanges":true,"resourceOperations":["create","rename","delete"],"failureHandling":"textOnlyTransactional","normalizesLineEndings":true,"changeAnnotationSupport":{"groupsOnLabel":true}},"configuration":true,"didChangeWatchedFiles":{"dynamicRegistration":true,"relativePatternSupport":true},"symbol":{"dynamicRegistration":true,"symbolKind":{"valueSet":[1,2,3,4,5,6,7,8,9,10,11,12,13,14,15,16,17,18,19,20,21,22,23,24,25,26]},"tagSupport":{"valueSet":[1]},"resolveSupport":{"properties":["location.range"]}},"codeLens":{"refreshSupport":true},"executeCommand":{"dynamicRegistration":true},"didChangeConfiguration":{"dynamicRegistration":true},"workspaceFolders":true,"foldingRange":{"refreshSupport":true},"semanticTokens":{"refreshSupport":true},"fileOperations":{"dynamicRegistration":true,"didCreate":true,"didRename":true,"didDelete":true,"willCreate":true,"willRename":true,"willDelete":true},"inlineValue":{"refreshSupport":true},"inlayHint":{"refreshSupport":true},"diagnostics":{"refreshSupport":true}},"textDocument":{"publishDiagnostics":{"relatedInformation":true,"versionSupport":false,"tagSupport":{"valueSet":[1,2]},"codeDescriptionSupport":true,"dataSupport":true},"synchronization":{"dynamicRegistration":true,"willSave":true,"willSaveWaitUntil":true,"didSave":true},"completion":{"dynamicRegistration":true,"contextSupport":true,"completionItem":{"snippetSupport":true,"commitCharactersSupport":true,"documentationFormat":["markdown","plaintext"],"deprecatedSupport":true,"preselectSupport":true,"tagSupport":{"valueSet":[1]},"insertReplaceSupport":true,"resolveSupport":{"properties":["documentation","detail","additionalTextEdits"]},"insertTextModeSupport":{"valueSet":[1,2]},"labelDetailsSupport":true},"insertTextMode":2,"completionItemKind":{"valueSet":[1,2,3,4,5,6,7,8,9,10,11,12,13,14,15,16,17,18,19,20,21,22,23,24,25]},"completionList":{"itemDefaults":["commitCharacters","editRange","insertTextFormat","insertTextMode","data"]}},"hover":{"dynamicRegistration":true,"contentFormat":["markdown","plaintext"]},"signatureHelp":{"dynamicRegistration":true,"signatureInformation":{"documentationFormat":["markdown","plaintext"],"parameterInformation":{"labelOffsetSupport":true},"activeParameterSupport":true},"contextSupport":true},"definition":{"dynamicRegistration":true,"linkSupport":true},"references":{"dynamicRegistration":true},"documentHighlight":{"dynamicRegistration":true},"documentSymbol":{"dynamicRegistration":true,"symbolKind":{"valueSet":[1,2,3,4,5,6,7,8,9,10,11,12,13,14,15,16,17,18,19,20,21,22,23,24,25,26]},"hierarchicalDocumentSymbolSupport":true,"tagSupport":{"valueSet":[1]},"labelSupport":true},"codeAction":{"dynamicRegistration":true,"isPreferredSupport":true,"disabledSupport":true,"dataSupport":true,"resolveSupport":{"properties":["edit"]},"codeActionLiteralSupport":{"codeActionKind":{"valueSet":["","quickfix","refactor","refactor.extract","refactor.inline","refactor.rewrite","source","source.organizeImports"]}},"honorsChangeAnnotations":true},"codeLens":{"dynamicRegistration":true},"formatting":{"dynamicRegistration":true},"rangeFormatting":{"dynamicRegistration":true,"rangesSupport":true},"onTypeFormatting":{"dynamicRegistration":true},"rename":{"dynamicRegistration":true,"prepareSupport":true,"prepareSupportDefaultBehavior":1,"honorsChangeAnnotations":true},"documentLink":{"dynamicRegistration":true,"tooltipSupport":true},"typeDefinition":{"dynamicRegistration":true,"linkSupport":true},"implementation":{"dynamicRegistration":true,"linkSupport":true},"colorProvider":{"dynamicRegistration":true},"foldingRange":{"dynamicRegistration":true,"rangeLimit":5000,"lineFoldingOnly":true,"foldingRangeKind":{"valueSet":["comment","imports","region"]},"foldingRange":{"collapsedText":false}},"declaration":{"dynamicRegistration":true,"linkSupport":true},"selectionRange":{"dynamicRegistration":true},"callHierarchy":{"dynamicRegistration":true},"semanticTokens":{"dynamicRegistration":true,"tokenTypes":["namespace","type","class","enum","interface","struct","typeParameter","parameter","variable","property","enumMember","event","function","method","macro","keyword","modifier","comment","string","number","regexp","operator","decorator"],"tokenModifiers":["declaration","definition","readonly","static","deprecated","abstract","async","modification","documentation","defaultLibrary"],"formats":["relative"],"requests":{"range":true,"full":{"delta":true}},"multilineTokenSupport":false,"overlappingTokenSupport":false,"serverCancelSupport":true,"augmentsSyntaxTokens":true},"linkedEditingRange":{"dynamicRegistration":true},"typeHierarchy":{"dynamicRegistration":true},"inlineValue":{"dynamicRegistration":true},"inlayHint":{"dynamicRegistration":true,"resolveSupport":{"properties":["tooltip","textEdits","label.tooltip","label.location","label.command"]}},"diagnostic":{"dynamicRegistration":true,"relatedDocumentSupport":false}},"window":{"showMessage":{"messageActionItem":{"additionalPropertiesSupport":true}},"showDocument":{"support":true},"workDoneProgress":true},"general":{"staleRequestSupport":{"cancel":true,"retryOnContentModified":["textDocument/semanticTokens/full","textDocument/semanticTokens/range","textDocument/semanticTokens/full/delta"]},"regularExpressions":{"engine":"ECMAScript","version":"ES2020"},"markdown":{"parser":"marked","version":"1.1.0"},"positionEncodings":["utf-16"]},"notebookDocument":{"synchronization":{"dynamicRegistration":true,"executionSummarySupport":true}}},"initializationOptions":{"aws":{"clientInfo":{"name":"Visual Studio Code","version":"1.105.1","extension":{"name":"AmazonQ-For-VSCode","version":"1.106.0"},"clientId":"fff19fc4-7322-4b13-95de-7a404af44b45"},"awsClientCapabilities":{"q":{"developerProfiles":true,"pinnedContextEnabled":true,"imageContextEnabled":true,"mcp":true,"shortcut":true,"reroute":true,"modelSelection":true,"codeReviewInChat":true,"displayFindings":true},"window":{"notifications":true,"showSaveFileDialog":true,"showLogs":true},"textDocument":{"inlineCompletionWithReferences":{"inlineEditSupport":true}}},"contextConfiguration":{"workspaceIdentifier":"/C:/Users/user/AppData/Roaming/Code/User/workspaceStorage/805b070ceab6854b2d8b353d7b8fcfa3/amazonwebservices.amazon-q-vscode"},"logLevel":"info"},"credentials":{"providesBearerToken":true,"providesIam":false}},"trace":"off","workspaceFolders":[{"uri":"file:///c%3A/Users/user/Desktop/Project_3","name":"Project_3"}]}
2025-12-17 22:39:06.992 [info] [2025-12-17T18:39:06.777Z] lserver: [SERVER] Initialized telemetry-dependent components: CodePercentageTracker, CodeDiffTracker, periodicLogging=false
2025-12-17 22:39:06.992 [info] [Info  - 10:39:06 PM] [2025-12-17T18:39:06.777Z] lserver: In IAM Auth mode: false
2025-12-17 22:39:06.992 [info] [2025-12-17T18:39:06.777Z] lserver: Initializing database at C:\Users\user\.aws\amazonq\history\chat-history-69550f7ccab6dd6d21f62d0e0ceab942.json
2025-12-17 22:39:06.992 [info] [Info  - 10:39:06 PM] [2025-12-17T18:39:06.780Z] lserver: Watching 4 MCP config paths with chokidar
2025-12-17 22:39:06.992 [info] [2025-12-17T18:39:06.780Z] lserver: Chat configuration updated customizationArn to undefined
2025-12-17 22:39:06.992 [info] [2025-12-17T18:39:06.780Z] lserver: Chat configuration telemetry preference to OPTIN
2025-12-17 22:39:06.992 [info] [Info  - 10:39:06 PM] [2025-12-17T18:39:06.780Z] lserver: LSP on initialize for QCodeAnalysisServer
2025-12-17 22:39:06.993 [info] [2025-12-17T18:39:06.780Z] lserver: Passing client for class CodeWhispererRuntimeClient to sdkInitializator (v3) for additional setup (e.g. proxy)
2025-12-17 22:39:06.993 [info] Read certificates for win32 platform: 54
2025-12-17 22:39:06.993 [info] Total certificates read: 200
2025-12-17 22:39:06.993 [info] Removed expired certificates: 9
2025-12-17 22:39:06.993 [info] Using certificates: 191
2025-12-17 22:39:06.993 [info] Retrieved 12 registry values for proxy settings
2025-12-17 22:39:06.993 [info] Proxy not enabled or server not configured
2025-12-17 22:39:06.993 [info] [2025-12-17T18:39:06.794Z] lserver: Using experimental proxy util
2025-12-17 22:39:06.993 [info] [2025-12-17T18:39:06.795Z] lserver: Configured AWS SDK V3 Proxy for client.
2025-12-17 22:39:06.993 [info] [Error - 10:39:06 PM] [2025-12-17T18:39:06.795Z] lserver: empty user context, skipping ab config fetching
2025-12-17 22:39:06.993 [info] [2025-12-17T18:39:06.798Z] lserver: Updating configuration of local context server
2025-12-17 22:39:06.993 [info] [2025-12-17T18:39:06.798Z] lserver: Setting project context indexing enabled to false
2025-12-17 22:39:06.993 [info] [Info  - 10:39:06 PM] [2025-12-17T18:39:06.799Z] lserver: Vector library initializing with GPU acceleration: false, index worker thread count: -1
2025-12-17 22:39:06.994 [info] [2025-12-17T18:39:06.802Z] lserver: Attached new listener and notified of current config.
2025-12-17 22:39:06.994 [info] [2025-12-17T18:39:06.802Z] lserver: Attached new listener and notified of current config.
2025-12-17 22:39:06.995 [info] [Warn  - 10:39:06 PM] [2025-12-17T18:39:06.984Z] lserver: Error getting db file size: Error: ENOENT: no such file or directory, stat 'C:\Users\user\.aws\amazonq\history\chat-history-69550f7ccab6dd6d21f62d0e0ceab942.json'
2025-12-17 22:39:06.995 [info] [2025-12-17T18:39:06.987Z] lserver: Document opened: file:///c%3A/Users/user/Desktop/Project_3/Gemfile
2025-12-17 22:39:06.995 [info] [2025-12-17T18:39:06.987Z] lserver: [SERVER] Tracking document open with RecentEditTracker: file:///c%3A/Users/user/Desktop/Project_3/Gemfile
2025-12-17 22:39:06.995 [info] [Info  - 10:39:06 PM] Runtime: Decoding encrypted credentials token
2025-12-17 22:39:06.995 [info] [Info  - 10:39:06 PM] Decoding JWT token
2025-12-17 22:39:06.995 [info] [Info  - 10:39:06 PM] Runtime: Storing Q credentials in bearer
2025-12-17 22:39:06.995 [info] [Info  - 10:39:06 PM] Runtime: Successfully saved bearer credentials
2025-12-17 22:39:06.995 [info] [Info  - 10:39:06 PM] UpdateBearerToken: {"data":"eyJhbGciOiJkaXIiLCJlbmMiOiJBMjU2R0NNIn0..pi8oYEe3NLnro0BP.ZG4_Wj7c0OuPn2yfztwKwQG8E6ke6aKc6PUHiX3ngUdLgO5QidNuwBNkDhm7whXBgCoy5ehT9Vm2y39BBDfHjU88OjFLbij4MbPFgmX7irAnREmcLB_8XzpnQnGZxJc1xv-Mmf5cdBLKHPC8_9AF4Q5IGAa6GrYOoJHFtxZtAg7bjz01xHv05QqzHFP1_jv44AINgD-OQGJY-O79TIpz74LyJZjytaSgP3xBVNmMAl3zgcxfFAOpTbpb_XUPrvTDVF--WJUtDaEltQ7bmCLonb23MsXbyiDg3vPe1v7284zOCCqMk1ayW_gjh5qBGGOiVCH79nLNqV0UKd_bsA.tMk9pj5sKupPtXjNOCPJCA","metadata":{"sso":{"startUrl":"https://view.awsapps.com/start"}},"encrypted":true}
2025-12-17 22:39:06.998 [info] [Info  - 10:39:06 PM] Language client received initializeResult from server:
2025-12-17 22:39:06.998 [info] {"capabilities":{"executeCommandProvider":{"commands":["aws/atxTransform/listOrCreateWorkspace","aws/atxTransform/startTransform","aws/atxTransform/getTransformInfo","aws/atxTransform/uploadPlan","aws/atxTransform/stopJob","aws/chat/manageSubscription","aws/qNetTransform/startTransform","aws/qNetTransform/getTransform","aws/qNetTransform/pollTransform","aws/qNetTransform/pollTransformForPlan","aws/qNetTransform/getTransformPlan","aws/qNetTransform/cancelTransform","aws/qNetTransform/downloadArtifacts","aws/qNetTransform/cancelPolling","aws/codewhisperer/runSecurityScan","aws/codewhisperer/cancelSecurityScan"]},"workspace":{"workspaceFolders":{"supported":true,"changeNotifications":true},"fileOperations":{"didCreate":{"filters":[{"pattern":{"glob":"**/*.{ts,js,py,java}","matches":"file"}},{"pattern":{"glob":"**/*","matches":"folder"}},{"pattern":{"glob":"{**/*.abap,**/*.c,**/*.cpp,**/*.cs,**/*.dart,**/*.h,**/*.hcl,**/*.cc,**/*.hpp,**/*.go,**/*.java,**/*.js,**/*.json,**/*.jsonc,**/*.jsx,**/*.kt,**/*.kts,**/*.lua,**/*.wlua,**/*.php,**/*.ps1,**/*.psm1,**/*.py,**/*.r,**/*.rb,**/*.rs,**/*.sc,**/*.scala,**/*.sh,**/*.sql,**/*.sv,**/*.svh,**/*.swift,**/*.tf,**/*.ts,**/*.tsx,**/*.vh,**/*.vue,**/*.yaml,**/*.yml}","matches":"file"}}]},"didRename":{"filters":[{"pattern":{"glob":"**/*.{ts,js,py,java}","matches":"file"}},{"pattern":{"glob":"**/*","matches":"folder"}},{"pattern":{"glob":"{**/*.abap,**/*.c,**/*.cpp,**/*.cs,**/*.dart,**/*.h,**/*.hcl,**/*.cc,**/*.hpp,**/*.go,**/*.java,**/*.js,**/*.json,**/*.jsonc,**/*.jsx,**/*.kt,**/*.kts,**/*.lua,**/*.wlua,**/*.php,**/*.ps1,**/*.psm1,**/*.py,**/*.r,**/*.rb,**/*.rs,**/*.sc,**/*.scala,**/*.sh,**/*.sql,**/*.sv,**/*.svh,**/*.swift,**/*.tf,**/*.ts,**/*.tsx,**/*.vh,**/*.vue,**/*.yaml,**/*.yml}","matches":"file"}}]},"didDelete":{"filters":[{"pattern":{"glob":"**/*.{ts,js,py,java}","matches":"file"}},{"pattern":{"glob":"**/*","matches":"folder"}},{"pattern":{"glob":"{**/*.abap,**/*.c,**/*.cpp,**/*.cs,**/*.dart,**/*.h,**/*.hcl,**/*.cc,**/*.hpp,**/*.go,**/*.java,**/*.js,**/*.json,**/*.jsonc,**/*.jsx,**/*.kt,**/*.kts,**/*.lua,**/*.wlua,**/*.php,**/*.ps1,**/*.psm1,**/*.py,**/*.r,**/*.rb,**/*.rs,**/*.sc,**/*.scala,**/*.sh,**/*.sql,**/*.sv,**/*.svh,**/*.swift,**/*.tf,**/*.ts,**/*.tsx,**/*.vh,**/*.vue,**/*.yaml,**/*.yml}","matches":"file"}}]}}},"textDocumentSync":{"openClose":true,"change":2,"save":{"includeText":true}}},"awsServerCapabilities":{"configurationProvider":{"sections":["aws.transformProfiles","aws.atx.transformProfiles","aws.q.workspaceContext","aws.q","aws.q.customizations","aws.q.developerProfiles"]},"chatOptions":{"quickActions":{"quickActionsCommandGroups":[{"commands":[{"command":"/help","description":"Learn more about Amazon Q","icon":"help"},{"command":"/clear","description":"Clear this session","icon":"trash"},{"command":"/compact","description":"Compact this conversation","icon":"folder"}]}]},"mcpServers":true,"modelSelection":true,"history":true,"export":true,"shortcut":true,"showLogs":true,"reroute":true,"codeReviewInChat":true}},"serverInfo":{"name":"AWS CodeWhisperer","version":"1.51.0"}}
2025-12-17 22:39:06.999 [info] [2025-12-17T18:39:06.990Z] lserver: Creating new collection
2025-12-17 22:39:06.999 [info] Entering postflare logic
2025-12-17 22:39:06.999 [info] amazonqLsp: [startup] Initializing language server configuration
2025-12-17 22:39:07.000 [info] [Info  - 10:39:06 PM] [2025-12-17T18:39:06.992Z] lserver: Current history total size: 958544 Bytes, max allowed: 209715200 Bytes
2025-12-17 22:39:07.074 [info] [2025-12-17T18:39:07.070Z] lserver: Workspace context server opt-in flag is: true
2025-12-17 22:39:07.076 [info] [2025-12-17T18:39:07.073Z] lserver: Read configuration customizationArn=undefined
2025-12-17 22:39:07.076 [info] [2025-12-17T18:39:07.073Z] lserver: Read configuration optOutTelemetryPreference=OPTIN
2025-12-17 22:39:07.076 [info] [2025-12-17T18:39:07.075Z] lserver: Read configuration customizationArn=undefined
2025-12-17 22:39:07.077 [info] [2025-12-17T18:39:07.075Z] lserver: Read configuration optOutTelemetryPreference=OPTIN
2025-12-17 22:39:07.078 [info] [Info  - 10:39:07 PM] [2025-12-17T18:39:07.075Z] lserver: Migrated agent config to CLI format: C:\Users\user\.aws\amazonq\agents\default.json
2025-12-17 22:39:07.078 [info] [Info  - 10:39:07 PM] [2025-12-17T18:39:07.075Z] lserver: MCP manager: initialized with 2 configs
2025-12-17 22:39:07.078 [info] [Info  - 10:39:07 PM] [2025-12-17T18:39:07.075Z] lserver: MCP: Manager initialized, waiting for auth before discovering servers
2025-12-17 22:39:07.078 [info] [Info  - 10:39:07 PM] [2025-12-17T18:39:07.076Z] lserver: Auth not ready (state: PENDING_CONNECTION), waiting before discovering MCP servers
2025-12-17 22:39:07.080 [info] [2025-12-17T18:39:07.077Z] lserver: Read сonfiguration includeSuggestionsWithCodeReferences=true
2025-12-17 22:39:07.080 [info] amazonqLsp: [startup] Language server configuration completed successfully
2025-12-17 22:39:07.080 [warning] telemetry: invalid Metric:  "languageServer_setup" emitted with missing fields: id
2025-12-17 22:39:07.081 [info] [2025-12-17T18:39:07.077Z] lserver: Read configuration shareCodeWhispererContentWithAWS=true
2025-12-17 22:39:07.081 [info] [2025-12-17T18:39:07.077Z] lserver: Read сonfiguration includeSuggestionsWithCodeReferences=true
2025-12-17 22:39:07.082 [info] [2025-12-17T18:39:07.077Z] lserver: Read configuration shareCodeWhispererContentWithAWS=true
2025-12-17 22:39:07.082 [info] [2025-12-17T18:39:07.078Z] lserver: Chat configuration updated customizationArn to undefined
2025-12-17 22:39:07.082 [info] [2025-12-17T18:39:07.078Z] lserver: Chat configuration telemetry preference to OPTIN
2025-12-17 22:39:07.082 [info] [2025-12-17T18:39:07.078Z] lserver: Updating configuration of local context server
2025-12-17 22:39:07.082 [info] [2025-12-17T18:39:07.078Z] lserver: Setting project context indexing enabled to false
2025-12-17 22:39:07.082 [info] [Info  - 10:39:07 PM] [2025-12-17T18:39:07.078Z] lserver: Vector library initializing with GPU acceleration: false, index worker thread count: 0
2025-12-17 22:39:07.167 [info] initialized 'submitFeedback' command with default feedback id: Amazon Q
2025-12-17 22:39:07.173 [info] auth: Connection is valid: 4e6c3a6e-f5d8-43ce-a343-23725b008698
2025-12-17 22:39:07.173 [info] auth: Updating connection state of 4e6c3a6e-f5d8-43ce-a343-23725b008698 to valid
2025-12-17 22:39:07.185 [info] using amazonqLsp service configuration: default
2025-12-17 22:39:07.238 [info] using codewhispererService service configuration: default
2025-12-17 22:39:07.241 [info] [Info  - 10:39:07 PM] [2025-12-17T18:39:07.186Z] lserver: Logging level changed to info
2025-12-17 22:39:07.361 [info] auth: Connection is valid: 4e6c3a6e-f5d8-43ce-a343-23725b008698
2025-12-17 22:39:07.361 [info] auth: Updating connection state of 4e6c3a6e-f5d8-43ce-a343-23725b008698 to valid
2025-12-17 22:39:07.379 [info] [Info  - 10:39:07 PM] [2025-12-17T18:39:07.378Z] lserver: MCP config file changed: C:\Users\user\.aws\amazonq\agents\default.json
2025-12-17 22:39:07.379 [info] [Info  - 10:39:07 PM] [2025-12-17T18:39:07.378Z] lserver: File watcher triggered - isProgrammaticChange: false, lastProgrammaticState: false
2025-12-17 22:39:07.548 [info] auth: Connection is valid: 4e6c3a6e-f5d8-43ce-a343-23725b008698
2025-12-17 22:39:07.548 [info] auth: Updating connection state of 4e6c3a6e-f5d8-43ce-a343-23725b008698 to valid
2025-12-17 22:39:07.684 [info] [Info  - 10:39:07 PM] [2025-12-17T18:39:07.683Z] lserver: Processing 1 workspace folders...
2025-12-17 22:39:07.685 [info] [Info  - 10:39:07 PM] [2025-12-17T18:39:07.683Z] lserver: Local context server has been initialized
2025-12-17 22:39:07.993 [info] [Info  - 10:39:07 PM] [2025-12-17T18:39:07.991Z] lserver: ProcessWorkspaceFolders complete. 1 files found. 0 files exceeded 10 MB
2025-12-17 22:39:07.993 [info] [Info  - 10:39:07 PM] [2025-12-17T18:39:07.992Z] lserver: Context index built successfully
2025-12-17 22:39:09.000 [info] AB Testing Cohort Assignments []
2025-12-17 22:39:09.002 [info] auth: Connection is valid: 4e6c3a6e-f5d8-43ce-a343-23725b008698
2025-12-17 22:39:09.002 [info] auth: Updating connection state of 4e6c3a6e-f5d8-43ce-a343-23725b008698 to valid
2025-12-17 22:39:09.151 [info] [Info  - 10:39:09 PM] [VSCode Client]  Received {"command":"telemetry/event","params":{"name":"enterFocus"}} from chat
2025-12-17 22:39:09.153 [info] [Info  - 10:39:09 PM] [VSCode Client]  Received {"command":"ui-is-ready"} from chat
2025-12-17 22:39:09.154 [info] [Info  - 10:39:09 PM] [VSCode Client]  Received {"command":"aws/chat/ready"} from chat
2025-12-17 22:39:09.154 [info] [Info  - 10:39:09 PM] [VSCode Client] "aws/chat/ready" event is received, sending chat options
2025-12-17 22:39:09.154 [info] [Info  - 10:39:09 PM] [VSCode Client]  Received {"command":"aws/chat/tabAdd","params":{"tabId":"fislw0"}} from chat
2025-12-17 22:39:09.154 [info] [Info  - 10:39:09 PM] [VSCode Client]  Received {"command":"telemetry/event","params":{"triggerType":"click","tabId":"fislw0","name":"tabAdd"}} from chat
2025-12-17 22:39:09.154 [info] [Info  - 10:39:09 PM] [VSCode Client]  Received {"command":"aws/chat/listAvailableModels","params":{"tabId":"fislw0"}} from chat
2025-12-17 22:39:09.155 [info] [Info  - 10:39:09 PM] [VSCode Client] Chat options flags: mcpServers=true, history=true, export=true, quickActions=[/help, /clear, /compact]
2025-12-17 22:39:09.213 [info] [Info  - 10:39:09 PM] [VSCode Telemetry] Emitting amazonq_enterFocusChat telemetry: {"credentialStartUrl":"https://view.awsapps.com/start","result":"Succeeded"}
2025-12-17 22:39:09.219 [info] [Info  - 10:39:09 PM] [VSCode Telemetry] Emitting amazonq_loadHistory telemetry: {"amazonqTimeToLoadHistory":213,"amazonqHistoryFileSize":-1,"openTabCount":0,"languageServerVersion":"1.51.0","result":"Succeeded"}
2025-12-17 22:39:09.252 [info] [Info  - 10:39:09 PM] [2025-12-17T18:39:09.249Z] lserver: Auth initialized, proceeding with MCP discovery
2025-12-17 22:39:09.252 [info] [Info  - 10:39:09 PM] [2025-12-17T18:39:09.250Z] lserver: MCP is enabled, discovering servers
2025-12-17 22:39:09.252 [info] [Warn  - 10:39:09 PM] [2025-12-17T18:39:09.251Z] lserver: Agent config not found at c:\Users\user\Desktop\Project_3\.amazonq\agents\default.json, skipping.
2025-12-17 22:39:09.253 [info] [Warn  - 10:39:09 PM] [2025-12-17T18:39:09.252Z] lserver: MCP config not found at c:\Users\user\Desktop\Project_3\.amazonq\mcp.json, skipping.
2025-12-17 22:39:09.254 [info] [Warn  - 10:39:09 PM] [2025-12-17T18:39:09.252Z] lserver: MCP config not found at C:\Users\user\.aws\amazonq\mcp.json, skipping.
2025-12-17 22:39:09.254 [info] [Info  - 10:39:09 PM] [2025-12-17T18:39:09.252Z] lserver: Loaded 0 servers from legacy MCP configs
2025-12-17 22:39:09.254 [info] [Info  - 10:39:09 PM] [2025-12-17T18:39:09.252Z] lserver: Successfully processed 2 agent config files and legacy MCP configs
2025-12-17 22:39:09.254 [info] [Info  - 10:39:09 PM] [2025-12-17T18:39:09.252Z] lserver: Using agent configuration
2025-12-17 22:39:09.254 [info] [Info  - 10:39:09 PM] [2025-12-17T18:39:09.253Z] lserver: MCP: discovered 0 tools across all servers
2025-12-17 22:39:09.254 [info] [Info  - 10:39:09 PM] [VSCode Telemetry] Emitting amazonq_mcpConfig telemetry: {"credentialStartUrl":"https://view.awsapps.com/start","languageServerVersion":"1.51.0","numActiveServers":0,"numGlobalServers":0,"numProjectServers":0,"numToolsAlwaysAllowed":0,"numToolsDenied":0}
2025-12-17 22:39:09.255 [warning] telemetry: invalid Metric: "amazonq_mcpConfig" emitted without the `result` property, which is always required. Consider using `.run()` instead of `.emit()`, which will set these properties automatically. See https://github.com/aws/aws-toolkit-vscode/blob/master/docs/telemetry.md#guidelines
2025-12-17 22:39:09.255 [info] [Info  - 10:39:09 PM] [2025-12-17T18:39:09.253Z] lserver: MCP Config Metrics: 0 active servers, 0 tools
2025-12-17 22:39:09.255 [info] [Info  - 10:39:09 PM] [2025-12-17T18:39:09.253Z] lserver: ProfileStatusMonitor started - checking MCP configuration every 24 hours
2025-12-17 22:39:09.390 [info] [Info  - 10:39:09 PM] [2025-12-17T18:39:09.389Z] lserver: Reinitializing MCP servers (closing connections)
2025-12-17 22:39:09.390 [info] [Info  - 10:39:09 PM] [2025-12-17T18:39:09.389Z] lserver: MCP: closing all clients
2025-12-17 22:39:09.390 [info] [Warn  - 10:39:09 PM] [2025-12-17T18:39:09.389Z] lserver: Agent config not found at c:\Users\user\Desktop\Project_3\.amazonq\agents\default.json, skipping.
2025-12-17 22:39:09.391 [info] [Warn  - 10:39:09 PM] [2025-12-17T18:39:09.390Z] lserver: MCP config not found at c:\Users\user\Desktop\Project_3\.amazonq\mcp.json, skipping.
2025-12-17 22:39:09.391 [info] [Warn  - 10:39:09 PM] [2025-12-17T18:39:09.390Z] lserver: MCP config not found at C:\Users\user\.aws\amazonq\mcp.json, skipping.
2025-12-17 22:39:09.391 [info] [Info  - 10:39:09 PM] [2025-12-17T18:39:09.390Z] lserver: Loaded 0 servers from legacy MCP configs
2025-12-17 22:39:09.391 [info] [Info  - 10:39:09 PM] [2025-12-17T18:39:09.390Z] lserver: Successfully processed 2 agent config files and legacy MCP configs
2025-12-17 22:39:09.391 [info] [Info  - 10:39:09 PM] [2025-12-17T18:39:09.390Z] lserver: Using agent configuration
2025-12-17 22:39:09.391 [info] [Info  - 10:39:09 PM] [2025-12-17T18:39:09.390Z] lserver: MCP servers reinitialization completed. Total servers: 0
2025-12-17 22:39:09.391 [info] [Info  - 10:39:09 PM] [VSCode Telemetry] Emitting amazonq_mcpConfig telemetry: {"credentialStartUrl":"https://view.awsapps.com/start","languageServerVersion":"1.51.0","numActiveServers":0,"numGlobalServers":0,"numProjectServers":0,"numToolsAlwaysAllowed":0,"numToolsDenied":0}
2025-12-17 22:39:09.391 [warning] telemetry: invalid Metric: "amazonq_mcpConfig" emitted without the `result` property, which is always required. Consider using `.run()` instead of `.emit()`, which will set these properties automatically. See https://github.com/aws/aws-toolkit-vscode/blob/master/docs/telemetry.md#guidelines
2025-12-17 22:39:09.881 [info] [Error - 10:39:09 PM] [2025-12-17T18:39:09.880Z] lserver: setpaidtier
    request: {"statusOnly":true}
    response: {"$metadata":{"httpStatusCode":200,"requestId":"7281eff0-fe2f-4c6e-b2c3-bc2338fd7e32","httpHeaders":{"date":"Wed, 17 Dec 2025 18:39:10 GMT","content-type":"application/json","content-length":"64","connection":"keep-alive","x-amzn-requestid":"7281eff0-fe2f-4c6e-b2c3-bc2338fd7e32","x-xss-protection":"1; mode=block","strict-transport-security":"max-age=47304000; includeSubDomains","x-frame-options":"DENY","cache-control":"no-cache","x-content-type-options":"nosniff"},"attempts":1,"totalRetryDelay":0},"status":"INACTIVE"}
    requestId: undefined
    httpStatusCode: undefined
    headers: undefined
2025-12-17 22:39:09.882 [info] [Info  - 10:39:09 PM] [2025-12-17T18:39:09.881Z] lserver: abconfig: []
2025-12-17 22:39:10.190 [info] [Info  - 10:39:10 PM] [VSCode Client]  Received {"command":"telemetry/event","params":{"name":"exitFocus"}} from chat
2025-12-17 22:39:10.192 [info] [Info  - 10:39:10 PM] [VSCode Telemetry] Emitting amazonq_exitFocusChat telemetry: {"credentialStartUrl":"https://view.awsapps.com/start","result":"Succeeded"}
2025-12-17 22:39:11.935 [warning] childProcess: Failed to get process stats for 17412: Error: spawnSync wmic ENOENT
2025-12-17 22:39:12.340 [info] [Info  - 10:39:12 PM] [2025-12-17T18:39:12.338Z] lserver: A/B testing enabled: false semantic search enabled false
2025-12-17 22:39:17.018 [info] [Info  - 10:39:17 PM] Runtime: Decoding encrypted credentials token
2025-12-17 22:39:17.018 [info] [Info  - 10:39:17 PM] Decoding JWT token
2025-12-17 22:39:17.019 [info] [Info  - 10:39:17 PM] Runtime: Storing Q credentials in bearer
2025-12-17 22:39:17.019 [info] [Info  - 10:39:17 PM] Runtime: Successfully saved bearer credentials
2025-12-17 22:39:17.019 [info] [Info  - 10:39:17 PM] UpdateBearerToken: {"data":"eyJhbGciOiJkaXIiLCJlbmMiOiJBMjU2R0NNIn0..9Hgic6oEyV6nQELF.VM7yt7uawQLCcCzQKKRZ2TCrsQuDIXsz8gRsf08qxyCIAHlZOGy96UBTr1V3zH5wA3wJ-q2AkBnOgu-ZU0-I_nE4wRH5Jf8jebI5yO2ToH4SnEOHCGF2sNAjKm4CDIMr4rzOKwCPWEUF715_mhqeu_F-v9f0Ab8LXXh6dQ3722qeFr9jo0vV3VkJ3OfiijUcZMbGT_Rcakmw-u6Vs0UPct-atYc4kh_8Q7lB_hV3XX2hCJyMMZy9jHYOprYv-FCWd3uJyCbjajVnou6rtHA8dmgDJ3IUlUk24jaRPTEKlDUro9i-5HHsR46xKps_IWP8qHHY3p9B1WHoYFO9hw.L7ByKsT1s8S42kRq0W1WTA","metadata":{"sso":{"startUrl":"https://view.awsapps.com/start"}},"encrypted":true}
2025-12-17 22:39:36.319 [info] [Info  - 10:39:36 PM] [2025-12-17T18:39:36.318Z] lserver: Logging level changed to info
2025-12-17 22:39:36.320 [info] [Info  - 10:39:36 PM] [2025-12-17T18:39:36.320Z] lserver: Vector library initializing with GPU acceleration: false, index worker thread count: 0
2025-12-17 22:40:14.950 [info] _provideInlineCompletionItems called with: {
  documentUri: 'file:///c%3A/Users/user/Desktop/Project_3/_config.yml',
  position: Oo { a: 29, b: 19 },
  context: {
    selectedCompletionInfo: undefined,
    triggerKind: 1,
    requestUuid: 'icr-603bdcab-00fd-4073-b8e6-b448b2821f03',
    requestIssuedDateTime: 1765996814931,
    earliestShownDateTime: 1765996814931
  },
  triggerKind: 'Automatic',
  options: undefined
}
2025-12-17 22:40:14.951 [info] Sending inline completion request: {
  method: 'aws/textDocument/inlineCompletionWithReferences',
  request: {
    textDocument: { uri: 'file:///c%3A/Users/user/Desktop/Project_3/_config.yml' },
    position: Oo { a: 29, b: 19 },
    context: { triggerKind: 1, selectedCompletionInfo: undefined },
    nextToken: undefined
  }
}
2025-12-17 22:40:14.955 [info] _provideInlineCompletionItems called with: {
  documentUri: 'file:///c%3A/Users/user/Desktop/Project_3/_config.yml',
  position: Oo { a: 29, b: 19 },
  context: {
    selectedCompletionInfo: { range: [Hs], text: 'markdown' },
    triggerKind: 1,
    requestUuid: 'icr-8478022b-1638-45f2-97c4-7f3e8ff8acbf',
    requestIssuedDateTime: 1765996814952,
    earliestShownDateTime: 1765996814952
  },
  triggerKind: 'Automatic',
  options: undefined
}
2025-12-17 22:40:14.955 [info] Reusing pending inline completion request to avoid race condition
2025-12-17 22:40:15.513 [info] _provideInlineCompletionItems called with: {
  documentUri: 'file:///c%3A/Users/user/Desktop/Project_3/_config.yml',
  position: Oo { a: 29, b: 20 },
  context: {
    selectedCompletionInfo: { range: [Hs], text: 'markdown' },
    triggerKind: 1,
    requestUuid: 'icr-d8842af8-7e09-466e-b5ea-79769b800d9e',
    requestIssuedDateTime: 1765996815500,
    earliestShownDateTime: 1765996815500
  },
  triggerKind: 'Automatic',
  options: undefined
}
2025-12-17 22:40:15.513 [info] Reusing pending inline completion request to avoid race condition
2025-12-17 22:40:15.629 [info] [Info  - 10:40:15 PM] [2025-12-17T18:40:15.620Z] lserver: GenerateCompletion activity:
@@request metadata@@
    "endpoint": https://codewhisperer.us-east-1.amazonaws.com/,
    "predictionType": Not specified (COMPLETIONS),
    "filename": _config.yml,
    "leftContextLength": 1492,
    rightContextLength: 582,
    "language": yaml,
    "supplementalContextCount": 0,
    "request.nextToken": undefined,
@@response metadata@@
    "requestId": d1fc3357-2719-4c20-bfe4-c406d28b2de7,
    "sessionId": 8f5f5202-afcd-456c-b9e2-fa76ffda634d,
    "response.completions.length": 0,
    "response.predictions.length": 0,
    "predictionType": Not specified (COMPLETIONS),
    "latency": 667,
    "response.nextToken": ,
    "firstSuggestion": No suggestion
2025-12-17 22:40:15.629 [info] [Info  - 10:40:15 PM] [VSCode Telemetry] Emitting codewhisperer_serviceInvocation telemetry: {"codewhispererRequestId":"d1fc3357-2719-4c20-bfe4-c406d28b2de7","codewhispererSessionId":"8f5f5202-afcd-456c-b9e2-fa76ffda634d","codewhispererLastSuggestionIndex":-1,"codewhispererTriggerType":"AutoTrigger","codewhispererAutomatedTriggerType":"Classifier","duration":670,"codewhispererLineNumber":29,"codewhispererCursorOffset":19,"codewhispererLanguage":"yaml","credentialStartUrl":"https://view.awsapps.com/start","result":"Succeeded","codewhispererImportRecommendationEnabled":true}
2025-12-17 22:40:15.629 [info] [Info  - 10:40:15 PM] [VSCode Telemetry] Emitting codewhisperer_userTriggerDecision telemetry: {"codewhispererSessionId":"8f5f5202-afcd-456c-b9e2-fa76ffda634d","codewhispererFirstRequestId":"d1fc3357-2719-4c20-bfe4-c406d28b2de7","credentialStartUrl":"https://view.awsapps.com/start","codewhispererSuggestionState":"Empty","codewhispererLanguage":"yaml","codewhispererTriggerType":"AutoTrigger","codewhispererAutomatedTriggerType":"Classifier","codewhispererLineNumber":29,"codewhispererCursorOffset":19,"codewhispererSuggestionCount":0,"codewhispererClassifierResult":0.4700479807392462,"codewhispererClassifierThreshold":0.43,"codewhispererTotalShownTime":0,"codewhispererTypeaheadLength":0,"codewhispererTimeSinceLastDocumentChange":570,"codewhispererTimeToFirstRecommendation":670,"codewhispererCharactersAccepted":0,"codewhispererSuggestionImportCount":0}
2025-12-17 22:40:15.630 [info] [Info  - 10:40:15 PM] [2025-12-17T18:40:15.622Z] lserver: Invoking SendTelemetryEvent:UserTriggerDecisionEvent:
            "requestId": d1fc3357-2719-4c20-bfe4-c406d28b2de7
            "suggestionState": EMPTY
            "acceptedCharacterCount": 0
            "addedCharacterCount": 0
            "deletedCharacterCount": 0
            "streakLength": 0,
            "preprocessLatency": 1,
            "triggerToResponseLatencyMilliseconds: 670",
            "firstCompletionDisplayLatency: 0,
            "suggestionType": COMPLETIONS
            "userDecisionReason": undefined
2025-12-17 22:40:15.904 [info] Received inline completion response from LSP: { sessionId: '', latency: 953, itemCount: 0, items: [] }
2025-12-17 22:40:15.904 [info] GenerateCompletion activity:\n- number of suggestions: 0
- sessionId: 
- first suggestion content (next line):
no suggestion
- duration between trigger to before sending LSP call: 0ms
- duration between trigger to after receiving LSP response: 954ms
- duration between before sending LSP call to after receving LSP response: 954ms
Failed to produce inline suggestion results. Received 0 items from service
2025-12-17 22:40:15.904 [info] Reused request completed but this call was cancelled
2025-12-17 22:40:16.050 [info] _provideInlineCompletionItems called with: {
  documentUri: 'file:///c%3A/Users/user/Desktop/Project_3/_config.yml',
  position: Oo { a: 29, b: 21 },
  context: {
    selectedCompletionInfo: undefined,
    triggerKind: 1,
    requestUuid: 'icr-34548496-742d-4359-9c83-aa4710f661ea',
    requestIssuedDateTime: 1765996816035,
    earliestShownDateTime: 1765996816035
  },
  triggerKind: 'Automatic',
  options: undefined
}
2025-12-17 22:40:16.050 [info] Sending inline completion request: {
  method: 'aws/textDocument/inlineCompletionWithReferences',
  request: {
    textDocument: { uri: 'file:///c%3A/Users/user/Desktop/Project_3/_config.yml' },
    position: Oo { a: 29, b: 21 },
    context: { triggerKind: 1, selectedCompletionInfo: undefined },
    nextToken: undefined
  }
}
2025-12-17 22:40:16.715 [info] _provideInlineCompletionItems called with: {
  documentUri: 'file:///c%3A/Users/user/Desktop/Project_3/_config.yml',
  position: Oo { a: 29, b: 22 },
  context: {
    selectedCompletionInfo: undefined,
    triggerKind: 1,
    requestUuid: 'icr-30668e80-dc4a-4f5f-9586-549f470f55e8',
    requestIssuedDateTime: 1765996816701,
    earliestShownDateTime: 1765996816701
  },
  triggerKind: 'Automatic',
  options: undefined
}
2025-12-17 22:40:16.715 [info] Reusing pending inline completion request to avoid race condition
2025-12-17 22:40:16.765 [info] [Info  - 10:40:16 PM] [2025-12-17T18:40:16.762Z] lserver: GenerateCompletion activity:
@@request metadata@@
    "endpoint": https://codewhisperer.us-east-1.amazonaws.com/,
    "predictionType": Not specified (COMPLETIONS),
    "filename": _config.yml,
    "leftContextLength": 1494,
    rightContextLength: 582,
    "language": yaml,
    "supplementalContextCount": 0,
    "request.nextToken": undefined,
@@response metadata@@
    "requestId": 3c1d430b-03bc-44d1-bb15-6291e9fa0f11,
    "sessionId": f475870c-9d56-48c5-a21b-c5d80c2f0788,
    "response.completions.length": 0,
    "response.predictions.length": 0,
    "predictionType": Not specified (COMPLETIONS),
    "latency": 711,
    "response.nextToken": ,
    "firstSuggestion": No suggestion
2025-12-17 22:40:16.766 [info] [Info  - 10:40:16 PM] [VSCode Telemetry] Emitting codewhisperer_serviceInvocation telemetry: {"codewhispererRequestId":"3c1d430b-03bc-44d1-bb15-6291e9fa0f11","codewhispererSessionId":"f475870c-9d56-48c5-a21b-c5d80c2f0788","codewhispererLastSuggestionIndex":-1,"codewhispererTriggerType":"AutoTrigger","codewhispererAutomatedTriggerType":"Classifier","duration":711,"codewhispererLineNumber":29,"codewhispererCursorOffset":21,"codewhispererLanguage":"yaml","credentialStartUrl":"https://view.awsapps.com/start","result":"Succeeded","codewhispererImportRecommendationEnabled":true}
2025-12-17 22:40:16.766 [info] [Info  - 10:40:16 PM] [VSCode Telemetry] Emitting codewhisperer_userTriggerDecision telemetry: {"codewhispererSessionId":"f475870c-9d56-48c5-a21b-c5d80c2f0788","codewhispererFirstRequestId":"3c1d430b-03bc-44d1-bb15-6291e9fa0f11","credentialStartUrl":"https://view.awsapps.com/start","codewhispererSuggestionState":"Empty","codewhispererLanguage":"yaml","codewhispererTriggerType":"AutoTrigger","codewhispererAutomatedTriggerType":"Classifier","codewhispererLineNumber":29,"codewhispererCursorOffset":21,"codewhispererSuggestionCount":0,"codewhispererClassifierResult":0.4926465232937649,"codewhispererClassifierThreshold":0.43,"codewhispererTotalShownTime":0,"codewhispererTypeaheadLength":0,"codewhispererTimeSinceLastDocumentChange":666,"codewhispererTimeSinceLastUserDecision":430,"codewhispererTimeToFirstRecommendation":711,"codewhispererPreviousSuggestionState":"Empty","codewhispererCharactersAccepted":0,"codewhispererSuggestionImportCount":0}
2025-12-17 22:40:16.766 [info] [Info  - 10:40:16 PM] [2025-12-17T18:40:16.762Z] lserver: Invoking SendTelemetryEvent:UserTriggerDecisionEvent:
            "requestId": 3c1d430b-03bc-44d1-bb15-6291e9fa0f11
            "suggestionState": EMPTY
            "acceptedCharacterCount": 0
            "addedCharacterCount": 0
            "deletedCharacterCount": 0
            "streakLength": 0,
            "preprocessLatency": 0,
            "triggerToResponseLatencyMilliseconds: 711",
            "firstCompletionDisplayLatency: 0,
            "suggestionType": COMPLETIONS
            "userDecisionReason": undefined
2025-12-17 22:40:16.903 [info] _provideInlineCompletionItems called with: {
  documentUri: 'file:///c%3A/Users/user/Desktop/Project_3/_config.yml',
  position: Oo { a: 29, b: 23 },
  context: {
    selectedCompletionInfo: undefined,
    triggerKind: 1,
    requestUuid: 'icr-ccb5aa40-b3d7-41d3-a92e-1e0db5716014',
    requestIssuedDateTime: 1765996816893,
    earliestShownDateTime: 1765996816893
  },
  triggerKind: 'Automatic',
  options: undefined
}
2025-12-17 22:40:16.903 [info] Reusing pending inline completion request to avoid race condition
2025-12-17 22:40:17.034 [info] Received inline completion response from LSP: { sessionId: '', latency: 982, itemCount: 0, items: [] }
2025-12-17 22:40:17.034 [info] GenerateCompletion activity:\n- number of suggestions: 0
- sessionId: 
- first suggestion content (next line):
no suggestion
- duration between trigger to before sending LSP call: 0ms
- duration between trigger to after receiving LSP response: 983ms
- duration between before sending LSP call to after receving LSP response: 983ms
Failed to produce inline suggestion results. Received 0 items from service
2025-12-17 22:40:17.034 [info] Reused request completed but this call was cancelled
2025-12-17 22:40:17.065 [info] _provideInlineCompletionItems called with: {
  documentUri: 'file:///c%3A/Users/user/Desktop/Project_3/_config.yml',
  position: Oo { a: 29, b: 24 },
  context: {
    selectedCompletionInfo: undefined,
    triggerKind: 1,
    requestUuid: 'icr-18f2d1dd-d22f-4f68-b166-83c129c2c326',
    requestIssuedDateTime: 1765996817048,
    earliestShownDateTime: 1765996817048
  },
  triggerKind: 'Automatic',
  options: undefined
}
2025-12-17 22:40:17.066 [info] Sending inline completion request: {
  method: 'aws/textDocument/inlineCompletionWithReferences',
  request: {
    textDocument: { uri: 'file:///c%3A/Users/user/Desktop/Project_3/_config.yml' },
    position: Oo { a: 29, b: 24 },
    context: { triggerKind: 1, selectedCompletionInfo: undefined },
    nextToken: undefined
  }
}
2025-12-17 22:40:17.333 [info] _provideInlineCompletionItems called with: {
  documentUri: 'file:///c%3A/Users/user/Desktop/Project_3/_config.yml',
  position: Oo { a: 29, b: 25 },
  context: {
    selectedCompletionInfo: undefined,
    triggerKind: 1,
    requestUuid: 'icr-8393985d-6b15-4ff5-a78c-19ae696daa1d',
    requestIssuedDateTime: 1765996817314,
    earliestShownDateTime: 1765996817314
  },
  triggerKind: 'Automatic',
  options: undefined
}
2025-12-17 22:40:17.333 [info] Reusing pending inline completion request to avoid race condition
2025-12-17 22:40:17.748 [info] [Info  - 10:40:17 PM] [2025-12-17T18:40:17.746Z] lserver: GenerateCompletion activity:
@@request metadata@@
    "endpoint": https://codewhisperer.us-east-1.amazonaws.com/,
    "predictionType": Not specified (COMPLETIONS),
    "filename": _config.yml,
    "leftContextLength": 1497,
    rightContextLength: 582,
    "language": yaml,
    "supplementalContextCount": 0,
    "request.nextToken": undefined,
@@response metadata@@
    "requestId": 5aa6b021-789d-443b-bb48-6d93b8f06486,
    "sessionId": 22ff8b06-e2cb-43ee-ba48-12672310738f,
    "response.completions.length": 0,
    "response.predictions.length": 0,
    "predictionType": Not specified (COMPLETIONS),
    "latency": 679,
    "response.nextToken": ,
    "firstSuggestion": No suggestion
2025-12-17 22:40:17.749 [info] [Info  - 10:40:17 PM] [VSCode Telemetry] Emitting codewhisperer_serviceInvocation telemetry: {"codewhispererRequestId":"5aa6b021-789d-443b-bb48-6d93b8f06486","codewhispererSessionId":"22ff8b06-e2cb-43ee-ba48-12672310738f","codewhispererLastSuggestionIndex":-1,"codewhispererTriggerType":"AutoTrigger","codewhispererAutomatedTriggerType":"Classifier","duration":679,"codewhispererLineNumber":29,"codewhispererCursorOffset":24,"codewhispererLanguage":"yaml","credentialStartUrl":"https://view.awsapps.com/start","result":"Succeeded","codewhispererImportRecommendationEnabled":true}
2025-12-17 22:40:17.750 [info] [Info  - 10:40:17 PM] [VSCode Telemetry] Emitting codewhisperer_userTriggerDecision telemetry: {"codewhispererSessionId":"22ff8b06-e2cb-43ee-ba48-12672310738f","codewhispererFirstRequestId":"5aa6b021-789d-443b-bb48-6d93b8f06486","credentialStartUrl":"https://view.awsapps.com/start","codewhispererSuggestionState":"Empty","codewhispererLanguage":"yaml","codewhispererTriggerType":"AutoTrigger","codewhispererAutomatedTriggerType":"Classifier","codewhispererLineNumber":29,"codewhispererCursorOffset":24,"codewhispererSuggestionCount":0,"codewhispererClassifierResult":0.48703727422888854,"codewhispererClassifierThreshold":0.43,"codewhispererTotalShownTime":0,"codewhispererTypeaheadLength":0,"codewhispererTimeSinceLastDocumentChange":270,"codewhispererTimeSinceLastUserDecision":305,"codewhispererTimeToFirstRecommendation":679,"codewhispererPreviousSuggestionState":"Empty","codewhispererCharactersAccepted":0,"codewhispererSuggestionImportCount":0}
2025-12-17 22:40:17.750 [info] [Info  - 10:40:17 PM] [2025-12-17T18:40:17.746Z] lserver: Invoking SendTelemetryEvent:UserTriggerDecisionEvent:
            "requestId": 5aa6b021-789d-443b-bb48-6d93b8f06486
            "suggestionState": EMPTY
            "acceptedCharacterCount": 0
            "addedCharacterCount": 0
            "deletedCharacterCount": 0
            "streakLength": 0,
            "preprocessLatency": 0,
            "triggerToResponseLatencyMilliseconds: 679",
            "firstCompletionDisplayLatency: 0,
            "suggestionType": COMPLETIONS
            "userDecisionReason": undefined
2025-12-17 22:40:18.032 [info] Received inline completion response from LSP: { sessionId: '', latency: 965, itemCount: 0, items: [] }
2025-12-17 22:40:18.032 [info] GenerateCompletion activity:\n- number of suggestions: 0
- sessionId: 
- first suggestion content (next line):
no suggestion
- duration between trigger to before sending LSP call: 0ms
- duration between trigger to after receiving LSP response: 966ms
- duration between before sending LSP call to after receving LSP response: 966ms
Failed to produce inline suggestion results. Received 0 items from service
2025-12-17 22:40:18.032 [info] Reused request completed but this call was cancelled
2025-12-17 22:40:18.852 [info] _provideInlineCompletionItems called with: {
  documentUri: 'file:///c%3A/Users/user/Desktop/Project_3/_config.yml',
  position: Oo { a: 29, b: 24 },
  context: {
    selectedCompletionInfo: undefined,
    triggerKind: 1,
    requestUuid: 'icr-d91e677f-0972-4886-bf72-b3509daa938b',
    requestIssuedDateTime: 1765996818842,
    earliestShownDateTime: 1765996818842
  },
  triggerKind: 'Automatic',
  options: undefined
}
2025-12-17 22:40:18.853 [info] Sending inline completion request: {
  method: 'aws/textDocument/inlineCompletionWithReferences',
  request: {
    textDocument: { uri: 'file:///c%3A/Users/user/Desktop/Project_3/_config.yml' },
    position: Oo { a: 29, b: 24 },
    context: { triggerKind: 1, selectedCompletionInfo: undefined },
    nextToken: undefined
  }
}
2025-12-17 22:40:18.855 [info] Received inline completion response from LSP: { sessionId: '', latency: 2, itemCount: 0, items: [] }
2025-12-17 22:40:18.855 [info] GenerateCompletion activity:\n- number of suggestions: 0
- sessionId: 
- first suggestion content (next line):
no suggestion
- duration between trigger to before sending LSP call: 0ms
- duration between trigger to after receiving LSP response: 4ms
- duration between before sending LSP call to after receving LSP response: 4ms
Failed to produce inline suggestion results. Received 0 items from service
2025-12-17 22:40:19.037 [info] _provideInlineCompletionItems called with: {
  documentUri: 'file:///c%3A/Users/user/Desktop/Project_3/_config.yml',
  position: Oo { a: 29, b: 25 },
  context: {
    selectedCompletionInfo: undefined,
    triggerKind: 1,
    requestUuid: 'icr-6e04fa2a-c054-4382-80ef-d88380fe7cc1',
    requestIssuedDateTime: 1765996819001,
    earliestShownDateTime: 1765996819001
  },
  triggerKind: 'Automatic',
  options: undefined
}
2025-12-17 22:40:19.040 [info] Sending inline completion request: {
  method: 'aws/textDocument/inlineCompletionWithReferences',
  request: {
    textDocument: { uri: 'file:///c%3A/Users/user/Desktop/Project_3/_config.yml' },
    position: Oo { a: 29, b: 25 },
    context: { triggerKind: 1, selectedCompletionInfo: undefined },
    nextToken: undefined
  }
}
2025-12-17 22:40:19.266 [info] _provideInlineCompletionItems called with: {
  documentUri: 'file:///c%3A/Users/user/Desktop/Project_3/_config.yml',
  position: Oo { a: 29, b: 26 },
  context: {
    selectedCompletionInfo: undefined,
    triggerKind: 1,
    requestUuid: 'icr-b6b470a8-50eb-4fd4-97d4-589bd01a99df',
    requestIssuedDateTime: 1765996819256,
    earliestShownDateTime: 1765996819256
  },
  triggerKind: 'Automatic',
  options: undefined
}
2025-12-17 22:40:19.266 [info] Reusing pending inline completion request to avoid race condition
2025-12-17 22:40:19.403 [info] _provideInlineCompletionItems called with: {
  documentUri: 'file:///c%3A/Users/user/Desktop/Project_3/_config.yml',
  position: Oo { a: 29, b: 27 },
  context: {
    selectedCompletionInfo: undefined,
    triggerKind: 1,
    requestUuid: 'icr-1f7b8a16-c9dc-4ab3-b30f-afac88fec29d',
    requestIssuedDateTime: 1765996819395,
    earliestShownDateTime: 1765996819395
  },
  triggerKind: 'Automatic',
  options: undefined
}
2025-12-17 22:40:19.403 [info] Reusing pending inline completion request to avoid race condition
2025-12-17 22:40:19.532 [info] _provideInlineCompletionItems called with: {
  documentUri: 'file:///c%3A/Users/user/Desktop/Project_3/_config.yml',
  position: Oo { a: 29, b: 28 },
  context: {
    selectedCompletionInfo: undefined,
    triggerKind: 1,
    requestUuid: 'icr-c44f916c-95e9-4daf-b640-b93bcfc0dee7',
    requestIssuedDateTime: 1765996819512,
    earliestShownDateTime: 1765996819512
  },
  triggerKind: 'Automatic',
  options: undefined
}
2025-12-17 22:40:19.532 [info] Reusing pending inline completion request to avoid race condition
2025-12-17 22:40:19.848 [info] [Info  - 10:40:19 PM] [2025-12-17T18:40:19.845Z] lserver: GenerateCompletion activity:
@@request metadata@@
    "endpoint": https://codewhisperer.us-east-1.amazonaws.com/,
    "predictionType": Not specified (COMPLETIONS),
    "filename": _config.yml,
    "leftContextLength": 1498,
    rightContextLength: 582,
    "language": yaml,
    "supplementalContextCount": 0,
    "request.nextToken": undefined,
@@response metadata@@
    "requestId": 4ba144cf-aa03-4cd9-bc0d-76229e322774,
    "sessionId": 1491868a-a5aa-42b5-a988-e82250e333a3,
    "response.completions.length": 0,
    "response.predictions.length": 0,
    "predictionType": Not specified (COMPLETIONS),
    "latency": 804,
    "response.nextToken": ,
    "firstSuggestion": No suggestion
2025-12-17 22:40:19.849 [info] [Info  - 10:40:19 PM] [VSCode Telemetry] Emitting codewhisperer_serviceInvocation telemetry: {"codewhispererRequestId":"4ba144cf-aa03-4cd9-bc0d-76229e322774","codewhispererSessionId":"1491868a-a5aa-42b5-a988-e82250e333a3","codewhispererLastSuggestionIndex":-1,"codewhispererTriggerType":"AutoTrigger","codewhispererAutomatedTriggerType":"Classifier","duration":804,"codewhispererLineNumber":29,"codewhispererCursorOffset":25,"codewhispererLanguage":"yaml","credentialStartUrl":"https://view.awsapps.com/start","result":"Succeeded","codewhispererImportRecommendationEnabled":true}
2025-12-17 22:40:19.849 [info] [Info  - 10:40:19 PM] [VSCode Telemetry] Emitting codewhisperer_userTriggerDecision telemetry: {"codewhispererSessionId":"1491868a-a5aa-42b5-a988-e82250e333a3","codewhispererFirstRequestId":"4ba144cf-aa03-4cd9-bc0d-76229e322774","credentialStartUrl":"https://view.awsapps.com/start","codewhispererSuggestionState":"Empty","codewhispererLanguage":"yaml","codewhispererTriggerType":"AutoTrigger","codewhispererAutomatedTriggerType":"Classifier","codewhispererLineNumber":29,"codewhispererCursorOffset":25,"codewhispererSuggestionCount":0,"codewhispererClassifierResult":0.4794004942474015,"codewhispererClassifierThreshold":0.43,"codewhispererTotalShownTime":0,"codewhispererTypeaheadLength":0,"codewhispererTimeSinceLastDocumentChange":116,"codewhispererTimeSinceLastUserDecision":1295,"codewhispererTimeToFirstRecommendation":804,"codewhispererPreviousSuggestionState":"Empty","codewhispererCharactersAccepted":0,"codewhispererSuggestionImportCount":0}
2025-12-17 22:40:19.849 [info] [Info  - 10:40:19 PM] [2025-12-17T18:40:19.845Z] lserver: Invoking SendTelemetryEvent:UserTriggerDecisionEvent:
            "requestId": 4ba144cf-aa03-4cd9-bc0d-76229e322774
            "suggestionState": EMPTY
            "acceptedCharacterCount": 0
            "addedCharacterCount": 0
            "deletedCharacterCount": 0
            "streakLength": 0,
            "preprocessLatency": 0,
            "triggerToResponseLatencyMilliseconds: 804",
            "firstCompletionDisplayLatency: 0,
            "suggestionType": COMPLETIONS
            "userDecisionReason": undefined
2025-12-17 22:40:20.107 [info] Received inline completion response from LSP: { sessionId: '', latency: 1068, itemCount: 0, items: [] }
2025-12-17 22:40:20.107 [info] GenerateCompletion activity:\n- number of suggestions: 0
- sessionId: 
- first suggestion content (next line):
no suggestion
- duration between trigger to before sending LSP call: 0ms
- duration between trigger to after receiving LSP response: 1069ms
- duration between before sending LSP call to after receving LSP response: 1069ms
Failed to produce inline suggestion results. Received 0 items from service
2025-12-17 22:40:20.107 [info] Reused request completed but this call was cancelled
2025-12-17 22:40:20.107 [info] Reused request completed but this call was cancelled
2025-12-17 22:40:20.107 [info] Reused request completed but this call was cancelled
2025-12-17 22:40:20.611 [info] _provideInlineCompletionItems called with: {
  documentUri: 'file:///c%3A/Users/user/Desktop/Project_3/_config.yml',
  position: Oo { a: 29, b: 29 },
  context: {
    selectedCompletionInfo: undefined,
    triggerKind: 1,
    requestUuid: 'icr-5cc7e5f4-d0fd-4110-a2d7-0d2f9118f828',
    requestIssuedDateTime: 1765996820584,
    earliestShownDateTime: 1765996820584
  },
  triggerKind: 'Automatic',
  options: undefined
}
2025-12-17 22:40:20.612 [info] Sending inline completion request: {
  method: 'aws/textDocument/inlineCompletionWithReferences',
  request: {
    textDocument: { uri: 'file:///c%3A/Users/user/Desktop/Project_3/_config.yml' },
    position: Oo { a: 29, b: 29 },
    context: { triggerKind: 1, selectedCompletionInfo: undefined },
    nextToken: undefined
  }
}
2025-12-17 22:40:21.388 [info] _provideInlineCompletionItems called with: {
  documentUri: 'file:///c%3A/Users/user/Desktop/Project_3/_config.yml',
  position: Oo { a: 28, b: 25 },
  context: {
    selectedCompletionInfo: undefined,
    triggerKind: 1,
    requestUuid: 'icr-2d66ca2f-7b01-40e6-8e3b-911257f8e998',
    requestIssuedDateTime: 1765996821383,
    earliestShownDateTime: 1765996821383
  },
  triggerKind: 'Automatic',
  options: undefined
}
2025-12-17 22:40:21.388 [info] Reusing pending inline completion request to avoid race condition
2025-12-17 22:40:21.435 [info] [Info  - 10:40:21 PM] [2025-12-17T18:40:21.432Z] lserver: GenerateCompletion activity:
@@request metadata@@
    "endpoint": https://codewhisperer.us-east-1.amazonaws.com/,
    "predictionType": Not specified (COMPLETIONS),
    "filename": _config.yml,
    "leftContextLength": 1502,
    rightContextLength: 582,
    "language": yaml,
    "supplementalContextCount": 0,
    "request.nextToken": undefined,
@@response metadata@@
    "requestId": 395f45b5-ae8c-4fec-a5fc-b68b4a977474,
    "sessionId": 80993baf-18b7-4d0f-aa29-fb8d2c825efb,
    "response.completions.length": 0,
    "response.predictions.length": 0,
    "predictionType": Not specified (COMPLETIONS),
    "latency": 819,
    "response.nextToken": ,
    "firstSuggestion": No suggestion
2025-12-17 22:40:21.435 [info] [Info  - 10:40:21 PM] [VSCode Telemetry] Emitting codewhisperer_serviceInvocation telemetry: {"codewhispererRequestId":"395f45b5-ae8c-4fec-a5fc-b68b4a977474","codewhispererSessionId":"80993baf-18b7-4d0f-aa29-fb8d2c825efb","codewhispererLastSuggestionIndex":-1,"codewhispererTriggerType":"AutoTrigger","codewhispererAutomatedTriggerType":"Classifier","duration":819,"codewhispererLineNumber":29,"codewhispererCursorOffset":29,"codewhispererLanguage":"yaml","credentialStartUrl":"https://view.awsapps.com/start","result":"Succeeded","codewhispererImportRecommendationEnabled":true}
2025-12-17 22:40:21.436 [info] [Info  - 10:40:21 PM] [VSCode Telemetry] Emitting codewhisperer_userTriggerDecision telemetry: {"codewhispererSessionId":"80993baf-18b7-4d0f-aa29-fb8d2c825efb","codewhispererFirstRequestId":"395f45b5-ae8c-4fec-a5fc-b68b4a977474","credentialStartUrl":"https://view.awsapps.com/start","codewhispererSuggestionState":"Empty","codewhispererLanguage":"yaml","codewhispererTriggerType":"AutoTrigger","codewhispererAutomatedTriggerType":"Classifier","codewhispererLineNumber":29,"codewhispererCursorOffset":29,"codewhispererSuggestionCount":0,"codewhispererClassifierResult":0.44831692131197126,"codewhispererClassifierThreshold":0.43,"codewhispererTotalShownTime":0,"codewhispererTypeaheadLength":0,"codewhispererTimeSinceLastDocumentChange":1072,"codewhispererTimeSinceLastUserDecision":768,"codewhispererTimeToFirstRecommendation":819,"codewhispererPreviousSuggestionState":"Empty","codewhispererCharactersAccepted":0,"codewhispererSuggestionImportCount":0}
2025-12-17 22:40:21.436 [info] [Info  - 10:40:21 PM] [2025-12-17T18:40:21.432Z] lserver: Invoking SendTelemetryEvent:UserTriggerDecisionEvent:
            "requestId": 395f45b5-ae8c-4fec-a5fc-b68b4a977474
            "suggestionState": EMPTY
            "acceptedCharacterCount": 0
            "addedCharacterCount": 0
            "deletedCharacterCount": 0
            "streakLength": 0,
            "preprocessLatency": 0,
            "triggerToResponseLatencyMilliseconds: 819",
            "firstCompletionDisplayLatency: 0,
            "suggestionType": COMPLETIONS
            "userDecisionReason": undefined
2025-12-17 22:40:21.703 [info] Received inline completion response from LSP: { sessionId: '', latency: 1091, itemCount: 0, items: [] }
2025-12-17 22:40:21.703 [info] GenerateCompletion activity:\n- number of suggestions: 0
- sessionId: 
- first suggestion content (next line):
no suggestion
- duration between trigger to before sending LSP call: 1ms
- duration between trigger to after receiving LSP response: 1093ms
- duration between before sending LSP call to after receving LSP response: 1092ms
Failed to produce inline suggestion results. Received 0 items from service
2025-12-17 22:40:22.255 [info] _provideInlineCompletionItems called with: {
  documentUri: 'file:///c%3A/Users/user/Desktop/Project_3/_config.yml',
  position: Oo { a: 28, b: 18 },
  context: {
    selectedCompletionInfo: undefined,
    triggerKind: 1,
    requestUuid: 'icr-3d6d8b28-ed50-465e-b22c-f189a3a1bb15',
    requestIssuedDateTime: 1765996822235,
    earliestShownDateTime: 1765996822235
  },
  triggerKind: 'Automatic',
  options: undefined
}
2025-12-17 22:40:22.256 [info] Sending inline completion request: {
  method: 'aws/textDocument/inlineCompletionWithReferences',
  request: {
    textDocument: { uri: 'file:///c%3A/Users/user/Desktop/Project_3/_config.yml' },
    position: Oo { a: 28, b: 18 },
    context: { triggerKind: 1, selectedCompletionInfo: undefined },
    nextToken: undefined
  }
}
2025-12-17 22:40:22.258 [info] Received inline completion response from LSP: { sessionId: '', latency: 2, itemCount: 0, items: [] }
2025-12-17 22:40:22.258 [info] GenerateCompletion activity:\n- number of suggestions: 0
- sessionId: 
- first suggestion content (next line):
no suggestion
- duration between trigger to before sending LSP call: 0ms
- duration between trigger to after receiving LSP response: 2ms
- duration between before sending LSP call to after receving LSP response: 2ms
Failed to produce inline suggestion results. Received 0 items from service
2025-12-17 22:40:25.421 [info] _provideInlineCompletionItems called with: {
  documentUri: 'file:///c%3A/Users/user/Desktop/Project_3/_config.yml',
  position: Oo { a: 20, b: 14 },
  context: {
    selectedCompletionInfo: undefined,
    triggerKind: 1,
    requestUuid: 'icr-902a8791-24cd-4c73-aafd-d82dbd2c407c',
    requestIssuedDateTime: 1765996825418,
    earliestShownDateTime: 1765996825418
  },
  triggerKind: 'Automatic',
  options: undefined
}
2025-12-17 22:40:25.421 [info] Sending inline completion request: {
  method: 'aws/textDocument/inlineCompletionWithReferences',
  request: {
    textDocument: { uri: 'file:///c%3A/Users/user/Desktop/Project_3/_config.yml' },
    position: Oo { a: 20, b: 14 },
    context: { triggerKind: 1, selectedCompletionInfo: undefined },
    nextToken: undefined
  }
}
2025-12-17 22:40:25.423 [info] Received inline completion response from LSP: { sessionId: '', latency: 1, itemCount: 0, items: [] }
2025-12-17 22:40:25.423 [info] GenerateCompletion activity:\n- number of suggestions: 0
- sessionId: 
- first suggestion content (next line):
no suggestion
- duration between trigger to before sending LSP call: 0ms
- duration between trigger to after receiving LSP response: 2ms
- duration between before sending LSP call to after receving LSP response: 2ms
Failed to produce inline suggestion results. Received 0 items from service
2025-12-17 22:40:28.974 [info] _provideInlineCompletionItems called with: {
  documentUri: 'file:///c%3A/Users/user/Desktop/Project_3/_config.yml',
  position: Oo { a: 20, b: 7 },
  context: {
    selectedCompletionInfo: undefined,
    triggerKind: 1,
    requestUuid: 'icr-8a409c3c-4c72-432d-a0d4-87062e0fb50c',
    requestIssuedDateTime: 1765996828955,
    earliestShownDateTime: 1765996828955
  },
  triggerKind: 'Automatic',
  options: undefined
}
2025-12-17 22:40:28.976 [info] Sending inline completion request: {
  method: 'aws/textDocument/inlineCompletionWithReferences',
  request: {
    textDocument: { uri: 'file:///c%3A/Users/user/Desktop/Project_3/_config.yml' },
    position: Oo { a: 20, b: 7 },
    context: { triggerKind: 1, selectedCompletionInfo: undefined },
    nextToken: undefined
  }
}
2025-12-17 22:40:28.978 [info] Received inline completion response from LSP: { sessionId: '', latency: 3, itemCount: 0, items: [] }
2025-12-17 22:40:28.978 [info] GenerateCompletion activity:\n- number of suggestions: 0
- sessionId: 
- first suggestion content (next line):
no suggestion
- duration between trigger to before sending LSP call: 0ms
- duration between trigger to after receiving LSP response: 3ms
- duration between before sending LSP call to after receving LSP response: 3ms
Failed to produce inline suggestion results. Received 0 items from service
2025-12-17 22:40:29.207 [info] _provideInlineCompletionItems called with: {
  documentUri: 'file:///c%3A/Users/user/Desktop/Project_3/_config.yml',
  position: Oo { a: 20, b: 8 },
  context: {
    selectedCompletionInfo: undefined,
    triggerKind: 1,
    requestUuid: 'icr-01b48096-99f6-41fb-ab0a-550f31b49496',
    requestIssuedDateTime: 1765996829192,
    earliestShownDateTime: 1765996829192
  },
  triggerKind: 'Automatic',
  options: undefined
}
2025-12-17 22:40:29.207 [info] Sending inline completion request: {
  method: 'aws/textDocument/inlineCompletionWithReferences',
  request: {
    textDocument: { uri: 'file:///c%3A/Users/user/Desktop/Project_3/_config.yml' },
    position: Oo { a: 20, b: 8 },
    context: { triggerKind: 1, selectedCompletionInfo: undefined },
    nextToken: undefined
  }
}
2025-12-17 22:40:29.210 [info] _provideInlineCompletionItems called with: {
  documentUri: 'file:///c%3A/Users/user/Desktop/Project_3/_config.yml',
  position: Oo { a: 20, b: 8 },
  context: {
    selectedCompletionInfo: { range: [Hs], text: 's' },
    triggerKind: 1,
    requestUuid: 'icr-54c8d4fe-1e62-46c4-9f2a-32ce555f816e',
    requestIssuedDateTime: 1765996829207,
    earliestShownDateTime: 1765996829207
  },
  triggerKind: 'Automatic',
  options: undefined
}
2025-12-17 22:40:29.210 [info] Reusing pending inline completion request to avoid race condition
2025-12-17 22:40:29.463 [info] _provideInlineCompletionItems called with: {
  documentUri: 'file:///c%3A/Users/user/Desktop/Project_3/_config.yml',
  position: Oo { a: 20, b: 9 },
  context: {
    selectedCompletionInfo: { range: [Hs], text: 'subpath' },
    triggerKind: 1,
    requestUuid: 'icr-09164a88-1f7b-4f21-9004-8a3d020dc185',
    requestIssuedDateTime: 1765996829436,
    earliestShownDateTime: 1765996829436
  },
  triggerKind: 'Automatic',
  options: undefined
}
2025-12-17 22:40:29.464 [info] Reusing pending inline completion request to avoid race condition
2025-12-17 22:40:29.724 [info] _provideInlineCompletionItems called with: {
  documentUri: 'file:///c%3A/Users/user/Desktop/Project_3/_config.yml',
  position: Oo { a: 20, b: 10 },
  context: {
    selectedCompletionInfo: { range: [Hs], text: 'subpath' },
    triggerKind: 1,
    requestUuid: 'icr-a05a8b8c-3570-490d-9666-853845f499e0',
    requestIssuedDateTime: 1765996829712,
    earliestShownDateTime: 1765996829712
  },
  triggerKind: 'Automatic',
  options: undefined
}
2025-12-17 22:40:29.724 [info] Reusing pending inline completion request to avoid race condition
2025-12-17 22:40:29.775 [info] _provideInlineCompletionItems called with: {
  documentUri: 'file:///c%3A/Users/user/Desktop/Project_3/_config.yml',
  position: Oo { a: 20, b: 11 },
  context: {
    selectedCompletionInfo: undefined,
    triggerKind: 1,
    requestUuid: 'icr-7fab24bd-e375-46c0-a818-d2b1668c4413',
    requestIssuedDateTime: 1765996829761,
    earliestShownDateTime: 1765996829761
  },
  triggerKind: 'Automatic',
  options: undefined
}
2025-12-17 22:40:29.775 [info] Reusing pending inline completion request to avoid race condition
2025-12-17 22:40:30.042 [info] [Info  - 10:40:30 PM] [2025-12-17T18:40:30.041Z] lserver: GenerateCompletion activity:
@@request metadata@@
    "endpoint": https://codewhisperer.us-east-1.amazonaws.com/,
    "predictionType": Not specified (COMPLETIONS),
    "filename": _config.yml,
    "leftContextLength": 997,
    rightContextLength: 1062,
    "language": yaml,
    "supplementalContextCount": 0,
    "request.nextToken": undefined,
@@response metadata@@
    "requestId": c39ae7e9-3282-45de-9efa-74853070b79e,
    "sessionId": 2e401daa-23d6-44ad-89f4-8f6e7d71eb6a,
    "response.completions.length": 1,
    "response.predictions.length": 0,
    "predictionType": Not specified (COMPLETIONS),
    "latency": 833,
    "response.nextToken": AQICAHiYv83f2hWtVUDSDMc+rudruCrDuxDN1w74u9tXAFSWFQEojn4OuSyPDROUIyOsJ9hVAAABrDCCAagGCSqGSIb3DQEHBqCCAZkwggGVAgEAMIIBjgYJKoZIhvcNAQcBMB4GCWCGSAFlAwQBLjARBAxkYjLNlCuS4JhYyfECARCAggFfJoh8/jRCb61T0HIllCaYWQkMLMPwZnYbDoC4FZHNRMeQonZlLlmQmzenNfU3er2qCa410xZjl/TJdyZ9T3TdOFcQyfRtTmCYqQ9J5yC/4OmEC3bTA6tC/6STLVWir6ROkQtQRkjpC07wrP6XvP8Jf+np9eIXxkQ9JMXdjkY+qrd8ilq1JEH7Rd0fBSEj87Fq3sW/d6Lhikw6FjXBNcSQEOVPEpczppKgVlA0zovMGZ+ntnqG0uAujrvzZiPfw4UA+mQ1GWaxVtXINqAclJbf7DoF8PbwMIBl7ofj7IsTRxmHUC3QU6vhrOhgSkWoJ7rJU4W9JZMI7nD2k4jWB3Mm6FAcDsgE39hnEy0sNQwOid8Z+3StwPj7lyhMWUjkadlje80f3IIZMTf8BHQ1EDjgvJOQWS9di6rY7zHZiQLDxA9sIrPUeKrFZ1pWcsttJVHWE4Kxa1cKJeK7DZeEocF6,
    "firstSuggestion": 
ergey Maxsimov
2025-12-17 22:40:30.043 [info] [Info  - 10:40:30 PM] [VSCode Telemetry] Emitting codewhisperer_serviceInvocation telemetry: {"codewhispererRequestId":"c39ae7e9-3282-45de-9efa-74853070b79e","codewhispererSessionId":"2e401daa-23d6-44ad-89f4-8f6e7d71eb6a","codewhispererLastSuggestionIndex":0,"codewhispererCompletionType":"Line","codewhispererTriggerType":"AutoTrigger","codewhispererAutomatedTriggerType":"Classifier","duration":834,"codewhispererLineNumber":20,"codewhispererCursorOffset":8,"codewhispererLanguage":"yaml","credentialStartUrl":"https://view.awsapps.com/start","result":"Succeeded","codewhispererImportRecommendationEnabled":true}
2025-12-17 22:40:30.045 [info] Received inline completion response from LSP: {
  sessionId: '6f297e77-b39e-42df-b477-cb1b65275f13',
  latency: 835,
  itemCount: 1,
  items: [
    {
      itemId: '92f27ba4-ba0a-4905-924b-69bd4f877702',
      insertText: 'ergey Maxsimov...'
    }
  ]
}
2025-12-17 22:40:30.045 [info] found non null next token; Suggestion type is COMPLETIONS. Start pulling more items
2025-12-17 22:40:30.045 [info] GenerateCompletion activity:\n- number of suggestions: 1
- sessionId: 6f297e77-b39e-42df-b477-cb1b65275f13
- first suggestion content (next line):
ergey Maxsimov
- duration between trigger to before sending LSP call: 0ms
- duration between trigger to after receiving LSP response: 837ms
- duration between before sending LSP call to after receving LSP response: 837ms
- suggestion does not match user typeahead from insertion position. Discarding suggestion...
2025-12-17 22:40:30.045 [info] Reused request completed but this call was cancelled
2025-12-17 22:40:30.045 [info] Reused request completed but this call was cancelled
2025-12-17 22:40:30.045 [info] Reused request completed but this call was cancelled
2025-12-17 22:40:30.049 [info] [Info  - 10:40:30 PM] [VSCode Telemetry] Emitting codewhisperer_userTriggerDecision telemetry: {"codewhispererSessionId":"2e401daa-23d6-44ad-89f4-8f6e7d71eb6a","codewhispererFirstRequestId":"c39ae7e9-3282-45de-9efa-74853070b79e","credentialStartUrl":"https://view.awsapps.com/start","codewhispererSuggestionState":"Discard","codewhispererCompletionType":"Line","codewhispererLanguage":"yaml","codewhispererTriggerType":"AutoTrigger","codewhispererAutomatedTriggerType":"Classifier","codewhispererLineNumber":20,"codewhispererCursorOffset":8,"codewhispererSuggestionCount":1,"codewhispererClassifierResult":0.483794033491022,"codewhispererClassifierThreshold":0.43,"codewhispererTotalShownTime":0,"codewhispererTypeaheadLength":0,"codewhispererTimeSinceLastDocumentChange":52,"codewhispererTimeSinceLastUserDecision":7775,"codewhispererTimeToFirstRecommendation":834,"codewhispererPreviousSuggestionState":"Empty","codewhispererCharactersAccepted":0,"codewhispererSuggestionImportCount":0}
2025-12-17 22:40:30.050 [info] [Info  - 10:40:30 PM] [2025-12-17T18:40:30.048Z] lserver: Invoking SendTelemetryEvent:UserTriggerDecisionEvent:
            "requestId": c39ae7e9-3282-45de-9efa-74853070b79e
            "suggestionState": DISCARD
            "acceptedCharacterCount": 0
            "addedCharacterCount": 0
            "deletedCharacterCount": 0
            "streakLength": -1,
            "preprocessLatency": 1,
            "triggerToResponseLatencyMilliseconds: 834",
            "firstCompletionDisplayLatency: 0,
            "suggestionType": COMPLETIONS
            "userDecisionReason": undefined
2025-12-17 22:40:30.280 [info] _provideInlineCompletionItems called with: {
  documentUri: 'file:///c%3A/Users/user/Desktop/Project_3/_config.yml',
  position: Oo { a: 20, b: 10 },
  context: {
    selectedCompletionInfo: undefined,
    triggerKind: 1,
    requestUuid: 'icr-f3d1b881-b1bd-4642-9f41-117b0401b889',
    requestIssuedDateTime: 1765996830258,
    earliestShownDateTime: 1765996830258
  },
  triggerKind: 'Automatic',
  options: undefined
}
2025-12-17 22:40:30.281 [info] Sending inline completion request: {
  method: 'aws/textDocument/inlineCompletionWithReferences',
  request: {
    textDocument: { uri: 'file:///c%3A/Users/user/Desktop/Project_3/_config.yml' },
    position: Oo { a: 20, b: 10 },
    context: { triggerKind: 1, selectedCompletionInfo: undefined },
    nextToken: undefined
  }
}
2025-12-17 22:40:30.283 [info] Received inline completion response from LSP: { sessionId: '', latency: 2, itemCount: 0, items: [] }
2025-12-17 22:40:30.283 [info] GenerateCompletion activity:\n- number of suggestions: 0
- sessionId: 
- first suggestion content (next line):
no suggestion
- duration between trigger to before sending LSP call: 0ms
- duration between trigger to after receiving LSP response: 2ms
- duration between before sending LSP call to after receving LSP response: 2ms
Failed to produce inline suggestion results. Received 0 items from service
2025-12-17 22:40:30.386 [info] [Info  - 10:40:30 PM] [2025-12-17T18:40:30.385Z] lserver: GenerateCompletion activity:
@@request metadata@@
    "endpoint": https://codewhisperer.us-east-1.amazonaws.com/,
    "predictionType": Not specified (COMPLETIONS),
    "filename": _config.yml,
    "leftContextLength": 997,
    rightContextLength: 1062,
    "language": yaml,
    "supplementalContextCount": 0,
    "request.nextToken": AQICAHiYv83f2hWtVUDSDMc+rudruCrDuxDN1w74u9tXAFSWFQEojn4OuSyPDROUIyOsJ9hVAAABrDCCAagGCSqGSIb3DQEHBqCCAZkwggGVAgEAMIIBjgYJKoZIhvcNAQcBMB4GCWCGSAFlAwQBLjARBAxkYjLNlCuS4JhYyfECARCAggFfJoh8/jRCb61T0HIllCaYWQkMLMPwZnYbDoC4FZHNRMeQonZlLlmQmzenNfU3er2qCa410xZjl/TJdyZ9T3TdOFcQyfRtTmCYqQ9J5yC/4OmEC3bTA6tC/6STLVWir6ROkQtQRkjpC07wrP6XvP8Jf+np9eIXxkQ9JMXdjkY+qrd8ilq1JEH7Rd0fBSEj87Fq3sW/d6Lhikw6FjXBNcSQEOVPEpczppKgVlA0zovMGZ+ntnqG0uAujrvzZiPfw4UA+mQ1GWaxVtXINqAclJbf7DoF8PbwMIBl7ofj7IsTRxmHUC3QU6vhrOhgSkWoJ7rJU4W9JZMI7nD2k4jWB3Mm6FAcDsgE39hnEy0sNQwOid8Z+3StwPj7lyhMWUjkadlje80f3IIZMTf8BHQ1EDjgvJOQWS9di6rY7zHZiQLDxA9sIrPUeKrFZ1pWcsttJVHWE4Kxa1cKJeK7DZeEocF6,
@@response metadata@@
    "requestId": c0d00c02-5cbd-468d-9aac-cb6bb061726d,
    "sessionId": 2e401daa-23d6-44ad-89f4-8f6e7d71eb6a,
    "response.completions.length": 0,
    "response.predictions.length": 0,
    "predictionType": Not specified (COMPLETIONS),
    "latency": 339,
    "response.nextToken": ,
    "firstSuggestion": No suggestion
2025-12-17 22:40:30.387 [info] [Info  - 10:40:30 PM] [VSCode Telemetry] Emitting codewhisperer_serviceInvocation telemetry: {"codewhispererRequestId":"c0d00c02-5cbd-468d-9aac-cb6bb061726d","codewhispererSessionId":"2e401daa-23d6-44ad-89f4-8f6e7d71eb6a","codewhispererLastSuggestionIndex":0,"codewhispererCompletionType":"Line","codewhispererTriggerType":"AutoTrigger","codewhispererAutomatedTriggerType":"Classifier","duration":1178,"codewhispererLineNumber":20,"codewhispererCursorOffset":8,"codewhispererLanguage":"yaml","credentialStartUrl":"https://view.awsapps.com/start","result":"Succeeded","codewhispererImportRecommendationEnabled":true}
2025-12-17 22:40:30.431 [info] _provideInlineCompletionItems called with: {
  documentUri: 'file:///c%3A/Users/user/Desktop/Project_3/_config.yml',
  position: Oo { a: 20, b: 9 },
  context: {
    selectedCompletionInfo: undefined,
    triggerKind: 1,
    requestUuid: 'icr-ddd1a9c6-784b-4dba-8e80-b7c3f163b7da',
    requestIssuedDateTime: 1765996830405,
    earliestShownDateTime: 1765996830405
  },
  triggerKind: 'Automatic',
  options: undefined
}
2025-12-17 22:40:30.432 [info] Sending inline completion request: {
  method: 'aws/textDocument/inlineCompletionWithReferences',
  request: {
    textDocument: { uri: 'file:///c%3A/Users/user/Desktop/Project_3/_config.yml' },
    position: Oo { a: 20, b: 9 },
    context: { triggerKind: 1, selectedCompletionInfo: undefined },
    nextToken: undefined
  }
}
2025-12-17 22:40:30.433 [info] Received inline completion response from LSP: { sessionId: '', latency: 1, itemCount: 0, items: [] }
2025-12-17 22:40:30.433 [info] GenerateCompletion activity:\n- number of suggestions: 0
- sessionId: 
- first suggestion content (next line):
no suggestion
- duration between trigger to before sending LSP call: 0ms
- duration between trigger to after receiving LSP response: 3ms
- duration between before sending LSP call to after receving LSP response: 3ms
Failed to produce inline suggestion results. Received 0 items from service
2025-12-17 22:40:30.543 [info] _provideInlineCompletionItems called with: {
  documentUri: 'file:///c%3A/Users/user/Desktop/Project_3/_config.yml',
  position: Oo { a: 20, b: 8 },
  context: {
    selectedCompletionInfo: undefined,
    triggerKind: 1,
    requestUuid: 'icr-eedeecee-40f7-481f-9041-5c0216ea3efc',
    requestIssuedDateTime: 1765996830535,
    earliestShownDateTime: 1765996830535
  },
  triggerKind: 'Automatic',
  options: undefined
}
2025-12-17 22:40:30.544 [info] Sending inline completion request: {
  method: 'aws/textDocument/inlineCompletionWithReferences',
  request: {
    textDocument: { uri: 'file:///c%3A/Users/user/Desktop/Project_3/_config.yml' },
    position: Oo { a: 20, b: 8 },
    context: { triggerKind: 1, selectedCompletionInfo: undefined },
    nextToken: undefined
  }
}
2025-12-17 22:40:30.546 [info] Received inline completion response from LSP: { sessionId: '', latency: 2, itemCount: 0, items: [] }
2025-12-17 22:40:30.546 [info] GenerateCompletion activity:\n- number of suggestions: 0
- sessionId: 
- first suggestion content (next line):
no suggestion
- duration between trigger to before sending LSP call: 0ms
- duration between trigger to after receiving LSP response: 2ms
- duration between before sending LSP call to after receving LSP response: 2ms
Failed to produce inline suggestion results. Received 0 items from service
2025-12-17 22:40:30.995 [info] _provideInlineCompletionItems called with: {
  documentUri: 'file:///c%3A/Users/user/Desktop/Project_3/_config.yml',
  position: Oo { a: 20, b: 9 },
  context: {
    selectedCompletionInfo: undefined,
    triggerKind: 1,
    requestUuid: 'icr-0ecfc93c-431a-422c-b928-c5ce1d864b02',
    requestIssuedDateTime: 1765996830980,
    earliestShownDateTime: 1765996830980
  },
  triggerKind: 'Automatic',
  options: undefined
}
2025-12-17 22:40:30.995 [info] _provideInlineCompletionItems called with: {
  documentUri: 'file:///c%3A/Users/user/Desktop/Project_3/_config.yml',
  position: Oo { a: 20, b: 9 },
  context: {
    selectedCompletionInfo: { range: [Hs], text: 'Site' },
    triggerKind: 1,
    requestUuid: 'icr-bb9dccf1-2ecf-4134-b485-c225f6349cf4',
    requestIssuedDateTime: 1765996830992,
    earliestShownDateTime: 1765996830992
  },
  triggerKind: 'Automatic',
  options: undefined
}
2025-12-17 22:40:30.995 [info] Reusing pending inline completion request to avoid race condition
2025-12-17 22:40:30.996 [info] Sending inline completion request: {
  method: 'aws/textDocument/inlineCompletionWithReferences',
  request: {
    textDocument: { uri: 'file:///c%3A/Users/user/Desktop/Project_3/_config.yml' },
    position: Oo { a: 20, b: 9 },
    context: { triggerKind: 1, selectedCompletionInfo: undefined },
    nextToken: undefined
  }
}
2025-12-17 22:40:31.197 [info] _provideInlineCompletionItems called with: {
  documentUri: 'file:///c%3A/Users/user/Desktop/Project_3/_config.yml',
  position: Oo { a: 20, b: 10 },
  context: {
    selectedCompletionInfo: { range: [Hs], text: 'Site' },
    triggerKind: 1,
    requestUuid: 'icr-73e3a517-0860-415b-8cdc-593053660102',
    requestIssuedDateTime: 1765996831176,
    earliestShownDateTime: 1765996831176
  },
  triggerKind: 'Automatic',
  options: undefined
}
2025-12-17 22:40:31.197 [info] Reusing pending inline completion request to avoid race condition
2025-12-17 22:40:31.278 [info] _provideInlineCompletionItems called with: {
  documentUri: 'file:///c%3A/Users/user/Desktop/Project_3/_config.yml',
  position: Oo { a: 20, b: 11 },
  context: {
    selectedCompletionInfo: { range: [Hs], text: 'Site' },
    triggerKind: 1,
    requestUuid: 'icr-650dd4bd-b5a2-46f6-85c7-8369d0cb2e56',
    requestIssuedDateTime: 1765996831258,
    earliestShownDateTime: 1765996831258
  },
  triggerKind: 'Automatic',
  options: undefined
}
2025-12-17 22:40:31.278 [info] Reusing pending inline completion request to avoid race condition
2025-12-17 22:40:31.392 [info] _provideInlineCompletionItems called with: {
  documentUri: 'file:///c%3A/Users/user/Desktop/Project_3/_config.yml',
  position: Oo { a: 20, b: 12 },
  context: {
    selectedCompletionInfo: undefined,
    triggerKind: 1,
    requestUuid: 'icr-903a707d-59e1-4eab-8b11-b47ffa291cf2',
    requestIssuedDateTime: 1765996831382,
    earliestShownDateTime: 1765996831382
  },
  triggerKind: 'Automatic',
  options: undefined
}
2025-12-17 22:40:31.393 [info] Reusing pending inline completion request to avoid race condition
2025-12-17 22:40:31.980 [info] _provideInlineCompletionItems called with: {
  documentUri: 'file:///c%3A/Users/user/Desktop/Project_3/_config.yml',
  position: Oo { a: 20, b: 13 },
  context: {
    selectedCompletionInfo: undefined,
    triggerKind: 1,
    requestUuid: 'icr-e640dad1-0d66-4e7d-aafc-f9b0f3a7a7a7',
    requestIssuedDateTime: 1765996831959,
    earliestShownDateTime: 1765996831959
  },
  triggerKind: 'Automatic',
  options: undefined
}
2025-12-17 22:40:31.980 [info] Reusing pending inline completion request to avoid race condition
2025-12-17 22:40:31.980 [info] _provideInlineCompletionItems called with: {
  documentUri: 'file:///c%3A/Users/user/Desktop/Project_3/_config.yml',
  position: Oo { a: 20, b: 13 },
  context: {
    selectedCompletionInfo: { range: [Hs], text: 'path' },
    triggerKind: 1,
    requestUuid: 'icr-203d305d-de2a-4e41-9625-db4840890999',
    requestIssuedDateTime: 1765996831974,
    earliestShownDateTime: 1765996831974
  },
  triggerKind: 'Automatic',
  options: undefined
}
2025-12-17 22:40:31.980 [info] Reusing pending inline completion request to avoid race condition
2025-12-17 22:40:32.080 [info] _provideInlineCompletionItems called with: {
  documentUri: 'file:///c%3A/Users/user/Desktop/Project_3/_config.yml',
  position: Oo { a: 20, b: 14 },
  context: {
    selectedCompletionInfo: { range: [Hs], text: 'process' },
    triggerKind: 1,
    requestUuid: 'icr-4a98e48d-dc9f-4a97-bffc-047816bffac8',
    requestIssuedDateTime: 1765996832061,
    earliestShownDateTime: 1765996832061
  },
  triggerKind: 'Automatic',
  options: undefined
}
2025-12-17 22:40:32.080 [info] Reusing pending inline completion request to avoid race condition
2025-12-17 22:40:32.166 [info] _provideInlineCompletionItems called with: {
  documentUri: 'file:///c%3A/Users/user/Desktop/Project_3/_config.yml',
  position: Oo { a: 20, b: 15 },
  context: {
    selectedCompletionInfo: { range: [Hs], text: 'process' },
    triggerKind: 1,
    requestUuid: 'icr-6a15a55a-8b40-4cf7-a56d-b0a2c432e47c',
    requestIssuedDateTime: 1765996832158,
    earliestShownDateTime: 1765996832158
  },
  triggerKind: 'Automatic',
  options: undefined
}
2025-12-17 22:40:32.166 [info] Reusing pending inline completion request to avoid race condition
2025-12-17 22:40:32.195 [info] [Info  - 10:40:32 PM] [2025-12-17T18:40:32.194Z] lserver: GenerateCompletion activity:
@@request metadata@@
    "endpoint": https://codewhisperer.us-east-1.amazonaws.com/,
    "predictionType": Not specified (COMPLETIONS),
    "filename": _config.yml,
    "leftContextLength": 998,
    rightContextLength: 1062,
    "language": yaml,
    "supplementalContextCount": 0,
    "request.nextToken": undefined,
@@response metadata@@
    "requestId": 460a6f3a-774b-48fa-9871-34cac9787496,
    "sessionId": fb5da299-aacd-4ffc-b465-1af77ba17e1e,
    "response.completions.length": 0,
    "response.predictions.length": 0,
    "predictionType": Not specified (COMPLETIONS),
    "latency": 1198,
    "response.nextToken": ,
    "firstSuggestion": No suggestion
2025-12-17 22:40:32.195 [info] [Info  - 10:40:32 PM] [VSCode Telemetry] Emitting codewhisperer_serviceInvocation telemetry: {"codewhispererRequestId":"460a6f3a-774b-48fa-9871-34cac9787496","codewhispererSessionId":"fb5da299-aacd-4ffc-b465-1af77ba17e1e","codewhispererLastSuggestionIndex":-1,"codewhispererTriggerType":"AutoTrigger","codewhispererAutomatedTriggerType":"Classifier","duration":1198,"codewhispererLineNumber":20,"codewhispererCursorOffset":9,"codewhispererLanguage":"yaml","credentialStartUrl":"https://view.awsapps.com/start","result":"Succeeded","codewhispererImportRecommendationEnabled":true}
2025-12-17 22:40:32.196 [info] [Info  - 10:40:32 PM] [VSCode Telemetry] Emitting codewhisperer_userTriggerDecision telemetry: {"codewhispererSessionId":"fb5da299-aacd-4ffc-b465-1af77ba17e1e","codewhispererFirstRequestId":"460a6f3a-774b-48fa-9871-34cac9787496","credentialStartUrl":"https://view.awsapps.com/start","codewhispererSuggestionState":"Empty","codewhispererLanguage":"yaml","codewhispererTriggerType":"AutoTrigger","codewhispererAutomatedTriggerType":"Classifier","codewhispererLineNumber":20,"codewhispererCursorOffset":9,"codewhispererSuggestionCount":0,"codewhispererClassifierResult":0.46900759742921877,"codewhispererClassifierThreshold":0.43,"codewhispererTotalShownTime":0,"codewhispererTypeaheadLength":0,"codewhispererTimeSinceLastDocumentChange":100,"codewhispererTimeSinceLastUserDecision":948,"codewhispererTimeToFirstRecommendation":1198,"codewhispererPreviousSuggestionState":"Discard","codewhispererCharactersAccepted":0,"codewhispererSuggestionImportCount":0}
2025-12-17 22:40:32.196 [info] [Info  - 10:40:32 PM] [2025-12-17T18:40:32.194Z] lserver: Invoking SendTelemetryEvent:UserTriggerDecisionEvent:
            "requestId": 460a6f3a-774b-48fa-9871-34cac9787496
            "suggestionState": EMPTY
            "acceptedCharacterCount": 0
            "addedCharacterCount": 0
            "deletedCharacterCount": 0
            "streakLength": 0,
            "preprocessLatency": 0,
            "triggerToResponseLatencyMilliseconds: 1198",
            "firstCompletionDisplayLatency: 0,
            "suggestionType": COMPLETIONS
            "userDecisionReason": undefined
2025-12-17 22:40:32.444 [info] _provideInlineCompletionItems called with: {
  documentUri: 'file:///c%3A/Users/user/Desktop/Project_3/_config.yml',
  position: Oo { a: 20, b: 16 },
  context: {
    selectedCompletionInfo: undefined,
    triggerKind: 1,
    requestUuid: 'icr-ea765ce0-45ae-4a5d-9cea-f4e3e3b30f8f',
    requestIssuedDateTime: 1765996832433,
    earliestShownDateTime: 1765996832433
  },
  triggerKind: 'Automatic',
  options: undefined
}
2025-12-17 22:40:32.444 [info] Reusing pending inline completion request to avoid race condition
2025-12-17 22:40:32.454 [info] Received inline completion response from LSP: { sessionId: '', latency: 1455, itemCount: 0, items: [] }
2025-12-17 22:40:32.454 [info] GenerateCompletion activity:\n- number of suggestions: 0
- sessionId: 
- first suggestion content (next line):
no suggestion
- duration between trigger to before sending LSP call: 0ms
- duration between trigger to after receiving LSP response: 1457ms
- duration between before sending LSP call to after receving LSP response: 1457ms
Failed to produce inline suggestion results. Received 0 items from service
2025-12-17 22:40:32.454 [info] Reused request completed but this call was cancelled
2025-12-17 22:40:32.454 [info] Reused request completed but this call was cancelled
2025-12-17 22:40:32.454 [info] Reused request completed but this call was cancelled
2025-12-17 22:40:32.454 [info] Reused request completed but this call was cancelled
2025-12-17 22:40:32.454 [info] Reused request completed but this call was cancelled
2025-12-17 22:40:32.454 [info] Reused request completed but this call was cancelled
2025-12-17 22:40:32.454 [info] Reused request completed but this call was cancelled
2025-12-17 22:40:32.454 [info] Reused request completed but this call was cancelled
2025-12-17 22:40:32.552 [info] _provideInlineCompletionItems called with: {
  documentUri: 'file:///c%3A/Users/user/Desktop/Project_3/_config.yml',
  position: Oo { a: 20, b: 17 },
  context: {
    selectedCompletionInfo: undefined,
    triggerKind: 1,
    requestUuid: 'icr-2f68540d-fc63-4564-8219-4f028273221f',
    requestIssuedDateTime: 1765996832526,
    earliestShownDateTime: 1765996832526
  },
  triggerKind: 'Automatic',
  options: undefined
}
2025-12-17 22:40:32.553 [info] Sending inline completion request: {
  method: 'aws/textDocument/inlineCompletionWithReferences',
  request: {
    textDocument: { uri: 'file:///c%3A/Users/user/Desktop/Project_3/_config.yml' },
    position: Oo { a: 20, b: 17 },
    context: { triggerKind: 1, selectedCompletionInfo: undefined },
    nextToken: undefined
  }
}
2025-12-17 22:40:32.676 [info] _provideInlineCompletionItems called with: {
  documentUri: 'file:///c%3A/Users/user/Desktop/Project_3/_config.yml',
  position: Oo { a: 20, b: 18 },
  context: {
    selectedCompletionInfo: undefined,
    triggerKind: 1,
    requestUuid: 'icr-0b79cb75-8f0b-44c5-b215-0dc7320e292f',
    requestIssuedDateTime: 1765996832655,
    earliestShownDateTime: 1765996832655
  },
  triggerKind: 'Automatic',
  options: undefined
}
2025-12-17 22:40:32.676 [info] Reusing pending inline completion request to avoid race condition
2025-12-17 22:40:32.759 [info] _provideInlineCompletionItems called with: {
  documentUri: 'file:///c%3A/Users/user/Desktop/Project_3/_config.yml',
  position: Oo { a: 20, b: 19 },
  context: {
    selectedCompletionInfo: undefined,
    triggerKind: 1,
    requestUuid: 'icr-4bb55da5-b7f9-4987-a48a-3d697b4023a7',
    requestIssuedDateTime: 1765996832745,
    earliestShownDateTime: 1765996832745
  },
  triggerKind: 'Automatic',
  options: undefined
}
2025-12-17 22:40:32.760 [info] Reusing pending inline completion request to avoid race condition
2025-12-17 22:40:32.852 [info] _provideInlineCompletionItems called with: {
  documentUri: 'file:///c%3A/Users/user/Desktop/Project_3/_config.yml',
  position: Oo { a: 20, b: 20 },
  context: {
    selectedCompletionInfo: undefined,
    triggerKind: 1,
    requestUuid: 'icr-c286b8a6-1750-45a3-9ab9-3a9bf16c12df',
    requestIssuedDateTime: 1765996832824,
    earliestShownDateTime: 1765996832824
  },
  triggerKind: 'Automatic',
  options: undefined
}
2025-12-17 22:40:32.852 [info] Reusing pending inline completion request to avoid race condition
2025-12-17 22:40:33.095 [info] _provideInlineCompletionItems called with: {
  documentUri: 'file:///c%3A/Users/user/Desktop/Project_3/_config.yml',
  position: Oo { a: 20, b: 21 },
  context: {
    selectedCompletionInfo: undefined,
    triggerKind: 1,
    requestUuid: 'icr-96362b73-f744-42b0-8e14-60ef9dcf9fb0',
    requestIssuedDateTime: 1765996833087,
    earliestShownDateTime: 1765996833087
  },
  triggerKind: 'Automatic',
  options: undefined
}
2025-12-17 22:40:33.095 [info] Reusing pending inline completion request to avoid race condition
2025-12-17 22:40:33.241 [info] [Info  - 10:40:33 PM] [2025-12-17T18:40:33.237Z] lserver: GenerateCompletion activity:
@@request metadata@@
    "endpoint": https://codewhisperer.us-east-1.amazonaws.com/,
    "predictionType": Not specified (COMPLETIONS),
    "filename": _config.yml,
    "leftContextLength": 1006,
    rightContextLength: 1062,
    "language": yaml,
    "supplementalContextCount": 0,
    "request.nextToken": undefined,
@@response metadata@@
    "requestId": 9ddad6aa-5c85-48d7-ac1e-64b4f3dc19e7,
    "sessionId": 50c6b5ea-c102-43ad-9ced-98f56ad48f44,
    "response.completions.length": 0,
    "response.predictions.length": 0,
    "predictionType": Not specified (COMPLETIONS),
    "latency": 684,
    "response.nextToken": ,
    "firstSuggestion": No suggestion
2025-12-17 22:40:33.241 [info] [Info  - 10:40:33 PM] [VSCode Telemetry] Emitting codewhisperer_serviceInvocation telemetry: {"codewhispererRequestId":"9ddad6aa-5c85-48d7-ac1e-64b4f3dc19e7","codewhispererSessionId":"50c6b5ea-c102-43ad-9ced-98f56ad48f44","codewhispererLastSuggestionIndex":-1,"codewhispererTriggerType":"AutoTrigger","codewhispererAutomatedTriggerType":"Classifier","duration":684,"codewhispererLineNumber":20,"codewhispererCursorOffset":17,"codewhispererLanguage":"yaml","credentialStartUrl":"https://view.awsapps.com/start","result":"Succeeded","codewhispererImportRecommendationEnabled":true}
2025-12-17 22:40:33.241 [info] [Info  - 10:40:33 PM] [VSCode Telemetry] Emitting codewhisperer_userTriggerDecision telemetry: {"codewhispererSessionId":"50c6b5ea-c102-43ad-9ced-98f56ad48f44","codewhispererFirstRequestId":"9ddad6aa-5c85-48d7-ac1e-64b4f3dc19e7","credentialStartUrl":"https://view.awsapps.com/start","codewhispererSuggestionState":"Empty","codewhispererLanguage":"yaml","codewhispererTriggerType":"AutoTrigger","codewhispererAutomatedTriggerType":"Classifier","codewhispererLineNumber":20,"codewhispererCursorOffset":17,"codewhispererSuggestionCount":0,"codewhispererClassifierResult":0.4904796331153405,"codewhispererClassifierThreshold":0.43,"codewhispererTotalShownTime":0,"codewhispererTypeaheadLength":0,"codewhispererTimeSinceLastDocumentChange":259,"codewhispererTimeSinceLastUserDecision":359,"codewhispererTimeToFirstRecommendation":684,"codewhispererPreviousSuggestionState":"Empty","codewhispererCharactersAccepted":0,"codewhispererSuggestionImportCount":0}
2025-12-17 22:40:33.242 [info] [Info  - 10:40:33 PM] [2025-12-17T18:40:33.238Z] lserver: Invoking SendTelemetryEvent:UserTriggerDecisionEvent:
            "requestId": 9ddad6aa-5c85-48d7-ac1e-64b4f3dc19e7
            "suggestionState": EMPTY
            "acceptedCharacterCount": 0
            "addedCharacterCount": 0
            "deletedCharacterCount": 0
            "streakLength": 0,
            "preprocessLatency": 0,
            "triggerToResponseLatencyMilliseconds: 684",
            "firstCompletionDisplayLatency: 0,
            "suggestionType": COMPLETIONS
            "userDecisionReason": undefined
2025-12-17 22:40:33.505 [info] Received inline completion response from LSP: { sessionId: '', latency: 952, itemCount: 0, items: [] }
2025-12-17 22:40:33.505 [info] GenerateCompletion activity:\n- number of suggestions: 0
- sessionId: 
- first suggestion content (next line):
no suggestion
- duration between trigger to before sending LSP call: 0ms
- duration between trigger to after receiving LSP response: 952ms
- duration between before sending LSP call to after receving LSP response: 952ms
Failed to produce inline suggestion results. Received 0 items from service
2025-12-17 22:40:33.505 [info] Reused request completed but this call was cancelled
2025-12-17 22:40:33.505 [info] Reused request completed but this call was cancelled
2025-12-17 22:40:33.505 [info] Reused request completed but this call was cancelled
2025-12-17 22:40:34.415 [info] _provideInlineCompletionItems called with: {
  documentUri: 'file:///c%3A/Users/user/Desktop/Project_3/_config.yml',
  position: Oo { a: 20, b: 21 },
  context: {
    selectedCompletionInfo: undefined,
    triggerKind: 0,
    requestUuid: 'icr-f3246f9b-bff8-4e48-8c37-6e2d1f5cd776',
    requestIssuedDateTime: 1765996834412,
    earliestShownDateTime: 1765996834412
  },
  triggerKind: 'Invoke',
  options: undefined
}
2025-12-17 22:40:34.416 [info] Sending inline completion request: {
  method: 'aws/textDocument/inlineCompletionWithReferences',
  request: {
    textDocument: { uri: 'file:///c%3A/Users/user/Desktop/Project_3/_config.yml' },
    position: Oo { a: 20, b: 21 },
    context: { triggerKind: 1, selectedCompletionInfo: undefined },
    nextToken: undefined
  }
}
2025-12-17 22:40:34.418 [info] Received inline completion response from LSP: { sessionId: '', latency: 3, itemCount: 0, items: [] }
2025-12-17 22:40:34.418 [info] GenerateCompletion activity:\n- number of suggestions: 0
- sessionId: 
- first suggestion content (next line):
no suggestion
- duration between trigger to before sending LSP call: 0ms
- duration between trigger to after receiving LSP response: 3ms
- duration between before sending LSP call to after receving LSP response: 3ms
Failed to produce inline suggestion results. Received 0 items from service
2025-12-17 22:40:35.016 [info] _provideInlineCompletionItems called with: {
  documentUri: 'file:///c%3A/Users/user/Desktop/Project_3/_config.yml',
  position: Oo { a: 21, b: 7 },
  context: {
    selectedCompletionInfo: undefined,
    triggerKind: 1,
    requestUuid: 'icr-dabdb8c0-b733-4d11-8ba8-95d1d342abc8',
    requestIssuedDateTime: 1765996835010,
    earliestShownDateTime: 1765996835010
  },
  triggerKind: 'Automatic',
  options: undefined
}
2025-12-17 22:40:35.017 [info] Sending inline completion request: {
  method: 'aws/textDocument/inlineCompletionWithReferences',
  request: {
    textDocument: { uri: 'file:///c%3A/Users/user/Desktop/Project_3/_config.yml' },
    position: Oo { a: 21, b: 7 },
    context: { triggerKind: 1, selectedCompletionInfo: undefined },
    nextToken: undefined
  }
}
2025-12-17 22:40:35.019 [info] Received inline completion response from LSP: { sessionId: '', latency: 2, itemCount: 0, items: [] }
2025-12-17 22:40:35.019 [info] GenerateCompletion activity:\n- number of suggestions: 0
- sessionId: 
- first suggestion content (next line):
no suggestion
- duration between trigger to before sending LSP call: 0ms
- duration between trigger to after receiving LSP response: 3ms
- duration between before sending LSP call to after receving LSP response: 3ms
Failed to produce inline suggestion results. Received 0 items from service
2025-12-17 22:40:36.813 [info] _provideInlineCompletionItems called with: {
  documentUri: 'file:///c%3A/Users/user/Desktop/Project_3/_config.yml',
  position: Oo { a: 21, b: 7 },
  context: {
    selectedCompletionInfo: undefined,
    triggerKind: 1,
    requestUuid: 'icr-3071a056-bc22-40f5-a519-330b11e56ff6',
    requestIssuedDateTime: 1765996836801,
    earliestShownDateTime: 1765996836801
  },
  triggerKind: 'Automatic',
  options: undefined
}
2025-12-17 22:40:36.814 [info] Sending inline completion request: {
  method: 'aws/textDocument/inlineCompletionWithReferences',
  request: {
    textDocument: { uri: 'file:///c%3A/Users/user/Desktop/Project_3/_config.yml' },
    position: Oo { a: 21, b: 7 },
    context: { triggerKind: 1, selectedCompletionInfo: undefined },
    nextToken: undefined
  }
}
2025-12-17 22:40:36.816 [info] Received inline completion response from LSP: { sessionId: '', latency: 2, itemCount: 0, items: [] }
2025-12-17 22:40:36.816 [info] GenerateCompletion activity:\n- number of suggestions: 0
- sessionId: 
- first suggestion content (next line):
no suggestion
- duration between trigger to before sending LSP call: 0ms
- duration between trigger to after receiving LSP response: 3ms
- duration between before sending LSP call to after receving LSP response: 3ms
Failed to produce inline suggestion results. Received 0 items from service
2025-12-17 22:40:37.786 [info] _provideInlineCompletionItems called with: {
  documentUri: 'file:///c%3A/Users/user/Desktop/Project_3/_config.yml',
  position: Oo { a: 21, b: 8 },
  context: {
    selectedCompletionInfo: undefined,
    triggerKind: 1,
    requestUuid: 'icr-1a6e058d-605e-4c91-91e6-2cfca14ba6e5',
    requestIssuedDateTime: 1765996837759,
    earliestShownDateTime: 1765996837759
  },
  triggerKind: 'Automatic',
  options: undefined
}
2025-12-17 22:40:37.786 [info] _provideInlineCompletionItems called with: {
  documentUri: 'file:///c%3A/Users/user/Desktop/Project_3/_config.yml',
  position: Oo { a: 21, b: 8 },
  context: {
    selectedCompletionInfo: { range: [Hs], text: 'accessed' },
    triggerKind: 1,
    requestUuid: 'icr-46c77fc5-b8ce-4b9a-95f8-1c68f14c2342',
    requestIssuedDateTime: 1765996837780,
    earliestShownDateTime: 1765996837780
  },
  triggerKind: 'Automatic',
  options: undefined
}
2025-12-17 22:40:37.786 [info] Reusing pending inline completion request to avoid race condition
2025-12-17 22:40:37.788 [info] Sending inline completion request: {
  method: 'aws/textDocument/inlineCompletionWithReferences',
  request: {
    textDocument: { uri: 'file:///c%3A/Users/user/Desktop/Project_3/_config.yml' },
    position: Oo { a: 21, b: 8 },
    context: { triggerKind: 1, selectedCompletionInfo: undefined },
    nextToken: undefined
  }
}
2025-12-17 22:40:37.848 [info] _provideInlineCompletionItems called with: {
  documentUri: 'file:///c%3A/Users/user/Desktop/Project_3/_config.yml',
  position: Oo { a: 21, b: 9 },
  context: {
    selectedCompletionInfo: undefined,
    triggerKind: 1,
    requestUuid: 'icr-d415b5bb-dbff-4389-9ba6-a57a714069ce',
    requestIssuedDateTime: 1765996837840,
    earliestShownDateTime: 1765996837840
  },
  triggerKind: 'Automatic',
  options: undefined
}
2025-12-17 22:40:37.848 [info] Reusing pending inline completion request to avoid race condition
2025-12-17 22:40:38.064 [info] _provideInlineCompletionItems called with: {
  documentUri: 'file:///c%3A/Users/user/Desktop/Project_3/_config.yml',
  position: Oo { a: 21, b: 10 },
  context: {
    selectedCompletionInfo: undefined,
    triggerKind: 1,
    requestUuid: 'icr-69261793-29e9-4b33-9116-f2b2aa94acc7',
    requestIssuedDateTime: 1765996838049,
    earliestShownDateTime: 1765996838049
  },
  triggerKind: 'Automatic',
  options: undefined
}
2025-12-17 22:40:38.064 [info] Reusing pending inline completion request to avoid race condition
2025-12-17 22:40:38.113 [info] _provideInlineCompletionItems called with: {
  documentUri: 'file:///c%3A/Users/user/Desktop/Project_3/_config.yml',
  position: Oo { a: 21, b: 11 },
  context: {
    selectedCompletionInfo: undefined,
    triggerKind: 1,
    requestUuid: 'icr-db349f3c-bb2e-44be-96ac-56544f7fe076',
    requestIssuedDateTime: 1765996838104,
    earliestShownDateTime: 1765996838104
  },
  triggerKind: 'Automatic',
  options: undefined
}
2025-12-17 22:40:38.113 [info] Reusing pending inline completion request to avoid race condition
2025-12-17 22:40:38.609 [info] [Info  - 10:40:38 PM] [2025-12-17T18:40:38.607Z] lserver: GenerateCompletion activity:
@@request metadata@@
    "endpoint": https://codewhisperer.us-east-1.amazonaws.com/,
    "predictionType": Not specified (COMPLETIONS),
    "filename": _config.yml,
    "leftContextLength": 1019,
    rightContextLength: 1032,
    "language": yaml,
    "supplementalContextCount": 0,
    "request.nextToken": undefined,
@@response metadata@@
    "requestId": aa20e062-1001-45e3-b174-732549a988ca,
    "sessionId": 6f0fcb58-90aa-4cc8-b846-3efb213461ed,
    "response.completions.length": 1,
    "response.predictions.length": 0,
    "predictionType": Not specified (COMPLETIONS),
    "latency": 817,
    "response.nextToken": AQICAHiYv83f2hWtVUDSDMc+rudruCrDuxDN1w74u9tXAFSWFQFr4WPZ8Kf95o6qnReHF+OjAAABrDCCAagGCSqGSIb3DQEHBqCCAZkwggGVAgEAMIIBjgYJKoZIhvcNAQcBMB4GCWCGSAFlAwQBLjARBAy4yDvx6x0UuxcWZ+cCARCAggFfZaTzUHp5w/oT+qx/bleL3cJBzzhhbKGiegDLuMK6FqcyAXnOblaxekVx8TelujZSp7gOGq/myKTHlMxbnDzdXVVBlNXZj8MVxC2Ih8qW2sdwikGAASPQ2ExZWlASXDyYNVEm5eMV8LAm/q4+w3mc0kpWv2b9TOIUuFIfGCKR4GidHreYVEEmm39RWtobthnGLh1uP0EP5qYWJsDO3SUoUvbgF1gHM6kevR63/rmIm2QaBd1u5Z4NJJ4zluhS6J/kVDAsFxQLrz2AJeRkdJ+4OBJasqk72Uvbb73FIYjc557QiGZ+cDsvLJqoMF5TQ0WRHn2S2sMmOSfyFvJvTI8J3jJQvMrssQPdnw51OLRqdTy0vn11nSZiNwhmTQQEc7nTwNR1ucUaBzwkoSowW0/NJP/Dt504GPtxvOQ18AgfUSxzpX4IOXUH9GuHUvreDenKIG2zyBi23/Tw0qnLg4Jt,
    "firstSuggestion": 

2025-12-17 22:40:38.609 [info] [Info  - 10:40:38 PM] [VSCode Telemetry] Emitting codewhisperer_serviceInvocation telemetry: {"codewhispererRequestId":"aa20e062-1001-45e3-b174-732549a988ca","codewhispererSessionId":"6f0fcb58-90aa-4cc8-b846-3efb213461ed","codewhispererLastSuggestionIndex":0,"codewhispererCompletionType":"Line","codewhispererTriggerType":"AutoTrigger","codewhispererAutomatedTriggerType":"Classifier","duration":817,"codewhispererLineNumber":21,"codewhispererCursorOffset":8,"codewhispererLanguage":"yaml","credentialStartUrl":"https://view.awsapps.com/start","result":"Succeeded","codewhispererImportRecommendationEnabled":true}
2025-12-17 22:40:38.611 [info] Received inline completion response from LSP: { sessionId: '', latency: 823, itemCount: 0, items: [] }
2025-12-17 22:40:38.611 [info] GenerateCompletion activity:\n- number of suggestions: 0
- sessionId: 
- first suggestion content (next line):
no suggestion
- duration between trigger to before sending LSP call: 0ms
- duration between trigger to after receiving LSP response: 825ms
- duration between before sending LSP call to after receving LSP response: 825ms
Failed to produce inline suggestion results. Received 0 items from service
2025-12-17 22:40:38.611 [info] Reused request completed but this call was cancelled
2025-12-17 22:40:38.611 [info] Reused request completed but this call was cancelled
2025-12-17 22:40:38.611 [info] Reused request completed but this call was cancelled
2025-12-17 22:40:38.881 [info] _provideInlineCompletionItems called with: {
  documentUri: 'file:///c%3A/Users/user/Desktop/Project_3/_config.yml',
  position: Oo { a: 21, b: 12 },
  context: {
    selectedCompletionInfo: undefined,
    triggerKind: 1,
    requestUuid: 'icr-250cc3aa-72b9-40d5-98d1-866c59a52a8c',
    requestIssuedDateTime: 1765996838869,
    earliestShownDateTime: 1765996838869
  },
  triggerKind: 'Automatic',
  options: undefined
}
2025-12-17 22:40:38.882 [info] Sending inline completion request: {
  method: 'aws/textDocument/inlineCompletionWithReferences',
  request: {
    textDocument: { uri: 'file:///c%3A/Users/user/Desktop/Project_3/_config.yml' },
    position: Oo { a: 21, b: 12 },
    context: { triggerKind: 1, selectedCompletionInfo: undefined },
    nextToken: undefined
  }
}
2025-12-17 22:40:38.884 [info] [Info  - 10:40:38 PM] [VSCode Telemetry] Emitting codewhisperer_userTriggerDecision telemetry: {"codewhispererSessionId":"6f0fcb58-90aa-4cc8-b846-3efb213461ed","codewhispererFirstRequestId":"aa20e062-1001-45e3-b174-732549a988ca","credentialStartUrl":"https://view.awsapps.com/start","codewhispererSuggestionState":"Discard","codewhispererCompletionType":"Line","codewhispererLanguage":"yaml","codewhispererTriggerType":"AutoTrigger","codewhispererAutomatedTriggerType":"Classifier","codewhispererLineNumber":21,"codewhispererCursorOffset":8,"codewhispererSuggestionCount":1,"codewhispererClassifierResult":0.536817863757321,"codewhispererClassifierThreshold":0.43,"codewhispererTotalShownTime":0,"codewhispererTypeaheadLength":0,"codewhispererTimeSinceLastDocumentChange":765,"codewhispererTimeSinceLastUserDecision":4553,"codewhispererTimeToFirstRecommendation":817,"codewhispererPreviousSuggestionState":"Empty","codewhispererCharactersAccepted":0,"codewhispererSuggestionImportCount":0}
2025-12-17 22:40:38.884 [info] [Info  - 10:40:38 PM] [2025-12-17T18:40:38.883Z] lserver: Invoking SendTelemetryEvent:UserTriggerDecisionEvent:
            "requestId": aa20e062-1001-45e3-b174-732549a988ca
            "suggestionState": DISCARD
            "acceptedCharacterCount": 0
            "addedCharacterCount": 0
            "deletedCharacterCount": 0
            "streakLength": -1,
            "preprocessLatency": 0,
            "triggerToResponseLatencyMilliseconds: 817",
            "firstCompletionDisplayLatency: 0,
            "suggestionType": COMPLETIONS
            "userDecisionReason": IMPLICIT_REJECT
2025-12-17 22:40:38.947 [info] _provideInlineCompletionItems called with: {
  documentUri: 'file:///c%3A/Users/user/Desktop/Project_3/_config.yml',
  position: Oo { a: 21, b: 13 },
  context: {
    selectedCompletionInfo: undefined,
    triggerKind: 1,
    requestUuid: 'icr-b55bfb0a-2695-43d8-9970-b402f103d130',
    requestIssuedDateTime: 1765996838939,
    earliestShownDateTime: 1765996838939
  },
  triggerKind: 'Automatic',
  options: undefined
}
2025-12-17 22:40:38.947 [info] Reusing pending inline completion request to avoid race condition
2025-12-17 22:40:39.164 [info] _provideInlineCompletionItems called with: {
  documentUri: 'file:///c%3A/Users/user/Desktop/Project_3/_config.yml',
  position: Oo { a: 21, b: 14 },
  context: {
    selectedCompletionInfo: undefined,
    triggerKind: 1,
    requestUuid: 'icr-7bd06d0f-7a3e-46bb-a148-bc69927b1f50',
    requestIssuedDateTime: 1765996839151,
    earliestShownDateTime: 1765996839151
  },
  triggerKind: 'Automatic',
  options: undefined
}
2025-12-17 22:40:39.164 [info] Reusing pending inline completion request to avoid race condition
2025-12-17 22:40:39.842 [info] [Info  - 10:40:39 PM] [2025-12-17T18:40:39.840Z] lserver: GenerateCompletion activity:
@@request metadata@@
    "endpoint": https://codewhisperer.us-east-1.amazonaws.com/,
    "predictionType": Not specified (COMPLETIONS),
    "filename": _config.yml,
    "leftContextLength": 1023,
    rightContextLength: 1032,
    "language": yaml,
    "supplementalContextCount": 0,
    "request.nextToken": undefined,
@@response metadata@@
    "requestId": c61029f0-75a7-40a6-a115-aa35f359d008,
    "sessionId": 28fe402e-0ffc-4781-8393-f8cce67ebdf8,
    "response.completions.length": 0,
    "response.predictions.length": 0,
    "predictionType": Not specified (COMPLETIONS),
    "latency": 695,
    "response.nextToken": ,
    "firstSuggestion": No suggestion
2025-12-17 22:40:39.842 [info] [Info  - 10:40:39 PM] [VSCode Telemetry] Emitting codewhisperer_serviceInvocation telemetry: {"codewhispererRequestId":"c61029f0-75a7-40a6-a115-aa35f359d008","codewhispererSessionId":"28fe402e-0ffc-4781-8393-f8cce67ebdf8","codewhispererLastSuggestionIndex":-1,"codewhispererTriggerType":"AutoTrigger","codewhispererAutomatedTriggerType":"Classifier","duration":957,"codewhispererLineNumber":21,"codewhispererCursorOffset":12,"codewhispererLanguage":"yaml","credentialStartUrl":"https://view.awsapps.com/start","result":"Succeeded","codewhispererImportRecommendationEnabled":true}
2025-12-17 22:40:39.842 [info] [Info  - 10:40:39 PM] [VSCode Telemetry] Emitting codewhisperer_userTriggerDecision telemetry: {"codewhispererSessionId":"28fe402e-0ffc-4781-8393-f8cce67ebdf8","codewhispererFirstRequestId":"c61029f0-75a7-40a6-a115-aa35f359d008","credentialStartUrl":"https://view.awsapps.com/start","codewhispererSuggestionState":"Empty","codewhispererLanguage":"yaml","codewhispererTriggerType":"AutoTrigger","codewhispererAutomatedTriggerType":"Classifier","codewhispererLineNumber":21,"codewhispererCursorOffset":12,"codewhispererSuggestionCount":0,"codewhispererClassifierResult":0.4881296912004582,"codewhispererClassifierThreshold":0.43,"codewhispererTotalShownTime":0,"codewhispererTypeaheadLength":0,"codewhispererTimeSinceLastDocumentChange":211,"codewhispererTimeSinceLastUserDecision":0,"codewhispererTimeToFirstRecommendation":957,"codewhispererPreviousSuggestionState":"Discard","codewhispererCharactersAccepted":0,"codewhispererSuggestionImportCount":0}
2025-12-17 22:40:39.843 [info] [Info  - 10:40:39 PM] [2025-12-17T18:40:39.841Z] lserver: Invoking SendTelemetryEvent:UserTriggerDecisionEvent:
            "requestId": c61029f0-75a7-40a6-a115-aa35f359d008
            "suggestionState": EMPTY
            "acceptedCharacterCount": 0
            "addedCharacterCount": 0
            "deletedCharacterCount": 0
            "streakLength": 0,
            "preprocessLatency": 262,
            "triggerToResponseLatencyMilliseconds: 957",
            "firstCompletionDisplayLatency: 0,
            "suggestionType": COMPLETIONS
            "userDecisionReason": undefined
2025-12-17 22:40:40.160 [info] Received inline completion response from LSP: { sessionId: '', latency: 1279, itemCount: 0, items: [] }
2025-12-17 22:40:40.161 [info] GenerateCompletion activity:\n- number of suggestions: 0
- sessionId: 
- first suggestion content (next line):
no suggestion
- duration between trigger to before sending LSP call: 0ms
- duration between trigger to after receiving LSP response: 1279ms
- duration between before sending LSP call to after receving LSP response: 1279ms
Failed to produce inline suggestion results. Received 0 items from service
2025-12-17 22:40:40.161 [info] Reused request completed but this call was cancelled
2025-12-17 22:40:40.534 [info] _provideInlineCompletionItems called with: {
  documentUri: 'file:///c%3A/Users/user/Desktop/Project_3/_config.yml',
  position: Oo { a: 21, b: 15 },
  context: {
    selectedCompletionInfo: undefined,
    triggerKind: 1,
    requestUuid: 'icr-a0cd0817-e0b9-4641-be18-f930989be4d6',
    requestIssuedDateTime: 1765996840520,
    earliestShownDateTime: 1765996840520
  },
  triggerKind: 'Automatic',
  options: undefined
}
2025-12-17 22:40:40.535 [info] Sending inline completion request: {
  method: 'aws/textDocument/inlineCompletionWithReferences',
  request: {
    textDocument: { uri: 'file:///c%3A/Users/user/Desktop/Project_3/_config.yml' },
    position: Oo { a: 21, b: 15 },
    context: { triggerKind: 1, selectedCompletionInfo: undefined },
    nextToken: undefined
  }
}
2025-12-17 22:40:40.685 [info] _provideInlineCompletionItems called with: {
  documentUri: 'file:///c%3A/Users/user/Desktop/Project_3/_config.yml',
  position: Oo { a: 21, b: 16 },
  context: {
    selectedCompletionInfo: undefined,
    triggerKind: 1,
    requestUuid: 'icr-81fade97-6d67-42ea-b82f-23d5b7c04429',
    requestIssuedDateTime: 1765996840672,
    earliestShownDateTime: 1765996840672
  },
  triggerKind: 'Automatic',
  options: undefined
}
2025-12-17 22:40:40.685 [info] Reusing pending inline completion request to avoid race condition
2025-12-17 22:40:40.773 [info] _provideInlineCompletionItems called with: {
  documentUri: 'file:///c%3A/Users/user/Desktop/Project_3/_config.yml',
  position: Oo { a: 21, b: 17 },
  context: {
    selectedCompletionInfo: undefined,
    triggerKind: 1,
    requestUuid: 'icr-a9e99e0e-e464-4c8c-81ec-95e4612cfc09',
    requestIssuedDateTime: 1765996840762,
    earliestShownDateTime: 1765996840762
  },
  triggerKind: 'Automatic',
  options: undefined
}
2025-12-17 22:40:40.773 [info] Reusing pending inline completion request to avoid race condition
2025-12-17 22:40:41.343 [info] [Info  - 10:40:41 PM] [2025-12-17T18:40:41.340Z] lserver: GenerateCompletion activity:
@@request metadata@@
    "endpoint": https://codewhisperer.us-east-1.amazonaws.com/,
    "predictionType": Not specified (COMPLETIONS),
    "filename": _config.yml,
    "leftContextLength": 1026,
    rightContextLength: 1032,
    "language": yaml,
    "supplementalContextCount": 0,
    "request.nextToken": undefined,
@@response metadata@@
    "requestId": fabaf76b-b79e-4818-aff2-a05ef3bd03e8,
    "sessionId": b3060afa-17ef-4c73-b9b9-4c3adadafbb0,
    "response.completions.length": 0,
    "response.predictions.length": 0,
    "predictionType": Not specified (COMPLETIONS),
    "latency": 804,
    "response.nextToken": ,
    "firstSuggestion": No suggestion
2025-12-17 22:40:41.344 [info] [Info  - 10:40:41 PM] [VSCode Telemetry] Emitting codewhisperer_serviceInvocation telemetry: {"codewhispererRequestId":"fabaf76b-b79e-4818-aff2-a05ef3bd03e8","codewhispererSessionId":"b3060afa-17ef-4c73-b9b9-4c3adadafbb0","codewhispererLastSuggestionIndex":-1,"codewhispererTriggerType":"AutoTrigger","codewhispererAutomatedTriggerType":"Classifier","duration":804,"codewhispererLineNumber":21,"codewhispererCursorOffset":15,"codewhispererLanguage":"yaml","credentialStartUrl":"https://view.awsapps.com/start","result":"Succeeded","codewhispererImportRecommendationEnabled":true}
2025-12-17 22:40:41.345 [info] [Info  - 10:40:41 PM] [VSCode Telemetry] Emitting codewhisperer_userTriggerDecision telemetry: {"codewhispererSessionId":"b3060afa-17ef-4c73-b9b9-4c3adadafbb0","codewhispererFirstRequestId":"fabaf76b-b79e-4818-aff2-a05ef3bd03e8","credentialStartUrl":"https://view.awsapps.com/start","codewhispererSuggestionState":"Empty","codewhispererLanguage":"yaml","codewhispererTriggerType":"AutoTrigger","codewhispererAutomatedTriggerType":"Classifier","codewhispererLineNumber":21,"codewhispererCursorOffset":15,"codewhispererSuggestionCount":0,"codewhispererClassifierResult":0.5237728981102648,"codewhispererClassifierThreshold":0.43,"codewhispererTotalShownTime":0,"codewhispererTypeaheadLength":0,"codewhispererTimeSinceLastDocumentChange":91,"codewhispererTimeSinceLastUserDecision":696,"codewhispererTimeToFirstRecommendation":804,"codewhispererPreviousSuggestionState":"Empty","codewhispererCharactersAccepted":0,"codewhispererSuggestionImportCount":0}
2025-12-17 22:40:41.345 [info] [Info  - 10:40:41 PM] [2025-12-17T18:40:41.340Z] lserver: Invoking SendTelemetryEvent:UserTriggerDecisionEvent:
            "requestId": fabaf76b-b79e-4818-aff2-a05ef3bd03e8
            "suggestionState": EMPTY
            "acceptedCharacterCount": 0
            "addedCharacterCount": 0
            "deletedCharacterCount": 0
            "streakLength": 0,
            "preprocessLatency": 0,
            "triggerToResponseLatencyMilliseconds: 804",
            "firstCompletionDisplayLatency: 0,
            "suggestionType": COMPLETIONS
            "userDecisionReason": undefined
2025-12-17 22:40:41.550 [info] _provideInlineCompletionItems called with: {
  documentUri: 'file:///c%3A/Users/user/Desktop/Project_3/_config.yml',
  position: Oo { a: 21, b: 18 },
  context: {
    selectedCompletionInfo: undefined,
    triggerKind: 1,
    requestUuid: 'icr-2e3989ed-6844-4402-b8ce-2be29c76e977',
    requestIssuedDateTime: 1765996841531,
    earliestShownDateTime: 1765996841531
  },
  triggerKind: 'Automatic',
  options: undefined
}
2025-12-17 22:40:41.550 [info] Reusing pending inline completion request to avoid race condition
2025-12-17 22:40:41.599 [info] _provideInlineCompletionItems called with: {
  documentUri: 'file:///c%3A/Users/user/Desktop/Project_3/_config.yml',
  position: Oo { a: 21, b: 19 },
  context: {
    selectedCompletionInfo: undefined,
    triggerKind: 1,
    requestUuid: 'icr-eb5f0478-26b9-4cf1-a692-000f090d3c7a',
    requestIssuedDateTime: 1765996841584,
    earliestShownDateTime: 1765996841584
  },
  triggerKind: 'Automatic',
  options: undefined
}
2025-12-17 22:40:41.599 [info] Reusing pending inline completion request to avoid race condition
2025-12-17 22:40:41.618 [info] Received inline completion response from LSP: { sessionId: '', latency: 1083, itemCount: 0, items: [] }
2025-12-17 22:40:41.618 [info] GenerateCompletion activity:\n- number of suggestions: 0
- sessionId: 
- first suggestion content (next line):
no suggestion
- duration between trigger to before sending LSP call: 0ms
- duration between trigger to after receiving LSP response: 1083ms
- duration between before sending LSP call to after receving LSP response: 1083ms
Failed to produce inline suggestion results. Received 0 items from service
2025-12-17 22:40:41.618 [info] Reused request completed but this call was cancelled
2025-12-17 22:40:41.618 [info] Reused request completed but this call was cancelled
2025-12-17 22:40:41.618 [info] Reused request completed but this call was cancelled
2025-12-17 22:40:42.134 [info] _provideInlineCompletionItems called with: {
  documentUri: 'file:///c%3A/Users/user/Desktop/Project_3/_config.yml',
  position: Oo { a: 21, b: 18 },
  context: {
    selectedCompletionInfo: undefined,
    triggerKind: 1,
    requestUuid: 'icr-00f408b7-e7fb-42bf-94bf-722216c0fc9b',
    requestIssuedDateTime: 1765996842120,
    earliestShownDateTime: 1765996842120
  },
  triggerKind: 'Automatic',
  options: undefined
}
2025-12-17 22:40:42.135 [info] Sending inline completion request: {
  method: 'aws/textDocument/inlineCompletionWithReferences',
  request: {
    textDocument: { uri: 'file:///c%3A/Users/user/Desktop/Project_3/_config.yml' },
    position: Oo { a: 21, b: 18 },
    context: { triggerKind: 1, selectedCompletionInfo: undefined },
    nextToken: undefined
  }
}
2025-12-17 22:40:42.136 [info] Received inline completion response from LSP: { sessionId: '', latency: 3, itemCount: 0, items: [] }
2025-12-17 22:40:42.136 [info] GenerateCompletion activity:\n- number of suggestions: 0
- sessionId: 
- first suggestion content (next line):
no suggestion
- duration between trigger to before sending LSP call: 0ms
- duration between trigger to after receiving LSP response: 3ms
- duration between before sending LSP call to after receving LSP response: 3ms
Failed to produce inline suggestion results. Received 0 items from service
2025-12-17 22:40:42.650 [info] _provideInlineCompletionItems called with: {
  documentUri: 'file:///c%3A/Users/user/Desktop/Project_3/_config.yml',
  position: Oo { a: 21, b: 17 },
  context: {
    selectedCompletionInfo: undefined,
    triggerKind: 1,
    requestUuid: 'icr-2ea59ad8-4fa7-4e22-ad5e-6315566de3f4',
    requestIssuedDateTime: 1765996842633,
    earliestShownDateTime: 1765996842633
  },
  triggerKind: 'Automatic',
  options: undefined
}
2025-12-17 22:40:42.650 [info] Sending inline completion request: {
  method: 'aws/textDocument/inlineCompletionWithReferences',
  request: {
    textDocument: { uri: 'file:///c%3A/Users/user/Desktop/Project_3/_config.yml' },
    position: Oo { a: 21, b: 17 },
    context: { triggerKind: 1, selectedCompletionInfo: undefined },
    nextToken: undefined
  }
}
2025-12-17 22:40:42.652 [info] Received inline completion response from LSP: { sessionId: '', latency: 2, itemCount: 0, items: [] }
2025-12-17 22:40:42.653 [info] GenerateCompletion activity:\n- number of suggestions: 0
- sessionId: 
- first suggestion content (next line):
no suggestion
- duration between trigger to before sending LSP call: 0ms
- duration between trigger to after receiving LSP response: 2ms
- duration between before sending LSP call to after receving LSP response: 2ms
Failed to produce inline suggestion results. Received 0 items from service
2025-12-17 22:40:42.669 [info] _provideInlineCompletionItems called with: {
  documentUri: 'file:///c%3A/Users/user/Desktop/Project_3/_config.yml',
  position: Oo { a: 21, b: 16 },
  context: {
    selectedCompletionInfo: undefined,
    triggerKind: 1,
    requestUuid: 'icr-a1efe24c-a2d3-4bf2-8b2b-887ef70ccfba',
    requestIssuedDateTime: 1765996842662,
    earliestShownDateTime: 1765996842662
  },
  triggerKind: 'Automatic',
  options: undefined
}
2025-12-17 22:40:42.670 [info] Sending inline completion request: {
  method: 'aws/textDocument/inlineCompletionWithReferences',
  request: {
    textDocument: { uri: 'file:///c%3A/Users/user/Desktop/Project_3/_config.yml' },
    position: Oo { a: 21, b: 16 },
    context: { triggerKind: 1, selectedCompletionInfo: undefined },
    nextToken: undefined
  }
}
2025-12-17 22:40:42.672 [info] Received inline completion response from LSP: { sessionId: '', latency: 2, itemCount: 0, items: [] }
2025-12-17 22:40:42.672 [info] GenerateCompletion activity:\n- number of suggestions: 0
- sessionId: 
- first suggestion content (next line):
no suggestion
- duration between trigger to before sending LSP call: 0ms
- duration between trigger to after receiving LSP response: 2ms
- duration between before sending LSP call to after receving LSP response: 2ms
Failed to produce inline suggestion results. Received 0 items from service
2025-12-17 22:40:42.701 [info] _provideInlineCompletionItems called with: {
  documentUri: 'file:///c%3A/Users/user/Desktop/Project_3/_config.yml',
  position: Oo { a: 21, b: 15 },
  context: {
    selectedCompletionInfo: undefined,
    triggerKind: 1,
    requestUuid: 'icr-c51df1f9-89cb-4f1f-9839-a1cb2b125da4',
    requestIssuedDateTime: 1765996842691,
    earliestShownDateTime: 1765996842691
  },
  triggerKind: 'Automatic',
  options: undefined
}
2025-12-17 22:40:42.702 [info] Sending inline completion request: {
  method: 'aws/textDocument/inlineCompletionWithReferences',
  request: {
    textDocument: { uri: 'file:///c%3A/Users/user/Desktop/Project_3/_config.yml' },
    position: Oo { a: 21, b: 15 },
    context: { triggerKind: 1, selectedCompletionInfo: undefined },
    nextToken: undefined
  }
}
2025-12-17 22:40:42.704 [info] Received inline completion response from LSP: { sessionId: '', latency: 3, itemCount: 0, items: [] }
2025-12-17 22:40:42.704 [info] GenerateCompletion activity:\n- number of suggestions: 0
- sessionId: 
- first suggestion content (next line):
no suggestion
- duration between trigger to before sending LSP call: 0ms
- duration between trigger to after receiving LSP response: 3ms
- duration between before sending LSP call to after receving LSP response: 3ms
Failed to produce inline suggestion results. Received 0 items from service
2025-12-17 22:40:42.734 [info] _provideInlineCompletionItems called with: {
  documentUri: 'file:///c%3A/Users/user/Desktop/Project_3/_config.yml',
  position: Oo { a: 21, b: 14 },
  context: {
    selectedCompletionInfo: undefined,
    triggerKind: 1,
    requestUuid: 'icr-beb9b507-9b9d-4d56-8165-f1bb99bc2e98',
    requestIssuedDateTime: 1765996842722,
    earliestShownDateTime: 1765996842722
  },
  triggerKind: 'Automatic',
  options: undefined
}
2025-12-17 22:40:42.735 [info] Sending inline completion request: {
  method: 'aws/textDocument/inlineCompletionWithReferences',
  request: {
    textDocument: { uri: 'file:///c%3A/Users/user/Desktop/Project_3/_config.yml' },
    position: Oo { a: 21, b: 14 },
    context: { triggerKind: 1, selectedCompletionInfo: undefined },
    nextToken: undefined
  }
}
2025-12-17 22:40:42.736 [info] Received inline completion response from LSP: { sessionId: '', latency: 3, itemCount: 0, items: [] }
2025-12-17 22:40:42.736 [info] GenerateCompletion activity:\n- number of suggestions: 0
- sessionId: 
- first suggestion content (next line):
no suggestion
- duration between trigger to before sending LSP call: 0ms
- duration between trigger to after receiving LSP response: 3ms
- duration between before sending LSP call to after receving LSP response: 3ms
Failed to produce inline suggestion results. Received 0 items from service
2025-12-17 22:40:42.768 [info] _provideInlineCompletionItems called with: {
  documentUri: 'file:///c%3A/Users/user/Desktop/Project_3/_config.yml',
  position: Oo { a: 21, b: 13 },
  context: {
    selectedCompletionInfo: undefined,
    triggerKind: 1,
    requestUuid: 'icr-9f1538d1-477b-4193-8d82-00332dc717cb',
    requestIssuedDateTime: 1765996842753,
    earliestShownDateTime: 1765996842753
  },
  triggerKind: 'Automatic',
  options: undefined
}
2025-12-17 22:40:42.769 [info] Sending inline completion request: {
  method: 'aws/textDocument/inlineCompletionWithReferences',
  request: {
    textDocument: { uri: 'file:///c%3A/Users/user/Desktop/Project_3/_config.yml' },
    position: Oo { a: 21, b: 13 },
    context: { triggerKind: 1, selectedCompletionInfo: undefined },
    nextToken: undefined
  }
}
2025-12-17 22:40:42.785 [info] Received inline completion response from LSP: { sessionId: '', latency: 16, itemCount: 0, items: [] }
2025-12-17 22:40:42.785 [info] GenerateCompletion activity:\n- number of suggestions: 0
- sessionId: 
- first suggestion content (next line):
no suggestion
- duration between trigger to before sending LSP call: 0ms
- duration between trigger to after receiving LSP response: 16ms
- duration between before sending LSP call to after receving LSP response: 16ms
Failed to produce inline suggestion results. Received 0 items from service
2025-12-17 22:40:42.817 [info] _provideInlineCompletionItems called with: {
  documentUri: 'file:///c%3A/Users/user/Desktop/Project_3/_config.yml',
  position: Oo { a: 21, b: 12 },
  context: {
    selectedCompletionInfo: undefined,
    triggerKind: 1,
    requestUuid: 'icr-f1dcf0d5-ae68-45eb-82c5-eccdefd48310',
    requestIssuedDateTime: 1765996842798,
    earliestShownDateTime: 1765996842798
  },
  triggerKind: 'Automatic',
  options: undefined
}
2025-12-17 22:40:42.818 [info] Sending inline completion request: {
  method: 'aws/textDocument/inlineCompletionWithReferences',
  request: {
    textDocument: { uri: 'file:///c%3A/Users/user/Desktop/Project_3/_config.yml' },
    position: Oo { a: 21, b: 12 },
    context: { triggerKind: 1, selectedCompletionInfo: undefined },
    nextToken: undefined
  }
}
2025-12-17 22:40:42.819 [info] Received inline completion response from LSP: { sessionId: '', latency: 2, itemCount: 0, items: [] }
2025-12-17 22:40:42.819 [info] GenerateCompletion activity:\n- number of suggestions: 0
- sessionId: 
- first suggestion content (next line):
no suggestion
- duration between trigger to before sending LSP call: 0ms
- duration between trigger to after receiving LSP response: 2ms
- duration between before sending LSP call to after receving LSP response: 2ms
Failed to produce inline suggestion results. Received 0 items from service
2025-12-17 22:40:42.854 [info] _provideInlineCompletionItems called with: {
  documentUri: 'file:///c%3A/Users/user/Desktop/Project_3/_config.yml',
  position: Oo { a: 21, b: 11 },
  context: {
    selectedCompletionInfo: undefined,
    triggerKind: 1,
    requestUuid: 'icr-a8c42ff5-3f24-47fc-92c1-21b9182c62f2',
    requestIssuedDateTime: 1765996842831,
    earliestShownDateTime: 1765996842831
  },
  triggerKind: 'Automatic',
  options: undefined
}
2025-12-17 22:40:42.855 [info] Sending inline completion request: {
  method: 'aws/textDocument/inlineCompletionWithReferences',
  request: {
    textDocument: { uri: 'file:///c%3A/Users/user/Desktop/Project_3/_config.yml' },
    position: Oo { a: 21, b: 11 },
    context: { triggerKind: 1, selectedCompletionInfo: undefined },
    nextToken: undefined
  }
}
2025-12-17 22:40:42.857 [info] Received inline completion response from LSP: { sessionId: '', latency: 2, itemCount: 0, items: [] }
2025-12-17 22:40:42.857 [info] GenerateCompletion activity:\n- number of suggestions: 0
- sessionId: 
- first suggestion content (next line):
no suggestion
- duration between trigger to before sending LSP call: 0ms
- duration between trigger to after receiving LSP response: 3ms
- duration between before sending LSP call to after receving LSP response: 3ms
Failed to produce inline suggestion results. Received 0 items from service
2025-12-17 22:40:42.874 [info] _provideInlineCompletionItems called with: {
  documentUri: 'file:///c%3A/Users/user/Desktop/Project_3/_config.yml',
  position: Oo { a: 21, b: 10 },
  context: {
    selectedCompletionInfo: undefined,
    triggerKind: 1,
    requestUuid: 'icr-79af20fd-0bca-453d-9c02-3feb72b01546',
    requestIssuedDateTime: 1765996842860,
    earliestShownDateTime: 1765996842860
  },
  triggerKind: 'Automatic',
  options: undefined
}
2025-12-17 22:40:42.875 [info] Sending inline completion request: {
  method: 'aws/textDocument/inlineCompletionWithReferences',
  request: {
    textDocument: { uri: 'file:///c%3A/Users/user/Desktop/Project_3/_config.yml' },
    position: Oo { a: 21, b: 10 },
    context: { triggerKind: 1, selectedCompletionInfo: undefined },
    nextToken: undefined
  }
}
2025-12-17 22:40:42.876 [info] Received inline completion response from LSP: { sessionId: '', latency: 3, itemCount: 0, items: [] }
2025-12-17 22:40:42.877 [info] GenerateCompletion activity:\n- number of suggestions: 0
- sessionId: 
- first suggestion content (next line):
no suggestion
- duration between trigger to before sending LSP call: 0ms
- duration between trigger to after receiving LSP response: 3ms
- duration between before sending LSP call to after receving LSP response: 3ms
Failed to produce inline suggestion results. Received 0 items from service
2025-12-17 22:40:43.102 [info] _provideInlineCompletionItems called with: {
  documentUri: 'file:///c%3A/Users/user/Desktop/Project_3/_config.yml',
  position: Oo { a: 21, b: 9 },
  context: {
    selectedCompletionInfo: undefined,
    triggerKind: 1,
    requestUuid: 'icr-d71b7223-23ed-4a0e-93bc-feb62f97909e',
    requestIssuedDateTime: 1765996843087,
    earliestShownDateTime: 1765996843087
  },
  triggerKind: 'Automatic',
  options: undefined
}
2025-12-17 22:40:43.103 [info] Sending inline completion request: {
  method: 'aws/textDocument/inlineCompletionWithReferences',
  request: {
    textDocument: { uri: 'file:///c%3A/Users/user/Desktop/Project_3/_config.yml' },
    position: Oo { a: 21, b: 9 },
    context: { triggerKind: 1, selectedCompletionInfo: undefined },
    nextToken: undefined
  }
}
2025-12-17 22:40:43.104 [info] Received inline completion response from LSP: { sessionId: '', latency: 2, itemCount: 0, items: [] }
2025-12-17 22:40:43.105 [info] GenerateCompletion activity:\n- number of suggestions: 0
- sessionId: 
- first suggestion content (next line):
no suggestion
- duration between trigger to before sending LSP call: 0ms
- duration between trigger to after receiving LSP response: 2ms
- duration between before sending LSP call to after receving LSP response: 2ms
Failed to produce inline suggestion results. Received 0 items from service
2025-12-17 22:40:43.254 [info] _provideInlineCompletionItems called with: {
  documentUri: 'file:///c%3A/Users/user/Desktop/Project_3/_config.yml',
  position: Oo { a: 21, b: 8 },
  context: {
    selectedCompletionInfo: undefined,
    triggerKind: 1,
    requestUuid: 'icr-e3f68dc7-e97e-4cf7-8557-9518536457a2',
    requestIssuedDateTime: 1765996843230,
    earliestShownDateTime: 1765996843230
  },
  triggerKind: 'Automatic',
  options: undefined
}
2025-12-17 22:40:43.254 [info] Sending inline completion request: {
  method: 'aws/textDocument/inlineCompletionWithReferences',
  request: {
    textDocument: { uri: 'file:///c%3A/Users/user/Desktop/Project_3/_config.yml' },
    position: Oo { a: 21, b: 8 },
    context: { triggerKind: 1, selectedCompletionInfo: undefined },
    nextToken: undefined
  }
}
2025-12-17 22:40:43.269 [info] Received inline completion response from LSP: { sessionId: '', latency: 14, itemCount: 0, items: [] }
2025-12-17 22:40:43.269 [info] GenerateCompletion activity:\n- number of suggestions: 0
- sessionId: 
- first suggestion content (next line):
no suggestion
- duration between trigger to before sending LSP call: 0ms
- duration between trigger to after receiving LSP response: 15ms
- duration between before sending LSP call to after receving LSP response: 15ms
Failed to produce inline suggestion results. Received 0 items from service
2025-12-17 22:40:43.353 [info] _provideInlineCompletionItems called with: {
  documentUri: 'file:///c%3A/Users/user/Desktop/Project_3/_config.yml',
  position: Oo { a: 21, b: 7 },
  context: {
    selectedCompletionInfo: undefined,
    triggerKind: 1,
    requestUuid: 'icr-29a76f9b-baab-4245-99fb-a60b3b1396c1',
    requestIssuedDateTime: 1765996843337,
    earliestShownDateTime: 1765996843337
  },
  triggerKind: 'Automatic',
  options: undefined
}
2025-12-17 22:40:43.354 [info] Sending inline completion request: {
  method: 'aws/textDocument/inlineCompletionWithReferences',
  request: {
    textDocument: { uri: 'file:///c%3A/Users/user/Desktop/Project_3/_config.yml' },
    position: Oo { a: 21, b: 7 },
    context: { triggerKind: 1, selectedCompletionInfo: undefined },
    nextToken: undefined
  }
}
2025-12-17 22:40:43.356 [info] Received inline completion response from LSP: { sessionId: '', latency: 2, itemCount: 0, items: [] }
2025-12-17 22:40:43.356 [info] GenerateCompletion activity:\n- number of suggestions: 0
- sessionId: 
- first suggestion content (next line):
no suggestion
- duration between trigger to before sending LSP call: 0ms
- duration between trigger to after receiving LSP response: 2ms
- duration between before sending LSP call to after receving LSP response: 2ms
Failed to produce inline suggestion results. Received 0 items from service
2025-12-17 22:40:44.026 [info] _provideInlineCompletionItems called with: {
  documentUri: 'file:///c%3A/Users/user/Desktop/Project_3/_config.yml',
  position: Oo { a: 21, b: 8 },
  context: {
    selectedCompletionInfo: undefined,
    triggerKind: 1,
    requestUuid: 'icr-3b5db455-1fce-42e7-b541-f3b682ac1a08',
    requestIssuedDateTime: 1765996844005,
    earliestShownDateTime: 1765996844005
  },
  triggerKind: 'Automatic',
  options: undefined
}
2025-12-17 22:40:44.029 [info] Sending inline completion request: {
  method: 'aws/textDocument/inlineCompletionWithReferences',
  request: {
    textDocument: { uri: 'file:///c%3A/Users/user/Desktop/Project_3/_config.yml' },
    position: Oo { a: 21, b: 8 },
    context: { triggerKind: 1, selectedCompletionInfo: undefined },
    nextToken: undefined
  }
}
2025-12-17 22:40:44.031 [info] _provideInlineCompletionItems called with: {
  documentUri: 'file:///c%3A/Users/user/Desktop/Project_3/_config.yml',
  position: Oo { a: 21, b: 8 },
  context: {
    selectedCompletionInfo: { range: [Hs], text: 'need' },
    triggerKind: 1,
    requestUuid: 'icr-bf1977a7-497c-4782-8e45-627f54bc664f',
    requestIssuedDateTime: 1765996844026,
    earliestShownDateTime: 1765996844026
  },
  triggerKind: 'Automatic',
  options: undefined
}
2025-12-17 22:40:44.032 [info] Reusing pending inline completion request to avoid race condition
2025-12-17 22:40:44.127 [info] _provideInlineCompletionItems called with: {
  documentUri: 'file:///c%3A/Users/user/Desktop/Project_3/_config.yml',
  position: Oo { a: 21, b: 9 },
  context: {
    selectedCompletionInfo: { range: [Hs], text: 'node_modules' },
    triggerKind: 1,
    requestUuid: 'icr-c88ab41e-6290-4d73-9a25-f97992d8056a',
    requestIssuedDateTime: 1765996844118,
    earliestShownDateTime: 1765996844118
  },
  triggerKind: 'Automatic',
  options: undefined
}
2025-12-17 22:40:44.127 [info] Reusing pending inline completion request to avoid race condition
2025-12-17 22:40:44.373 [info] _provideInlineCompletionItems called with: {
  documentUri: 'file:///c%3A/Users/user/Desktop/Project_3/_config.yml',
  position: Oo { a: 21, b: 10 },
  context: {
    selectedCompletionInfo: undefined,
    triggerKind: 1,
    requestUuid: 'icr-4f0a6d84-31ee-4cf5-acf5-0cb231825140',
    requestIssuedDateTime: 1765996844363,
    earliestShownDateTime: 1765996844363
  },
  triggerKind: 'Automatic',
  options: undefined
}
2025-12-17 22:40:44.373 [info] Reusing pending inline completion request to avoid race condition
2025-12-17 22:40:44.585 [info] _provideInlineCompletionItems called with: {
  documentUri: 'file:///c%3A/Users/user/Desktop/Project_3/_config.yml',
  position: Oo { a: 21, b: 11 },
  context: {
    selectedCompletionInfo: undefined,
    triggerKind: 1,
    requestUuid: 'icr-aa7fece5-8105-46e0-8462-b02da200b6de',
    requestIssuedDateTime: 1765996844567,
    earliestShownDateTime: 1765996844567
  },
  triggerKind: 'Automatic',
  options: undefined
}
2025-12-17 22:40:44.585 [info] Reusing pending inline completion request to avoid race condition
2025-12-17 22:40:44.723 [info] [Info  - 10:40:44 PM] [2025-12-17T18:40:44.721Z] lserver: GenerateCompletion activity:
@@request metadata@@
    "endpoint": https://codewhisperer.us-east-1.amazonaws.com/,
    "predictionType": Not specified (COMPLETIONS),
    "filename": _config.yml,
    "leftContextLength": 1019,
    rightContextLength: 1032,
    "language": yaml,
    "supplementalContextCount": 0,
    "request.nextToken": undefined,
@@response metadata@@
    "requestId": 9e5b2b13-2789-4c90-99c0-5068447cabb1,
    "sessionId": f3a8519c-1510-47d6-baba-12b3a65af757,
    "response.completions.length": 1,
    "response.predictions.length": 0,
    "predictionType": Not specified (COMPLETIONS),
    "latency": 689,
    "response.nextToken": AQICAHiYv83f2hWtVUDSDMc+rudruCrDuxDN1w74u9tXAFSWFQGl9xH16+FU7oEJPn6Qv8/TAAABrDCCAagGCSqGSIb3DQEHBqCCAZkwggGVAgEAMIIBjgYJKoZIhvcNAQcBMB4GCWCGSAFlAwQBLjARBAxm9HyrYzwgtEbW8DgCARCAggFf2nTHI+eSRz2wk6FqfDaK83lf0KPXxxr3qdJpS7e1TfyVxcy4kr1xKJWPqvEjQMXy0V8g04GHBb8a3MZ9HrgBfTz8THaDaelk0cBn2eazYmcyCxqDvWB72oXD/GQSbPLdHv2/Qt3HnMB1/edkgj6u4O9Q5vecv7AdI6A88G9O/xL77tUWPBns830CmlncoEkN4dhUblIRG3jct5YApyzrZsItDr2E9558Mzwfk3ycGeC9cEftEWMUqb9iwtT66iC2eF2qkiWo4D2hFB9rtIQg6fomNfIMrzRAWUBlci+U5wQdbjf7/5f/InKsENwlRpYfxTFSBEVRtTzOfJBuBBvrlpnH/WP0KvQI8pQvhw52QNC6+lalzLb6h2hrYOb/2wC/8OGy0ZHoCfVcGTA9Rw5rM5q00OCCrtsFxxA6Gma95mAwyvilnEzBo22nbndAJhurPwHLIU784cD3zY6Wso8w,
    "firstSuggestion": 

2025-12-17 22:40:44.724 [info] [Info  - 10:40:44 PM] [VSCode Telemetry] Emitting codewhisperer_serviceInvocation telemetry: {"codewhispererRequestId":"9e5b2b13-2789-4c90-99c0-5068447cabb1","codewhispererSessionId":"f3a8519c-1510-47d6-baba-12b3a65af757","codewhispererLastSuggestionIndex":0,"codewhispererCompletionType":"Line","codewhispererTriggerType":"AutoTrigger","codewhispererAutomatedTriggerType":"Classifier","duration":689,"codewhispererLineNumber":21,"codewhispererCursorOffset":8,"codewhispererLanguage":"yaml","credentialStartUrl":"https://view.awsapps.com/start","result":"Succeeded","codewhispererImportRecommendationEnabled":true}
2025-12-17 22:40:44.727 [info] Received inline completion response from LSP: { sessionId: '', latency: 698, itemCount: 0, items: [] }
2025-12-17 22:40:44.727 [info] GenerateCompletion activity:\n- number of suggestions: 0
- sessionId: 
- first suggestion content (next line):
no suggestion
- duration between trigger to before sending LSP call: 0ms
- duration between trigger to after receiving LSP response: 699ms
- duration between before sending LSP call to after receving LSP response: 699ms
Failed to produce inline suggestion results. Received 0 items from service
2025-12-17 22:40:44.727 [info] Reused request completed but this call was cancelled
2025-12-17 22:40:44.727 [info] Reused request completed but this call was cancelled
2025-12-17 22:40:44.727 [info] Reused request completed but this call was cancelled
2025-12-17 22:40:47.921 [info] _provideInlineCompletionItems called with: {
  documentUri: 'file:///c%3A/Users/user/Desktop/Project_3/_config.yml',
  position: Oo { a: 21, b: 10 },
  context: {
    selectedCompletionInfo: undefined,
    triggerKind: 1,
    requestUuid: 'icr-82790e51-52f7-42c9-b13d-784fadb19855',
    requestIssuedDateTime: 1765996847912,
    earliestShownDateTime: 1765996847912
  },
  triggerKind: 'Automatic',
  options: undefined
}
2025-12-17 22:40:47.922 [info] Sending inline completion request: {
  method: 'aws/textDocument/inlineCompletionWithReferences',
  request: {
    textDocument: { uri: 'file:///c%3A/Users/user/Desktop/Project_3/_config.yml' },
    position: Oo { a: 21, b: 10 },
    context: { triggerKind: 1, selectedCompletionInfo: undefined },
    nextToken: undefined
  }
}
2025-12-17 22:40:47.923 [info] Received inline completion response from LSP: { sessionId: '', latency: 3, itemCount: 0, items: [] }
2025-12-17 22:40:47.923 [info] GenerateCompletion activity:\n- number of suggestions: 0
- sessionId: 
- first suggestion content (next line):
no suggestion
- duration between trigger to before sending LSP call: 0ms
- duration between trigger to after receiving LSP response: 3ms
- duration between before sending LSP call to after receving LSP response: 3ms
Failed to produce inline suggestion results. Received 0 items from service
2025-12-17 22:40:48.210 [info] _provideInlineCompletionItems called with: {
  documentUri: 'file:///c%3A/Users/user/Desktop/Project_3/_config.yml',
  position: Oo { a: 21, b: 9 },
  context: {
    selectedCompletionInfo: undefined,
    triggerKind: 1,
    requestUuid: 'icr-bf538ab2-e280-4c76-8b9d-a6c730e136b6',
    requestIssuedDateTime: 1765996848193,
    earliestShownDateTime: 1765996848193
  },
  triggerKind: 'Automatic',
  options: undefined
}
2025-12-17 22:40:48.211 [info] Sending inline completion request: {
  method: 'aws/textDocument/inlineCompletionWithReferences',
  request: {
    textDocument: { uri: 'file:///c%3A/Users/user/Desktop/Project_3/_config.yml' },
    position: Oo { a: 21, b: 9 },
    context: { triggerKind: 1, selectedCompletionInfo: undefined },
    nextToken: undefined
  }
}
2025-12-17 22:40:48.215 [info] Received inline completion response from LSP: { sessionId: '', latency: 4, itemCount: 0, items: [] }
2025-12-17 22:40:48.215 [info] GenerateCompletion activity:\n- number of suggestions: 0
- sessionId: 
- first suggestion content (next line):
no suggestion
- duration between trigger to before sending LSP call: 0ms
- duration between trigger to after receiving LSP response: 5ms
- duration between before sending LSP call to after receving LSP response: 5ms
Failed to produce inline suggestion results. Received 0 items from service
2025-12-17 22:40:48.338 [info] _provideInlineCompletionItems called with: {
  documentUri: 'file:///c%3A/Users/user/Desktop/Project_3/_config.yml',
  position: Oo { a: 21, b: 8 },
  context: {
    selectedCompletionInfo: undefined,
    triggerKind: 1,
    requestUuid: 'icr-80553c95-c9df-4d6e-8bf1-eb6f2fc65df5',
    requestIssuedDateTime: 1765996848319,
    earliestShownDateTime: 1765996848319
  },
  triggerKind: 'Automatic',
  options: undefined
}
2025-12-17 22:40:48.338 [info] Sending inline completion request: {
  method: 'aws/textDocument/inlineCompletionWithReferences',
  request: {
    textDocument: { uri: 'file:///c%3A/Users/user/Desktop/Project_3/_config.yml' },
    position: Oo { a: 21, b: 8 },
    context: { triggerKind: 1, selectedCompletionInfo: undefined },
    nextToken: undefined
  }
}
2025-12-17 22:40:48.340 [info] Received inline completion response from LSP: { sessionId: '', latency: 1, itemCount: 0, items: [] }
2025-12-17 22:40:48.340 [info] GenerateCompletion activity:\n- number of suggestions: 0
- sessionId: 
- first suggestion content (next line):
no suggestion
- duration between trigger to before sending LSP call: 0ms
- duration between trigger to after receiving LSP response: 2ms
- duration between before sending LSP call to after receving LSP response: 2ms
Failed to produce inline suggestion results. Received 0 items from service
2025-12-17 22:40:48.476 [info] _provideInlineCompletionItems called with: {
  documentUri: 'file:///c%3A/Users/user/Desktop/Project_3/_config.yml',
  position: Oo { a: 21, b: 7 },
  context: {
    selectedCompletionInfo: undefined,
    triggerKind: 1,
    requestUuid: 'icr-78b480ff-db03-403a-b5c0-2775ff8ee515',
    requestIssuedDateTime: 1765996848465,
    earliestShownDateTime: 1765996848465
  },
  triggerKind: 'Automatic',
  options: undefined
}
2025-12-17 22:40:48.477 [info] Sending inline completion request: {
  method: 'aws/textDocument/inlineCompletionWithReferences',
  request: {
    textDocument: { uri: 'file:///c%3A/Users/user/Desktop/Project_3/_config.yml' },
    position: Oo { a: 21, b: 7 },
    context: { triggerKind: 1, selectedCompletionInfo: undefined },
    nextToken: undefined
  }
}
2025-12-17 22:40:48.479 [info] Received inline completion response from LSP: { sessionId: '', latency: 2, itemCount: 0, items: [] }
2025-12-17 22:40:48.479 [info] GenerateCompletion activity:\n- number of suggestions: 0
- sessionId: 
- first suggestion content (next line):
no suggestion
- duration between trigger to before sending LSP call: 0ms
- duration between trigger to after receiving LSP response: 3ms
- duration between before sending LSP call to after receving LSP response: 3ms
Failed to produce inline suggestion results. Received 0 items from service
2025-12-17 22:40:48.640 [info] _provideInlineCompletionItems called with: {
  documentUri: 'file:///c%3A/Users/user/Desktop/Project_3/_config.yml',
  position: Oo { a: 21, b: 6 },
  context: {
    selectedCompletionInfo: undefined,
    triggerKind: 1,
    requestUuid: 'icr-885fe214-6555-4b6b-bc4c-08f6de53e761',
    requestIssuedDateTime: 1765996848617,
    earliestShownDateTime: 1765996848617
  },
  triggerKind: 'Automatic',
  options: undefined
}
2025-12-17 22:40:48.641 [info] Sending inline completion request: {
  method: 'aws/textDocument/inlineCompletionWithReferences',
  request: {
    textDocument: { uri: 'file:///c%3A/Users/user/Desktop/Project_3/_config.yml' },
    position: Oo { a: 21, b: 6 },
    context: { triggerKind: 1, selectedCompletionInfo: undefined },
    nextToken: undefined
  }
}
2025-12-17 22:40:48.642 [info] Received inline completion response from LSP: { sessionId: '', latency: 2, itemCount: 0, items: [] }
2025-12-17 22:40:48.643 [info] GenerateCompletion activity:\n- number of suggestions: 0
- sessionId: 
- first suggestion content (next line):
no suggestion
- duration between trigger to before sending LSP call: 0ms
- duration between trigger to after receiving LSP response: 2ms
- duration between before sending LSP call to after receving LSP response: 2ms
Failed to produce inline suggestion results. Received 0 items from service
2025-12-17 22:40:48.773 [info] _provideInlineCompletionItems called with: {
  documentUri: 'file:///c%3A/Users/user/Desktop/Project_3/_config.yml',
  position: Oo { a: 21, b: 5 },
  context: {
    selectedCompletionInfo: undefined,
    triggerKind: 1,
    requestUuid: 'icr-de3d6a49-b1ef-42c2-9b11-79341de4aa2a',
    requestIssuedDateTime: 1765996848755,
    earliestShownDateTime: 1765996848755
  },
  triggerKind: 'Automatic',
  options: undefined
}
2025-12-17 22:40:48.774 [info] Sending inline completion request: {
  method: 'aws/textDocument/inlineCompletionWithReferences',
  request: {
    textDocument: { uri: 'file:///c%3A/Users/user/Desktop/Project_3/_config.yml' },
    position: Oo { a: 21, b: 5 },
    context: { triggerKind: 1, selectedCompletionInfo: undefined },
    nextToken: undefined
  }
}
2025-12-17 22:40:48.776 [info] Received inline completion response from LSP: { sessionId: '', latency: 2, itemCount: 0, items: [] }
2025-12-17 22:40:48.776 [info] GenerateCompletion activity:\n- number of suggestions: 0
- sessionId: 
- first suggestion content (next line):
no suggestion
- duration between trigger to before sending LSP call: 0ms
- duration between trigger to after receiving LSP response: 2ms
- duration between before sending LSP call to after receving LSP response: 2ms
Failed to produce inline suggestion results. Received 0 items from service
2025-12-17 22:40:48.908 [info] _provideInlineCompletionItems called with: {
  documentUri: 'file:///c%3A/Users/user/Desktop/Project_3/_config.yml',
  position: Oo { a: 21, b: 4 },
  context: {
    selectedCompletionInfo: undefined,
    triggerKind: 1,
    requestUuid: 'icr-808945e6-9825-4c66-81a2-c580b444033f',
    requestIssuedDateTime: 1765996848895,
    earliestShownDateTime: 1765996848895
  },
  triggerKind: 'Automatic',
  options: undefined
}
2025-12-17 22:40:48.909 [info] Sending inline completion request: {
  method: 'aws/textDocument/inlineCompletionWithReferences',
  request: {
    textDocument: { uri: 'file:///c%3A/Users/user/Desktop/Project_3/_config.yml' },
    position: Oo { a: 21, b: 4 },
    context: { triggerKind: 1, selectedCompletionInfo: undefined },
    nextToken: undefined
  }
}
2025-12-17 22:40:48.913 [info] Received inline completion response from LSP: { sessionId: '', latency: 4, itemCount: 0, items: [] }
2025-12-17 22:40:48.913 [info] GenerateCompletion activity:\n- number of suggestions: 0
- sessionId: 
- first suggestion content (next line):
no suggestion
- duration between trigger to before sending LSP call: 0ms
- duration between trigger to after receiving LSP response: 4ms
- duration between before sending LSP call to after receving LSP response: 4ms
Failed to produce inline suggestion results. Received 0 items from service
2025-12-17 22:40:49.057 [info] _provideInlineCompletionItems called with: {
  documentUri: 'file:///c%3A/Users/user/Desktop/Project_3/_config.yml',
  position: Oo { a: 21, b: 3 },
  context: {
    selectedCompletionInfo: undefined,
    triggerKind: 1,
    requestUuid: 'icr-fea6b41e-d1f1-49fd-88e7-5984df76f1f3',
    requestIssuedDateTime: 1765996849037,
    earliestShownDateTime: 1765996849037
  },
  triggerKind: 'Automatic',
  options: undefined
}
2025-12-17 22:40:49.058 [info] Sending inline completion request: {
  method: 'aws/textDocument/inlineCompletionWithReferences',
  request: {
    textDocument: { uri: 'file:///c%3A/Users/user/Desktop/Project_3/_config.yml' },
    position: Oo { a: 21, b: 3 },
    context: { triggerKind: 1, selectedCompletionInfo: undefined },
    nextToken: undefined
  }
}
2025-12-17 22:40:49.060 [info] Received inline completion response from LSP: { sessionId: '', latency: 2, itemCount: 0, items: [] }
2025-12-17 22:40:49.060 [info] GenerateCompletion activity:\n- number of suggestions: 0
- sessionId: 
- first suggestion content (next line):
no suggestion
- duration between trigger to before sending LSP call: 0ms
- duration between trigger to after receiving LSP response: 2ms
- duration between before sending LSP call to after receving LSP response: 2ms
Failed to produce inline suggestion results. Received 0 items from service
2025-12-17 22:40:49.206 [info] _provideInlineCompletionItems called with: {
  documentUri: 'file:///c%3A/Users/user/Desktop/Project_3/_config.yml',
  position: Oo { a: 21, b: 2 },
  context: {
    selectedCompletionInfo: undefined,
    triggerKind: 1,
    requestUuid: 'icr-93c08d2d-d673-4b03-9b31-a816b811d5aa',
    requestIssuedDateTime: 1765996849193,
    earliestShownDateTime: 1765996849193
  },
  triggerKind: 'Automatic',
  options: undefined
}
2025-12-17 22:40:49.207 [info] Sending inline completion request: {
  method: 'aws/textDocument/inlineCompletionWithReferences',
  request: {
    textDocument: { uri: 'file:///c%3A/Users/user/Desktop/Project_3/_config.yml' },
    position: Oo { a: 21, b: 2 },
    context: { triggerKind: 1, selectedCompletionInfo: undefined },
    nextToken: undefined
  }
}
2025-12-17 22:40:49.208 [info] Received inline completion response from LSP: { sessionId: '', latency: 2, itemCount: 0, items: [] }
2025-12-17 22:40:49.208 [info] GenerateCompletion activity:\n- number of suggestions: 0
- sessionId: 
- first suggestion content (next line):
no suggestion
- duration between trigger to before sending LSP call: 0ms
- duration between trigger to after receiving LSP response: 2ms
- duration between before sending LSP call to after receving LSP response: 2ms
Failed to produce inline suggestion results. Received 0 items from service
2025-12-17 22:40:49.389 [info] _provideInlineCompletionItems called with: {
  documentUri: 'file:///c%3A/Users/user/Desktop/Project_3/_config.yml',
  position: Oo { a: 21, b: 1 },
  context: {
    selectedCompletionInfo: undefined,
    triggerKind: 1,
    requestUuid: 'icr-b8b4a223-04b6-40b4-b2e3-99809030e056',
    requestIssuedDateTime: 1765996849375,
    earliestShownDateTime: 1765996849375
  },
  triggerKind: 'Automatic',
  options: undefined
}
2025-12-17 22:40:49.390 [info] Sending inline completion request: {
  method: 'aws/textDocument/inlineCompletionWithReferences',
  request: {
    textDocument: { uri: 'file:///c%3A/Users/user/Desktop/Project_3/_config.yml' },
    position: Oo { a: 21, b: 1 },
    context: { triggerKind: 1, selectedCompletionInfo: undefined },
    nextToken: undefined
  }
}
2025-12-17 22:40:49.391 [info] Received inline completion response from LSP: { sessionId: '', latency: 2, itemCount: 0, items: [] }
2025-12-17 22:40:49.391 [info] GenerateCompletion activity:\n- number of suggestions: 0
- sessionId: 
- first suggestion content (next line):
no suggestion
- duration between trigger to before sending LSP call: 0ms
- duration between trigger to after receiving LSP response: 2ms
- duration between before sending LSP call to after receving LSP response: 2ms
Failed to produce inline suggestion results. Received 0 items from service
2025-12-17 22:40:49.723 [info] _provideInlineCompletionItems called with: {
  documentUri: 'file:///c%3A/Users/user/Desktop/Project_3/_config.yml',
  position: Oo { a: 21, b: 0 },
  context: {
    selectedCompletionInfo: undefined,
    triggerKind: 1,
    requestUuid: 'icr-0211a604-d8b1-4437-a059-a533848c0966',
    requestIssuedDateTime: 1765996849714,
    earliestShownDateTime: 1765996849714
  },
  triggerKind: 'Automatic',
  options: undefined
}
2025-12-17 22:40:49.724 [info] Sending inline completion request: {
  method: 'aws/textDocument/inlineCompletionWithReferences',
  request: {
    textDocument: { uri: 'file:///c%3A/Users/user/Desktop/Project_3/_config.yml' },
    position: Oo { a: 21, b: 0 },
    context: { triggerKind: 1, selectedCompletionInfo: undefined },
    nextToken: undefined
  }
}
2025-12-17 22:40:49.726 [info] Received inline completion response from LSP: { sessionId: '', latency: 2, itemCount: 0, items: [] }
2025-12-17 22:40:49.726 [info] GenerateCompletion activity:\n- number of suggestions: 0
- sessionId: 
- first suggestion content (next line):
no suggestion
- duration between trigger to before sending LSP call: 0ms
- duration between trigger to after receiving LSP response: 2ms
- duration between before sending LSP call to after receving LSP response: 2ms
Failed to produce inline suggestion results. Received 0 items from service
2025-12-17 22:40:50.060 [info] _provideInlineCompletionItems called with: {
  documentUri: 'file:///c%3A/Users/user/Desktop/Project_3/_config.yml',
  position: Oo { a: 20, b: 21 },
  context: {
    selectedCompletionInfo: undefined,
    triggerKind: 1,
    requestUuid: 'icr-c1b6c0df-1d56-41ec-949f-49a1e98d703a',
    requestIssuedDateTime: 1765996850043,
    earliestShownDateTime: 1765996850043
  },
  triggerKind: 'Automatic',
  options: undefined
}
2025-12-17 22:40:50.061 [info] Sending inline completion request: {
  method: 'aws/textDocument/inlineCompletionWithReferences',
  request: {
    textDocument: { uri: 'file:///c%3A/Users/user/Desktop/Project_3/_config.yml' },
    position: Oo { a: 20, b: 21 },
    context: { triggerKind: 1, selectedCompletionInfo: undefined },
    nextToken: undefined
  }
}
2025-12-17 22:40:50.063 [info] Received inline completion response from LSP: { sessionId: '', latency: 2, itemCount: 0, items: [] }
2025-12-17 22:40:50.063 [info] GenerateCompletion activity:\n- number of suggestions: 0
- sessionId: 
- first suggestion content (next line):
no suggestion
- duration between trigger to before sending LSP call: 0ms
- duration between trigger to after receiving LSP response: 2ms
- duration between before sending LSP call to after receving LSP response: 2ms
Failed to produce inline suggestion results. Received 0 items from service
2025-12-17 22:40:58.515 [info] _provideInlineCompletionItems called with: {
  documentUri: 'file:///c%3A/Users/user/Desktop/Project_3/_config.yml',
  position: Oo { a: 22, b: 2 },
  context: {
    selectedCompletionInfo: undefined,
    triggerKind: 1,
    requestUuid: 'icr-42abc315-3728-40f7-817c-845c703be6cf',
    requestIssuedDateTime: 1765996858513,
    earliestShownDateTime: 1765996858513
  },
  triggerKind: 'Automatic',
  options: undefined
}
2025-12-17 22:40:58.515 [info] Sending inline completion request: {
  method: 'aws/textDocument/inlineCompletionWithReferences',
  request: {
    textDocument: { uri: 'file:///c%3A/Users/user/Desktop/Project_3/_config.yml' },
    position: Oo { a: 22, b: 2 },
    context: { triggerKind: 1, selectedCompletionInfo: undefined },
    nextToken: undefined
  }
}
2025-12-17 22:40:58.517 [info] Received inline completion response from LSP: { sessionId: '', latency: 1, itemCount: 0, items: [] }
2025-12-17 22:40:58.517 [info] GenerateCompletion activity:\n- number of suggestions: 0
- sessionId: 
- first suggestion content (next line):
no suggestion
- duration between trigger to before sending LSP call: 0ms
- duration between trigger to after receiving LSP response: 1ms
- duration between before sending LSP call to after receving LSP response: 1ms
Failed to produce inline suggestion results. Received 0 items from service
2025-12-17 22:41:05.379 [info] _provideInlineCompletionItems called with: {
  documentUri: 'file:///c%3A/Users/user/Desktop/Project_3/_config.yml',
  position: Oo { a: 22, b: 2 },
  context: {
    selectedCompletionInfo: undefined,
    triggerKind: 1,
    requestUuid: 'icr-e4924b3f-9df3-4767-bb6f-fe0be5e74adf',
    requestIssuedDateTime: 1765996865366,
    earliestShownDateTime: 1765996865366
  },
  triggerKind: 'Automatic',
  options: undefined
}
2025-12-17 22:41:05.381 [info] Sending inline completion request: {
  method: 'aws/textDocument/inlineCompletionWithReferences',
  request: {
    textDocument: { uri: 'file:///c%3A/Users/user/Desktop/Project_3/_config.yml' },
    position: Oo { a: 22, b: 2 },
    context: { triggerKind: 1, selectedCompletionInfo: undefined },
    nextToken: undefined
  }
}
2025-12-17 22:41:05.383 [info] Received inline completion response from LSP: { sessionId: '', latency: 3, itemCount: 0, items: [] }
2025-12-17 22:41:05.383 [info] GenerateCompletion activity:\n- number of suggestions: 0
- sessionId: 
- first suggestion content (next line):
no suggestion
- duration between trigger to before sending LSP call: 0ms
- duration between trigger to after receiving LSP response: 3ms
- duration between before sending LSP call to after receving LSP response: 3ms
Failed to produce inline suggestion results. Received 0 items from service
2025-12-17 22:41:06.341 [info] _provideInlineCompletionItems called with: {
  documentUri: 'file:///c%3A/Users/user/Desktop/Project_3/_config.yml',
  position: Oo { a: 22, b: 3 },
  context: {
    selectedCompletionInfo: undefined,
    triggerKind: 1,
    requestUuid: 'icr-a5ae2702-76f6-4aa4-8e95-7973f94bf377',
    requestIssuedDateTime: 1765996866326,
    earliestShownDateTime: 1765996866326
  },
  triggerKind: 'Automatic',
  options: undefined
}
2025-12-17 22:41:06.342 [info] Sending inline completion request: {
  method: 'aws/textDocument/inlineCompletionWithReferences',
  request: {
    textDocument: { uri: 'file:///c%3A/Users/user/Desktop/Project_3/_config.yml' },
    position: Oo { a: 22, b: 3 },
    context: { triggerKind: 1, selectedCompletionInfo: undefined },
    nextToken: undefined
  }
}
2025-12-17 22:41:06.344 [info] _provideInlineCompletionItems called with: {
  documentUri: 'file:///c%3A/Users/user/Desktop/Project_3/_config.yml',
  position: Oo { a: 22, b: 3 },
  context: {
    selectedCompletionInfo: { range: [Hs], text: 'The' },
    triggerKind: 1,
    requestUuid: 'icr-ede13701-caf9-4cc4-a24f-459f9db4ef26',
    requestIssuedDateTime: 1765996866341,
    earliestShownDateTime: 1765996866341
  },
  triggerKind: 'Automatic',
  options: undefined
}
2025-12-17 22:41:06.344 [info] Reusing pending inline completion request to avoid race condition
2025-12-17 22:41:06.346 [info] [Info  - 10:41:06 PM] [VSCode Telemetry] Emitting codewhisperer_userTriggerDecision telemetry: {"codewhispererSessionId":"f3a8519c-1510-47d6-baba-12b3a65af757","codewhispererFirstRequestId":"9e5b2b13-2789-4c90-99c0-5068447cabb1","credentialStartUrl":"https://view.awsapps.com/start","codewhispererSuggestionState":"Discard","codewhispererCompletionType":"Line","codewhispererLanguage":"yaml","codewhispererTriggerType":"AutoTrigger","codewhispererAutomatedTriggerType":"Classifier","codewhispererLineNumber":21,"codewhispererCursorOffset":8,"codewhispererSuggestionCount":1,"codewhispererClassifierResult":0.5018846170237123,"codewhispererClassifierThreshold":0.43,"codewhispererTotalShownTime":0,"codewhispererTypeaheadLength":0,"codewhispererTimeSinceLastDocumentChange":963,"codewhispererTimeSinceLastUserDecision":2692,"codewhispererTimeToFirstRecommendation":689,"codewhispererPreviousSuggestionState":"Empty","codewhispererCharactersAccepted":0,"codewhispererSuggestionImportCount":0}
2025-12-17 22:41:06.346 [info] [Info  - 10:41:06 PM] [2025-12-17T18:41:06.344Z] lserver: Invoking SendTelemetryEvent:UserTriggerDecisionEvent:
            "requestId": 9e5b2b13-2789-4c90-99c0-5068447cabb1
            "suggestionState": DISCARD
            "acceptedCharacterCount": 0
            "addedCharacterCount": 0
            "deletedCharacterCount": 0
            "streakLength": -1,
            "preprocessLatency": 0,
            "triggerToResponseLatencyMilliseconds: 689",
            "firstCompletionDisplayLatency: 0,
            "suggestionType": COMPLETIONS
            "userDecisionReason": IMPLICIT_REJECT
2025-12-17 22:41:06.613 [info] _provideInlineCompletionItems called with: {
  documentUri: 'file:///c%3A/Users/user/Desktop/Project_3/_config.yml',
  position: Oo { a: 22, b: 4 },
  context: {
    selectedCompletionInfo: { range: [Hs], text: 'The' },
    triggerKind: 1,
    requestUuid: 'icr-5f93a380-be48-4ec0-9ef8-28f7f89155c9',
    requestIssuedDateTime: 1765996866599,
    earliestShownDateTime: 1765996866599
  },
  triggerKind: 'Automatic',
  options: undefined
}
2025-12-17 22:41:06.613 [info] Reusing pending inline completion request to avoid race condition
2025-12-17 22:41:07.273 [info] [Info  - 10:41:07 PM] [2025-12-17T18:41:07.271Z] lserver: GenerateCompletion activity:
@@request metadata@@
    "endpoint": https://codewhisperer.us-east-1.amazonaws.com/,
    "predictionType": Not specified (COMPLETIONS),
    "filename": _config.yml,
    "leftContextLength": 1079,
    rightContextLength: 760,
    "language": yaml,
    "supplementalContextCount": 0,
    "request.nextToken": undefined,
@@response metadata@@
    "requestId": 4d3d8618-cfaa-4ca7-a13f-ec9b4eb16825,
    "sessionId": 19ea87b5-5a35-4982-b633-7f7040b2c3f4,
    "response.completions.length": 1,
    "response.predictions.length": 0,
    "predictionType": Not specified (COMPLETIONS),
    "latency": 665,
    "response.nextToken": AQICAHiYv83f2hWtVUDSDMc+rudruCrDuxDN1w74u9tXAFSWFQE3loKYbB5sdzKwkbj2Oay8AAABrDCCAagGCSqGSIb3DQEHBqCCAZkwggGVAgEAMIIBjgYJKoZIhvcNAQcBMB4GCWCGSAFlAwQBLjARBAyJGsewA9ZCRca/pkYCARCAggFfNk7MYesZi3MVrKRyUcXeNsa9yUaqSkc040yADRTmM+y2EB9w8wnS6ke4QN+5HQuiF6hguydAir7Q/gRNCaYYIwtS9JkWmW/f/XxdDd4B0mTW3ZSgaNCilgyX0YGbjPpJuIRbejCHVdcg2Mtlj6DZMJDO/OJnmYzVRmcZ/4SXUWvSsy0ThGrFHDqLxQzHMxu5pGnXK0kptEGVRiGkCgnzp6cV9BEUSUmMWL0HwTo9GMRSOV/yFXN7QnrS+TrP1rEFED86K1J633EnM0/OQIyNhNVNPihJzx1hO9TimTOeH988BxKoIOeCN577pRwL79WJ0XlE0BESvv/lIiKm62o6uoq3u+DsJ8HkXfZNa+I/fJDx2aRoN/9UBP6b/0ByiTv+Hrb613MYIDhbP3qCOvJtuOIux3VkUERnGbxyM/y6m9lqx5/P99NmpygnMAQGee7y78eQED1WmWJxQvHulT6h,
    "firstSuggestion": 
his is a site for project 3
2025-12-17 22:41:07.274 [info] [Info  - 10:41:07 PM] [VSCode Telemetry] Emitting codewhisperer_serviceInvocation telemetry: {"codewhispererRequestId":"4d3d8618-cfaa-4ca7-a13f-ec9b4eb16825","codewhispererSessionId":"19ea87b5-5a35-4982-b633-7f7040b2c3f4","codewhispererLastSuggestionIndex":0,"codewhispererCompletionType":"Line","codewhispererTriggerType":"AutoTrigger","codewhispererAutomatedTriggerType":"Classifier","duration":927,"codewhispererLineNumber":22,"codewhispererCursorOffset":3,"codewhispererLanguage":"yaml","credentialStartUrl":"https://view.awsapps.com/start","result":"Succeeded","codewhispererImportRecommendationEnabled":true}
2025-12-17 22:41:07.276 [info] Received inline completion response from LSP: {
  sessionId: 'd9776877-5e82-4bd9-97b0-fdeeca2efdc7',
  latency: 933,
  itemCount: 1,
  items: [
    {
      itemId: 'cd4d00ec-8728-4280-ab2c-018111e5c7e7',
      insertText: 'his is a site for project 3...'
    }
  ]
}
2025-12-17 22:41:07.276 [info] found non null next token; Suggestion type is COMPLETIONS. Start pulling more items
2025-12-17 22:41:07.276 [info] GenerateCompletion activity:\n- number of suggestions: 1
- sessionId: d9776877-5e82-4bd9-97b0-fdeeca2efdc7
- first suggestion content (next line):
his is a site for project 3
- duration between trigger to before sending LSP call: 0ms
- duration between trigger to after receiving LSP response: 933ms
- duration between before sending LSP call to after receving LSP response: 933ms
- duration between trigger to completion suggestion is displayed: 934ms
2025-12-17 22:41:07.276 [info] Reused request completed but this call was cancelled
2025-12-17 22:41:07.276 [info] Reused request completed but this call was cancelled
2025-12-17 22:41:07.280 [info] _provideInlineCompletionItems called with: {
  documentUri: 'file:///c%3A/Users/user/Desktop/Project_3/_config.yml',
  position: Oo { a: 22, b: 4 },
  context: {
    selectedCompletionInfo: { range: [Hs], text: 'The' },
    triggerKind: 0,
    requestUuid: 'icr-c5486bb5-694c-4121-880f-adb1aa688660',
    requestIssuedDateTime: 1765996867276,
    earliestShownDateTime: 1765996867276
  },
  triggerKind: 'Invoke',
  options: undefined
}
2025-12-17 22:41:07.281 [info] GenerateCompletion activity:\n- not call LSP and reuse previous suggestions that match user typed characters
                    - duration between trigger to completion suggestion is displayed 0
2025-12-17 22:41:07.309 [info] _provideInlineCompletionItems called with: {
  documentUri: 'file:///c%3A/Users/user/Desktop/Project_3/_config.yml',
  position: Oo { a: 22, b: 5 },
  context: {
    selectedCompletionInfo: { range: [Hs], text: 'This' },
    triggerKind: 1,
    requestUuid: 'icr-d6cf4b42-d311-4582-a024-6396c84ab0f1',
    requestIssuedDateTime: 1765996867299,
    earliestShownDateTime: 1765996867299
  },
  triggerKind: 'Automatic',
  options: undefined
}
2025-12-17 22:41:07.309 [info] GenerateCompletion activity:\n- not call LSP and reuse previous suggestions that match user typed characters
                    - duration between trigger to completion suggestion is displayed 0
2025-12-17 22:41:07.311 [info] _provideInlineCompletionItems called with: {
  documentUri: 'file:///c%3A/Users/user/Desktop/Project_3/_config.yml',
  position: Oo { a: 22, b: 5 },
  context: {
    selectedCompletionInfo: { range: [Hs], text: 'This' },
    triggerKind: 0,
    requestUuid: 'icr-e727567b-e6ff-439a-a0a6-0b751db6e95d',
    requestIssuedDateTime: 1765996867309,
    earliestShownDateTime: 1765996867309
  },
  triggerKind: 'Invoke',
  options: undefined
}
2025-12-17 22:41:07.312 [info] GenerateCompletion activity:\n- not call LSP and reuse previous suggestions that match user typed characters
                    - duration between trigger to completion suggestion is displayed 0
2025-12-17 22:41:07.392 [info] _provideInlineCompletionItems called with: {
  documentUri: 'file:///c%3A/Users/user/Desktop/Project_3/_config.yml',
  position: Oo { a: 22, b: 6 },
  context: {
    selectedCompletionInfo: { range: [Hs], text: 'This' },
    triggerKind: 1,
    requestUuid: 'icr-80d56ad0-9d15-428a-b976-11216971e672',
    requestIssuedDateTime: 1765996867383,
    earliestShownDateTime: 1765996867383
  },
  triggerKind: 'Automatic',
  options: undefined
}
2025-12-17 22:41:07.392 [info] GenerateCompletion activity:\n- not call LSP and reuse previous suggestions that match user typed characters
                    - duration between trigger to completion suggestion is displayed 0
2025-12-17 22:41:07.394 [info] _provideInlineCompletionItems called with: {
  documentUri: 'file:///c%3A/Users/user/Desktop/Project_3/_config.yml',
  position: Oo { a: 22, b: 6 },
  context: {
    selectedCompletionInfo: { range: [Hs], text: 'This' },
    triggerKind: 0,
    requestUuid: 'icr-efb389d7-f29f-414c-95cd-7aee5bd72e76',
    requestIssuedDateTime: 1765996867392,
    earliestShownDateTime: 1765996867392
  },
  triggerKind: 'Invoke',
  options: undefined
}
2025-12-17 22:41:07.395 [info] GenerateCompletion activity:\n- not call LSP and reuse previous suggestions that match user typed characters
                    - duration between trigger to completion suggestion is displayed 0
2025-12-17 22:41:07.496 [info] _provideInlineCompletionItems called with: {
  documentUri: 'file:///c%3A/Users/user/Desktop/Project_3/_config.yml',
  position: Oo { a: 22, b: 7 },
  context: {
    selectedCompletionInfo: undefined,
    triggerKind: 1,
    requestUuid: 'icr-e335ca57-3603-4b1b-8912-6b7c51e7871a',
    requestIssuedDateTime: 1765996867487,
    earliestShownDateTime: 1765996867487
  },
  triggerKind: 'Automatic',
  options: undefined
}
2025-12-17 22:41:07.496 [info] GenerateCompletion activity:\n- not call LSP and reuse previous suggestions that match user typed characters
                    - duration between trigger to completion suggestion is displayed 0
2025-12-17 22:41:07.498 [info] _provideInlineCompletionItems called with: {
  documentUri: 'file:///c%3A/Users/user/Desktop/Project_3/_config.yml',
  position: Oo { a: 22, b: 7 },
  context: {
    selectedCompletionInfo: undefined,
    triggerKind: 0,
    requestUuid: 'icr-aded5fc7-8022-47a6-b264-1f6865e078d5',
    requestIssuedDateTime: 1765996867496,
    earliestShownDateTime: 1765996867496
  },
  triggerKind: 'Invoke',
  options: undefined
}
2025-12-17 22:41:07.499 [info] GenerateCompletion activity:\n- not call LSP and reuse previous suggestions that match user typed characters
                    - duration between trigger to completion suggestion is displayed 0
2025-12-17 22:41:07.651 [info] [Info  - 10:41:07 PM] [2025-12-17T18:41:07.641Z] lserver: GenerateCompletion activity:
@@request metadata@@
    "endpoint": https://codewhisperer.us-east-1.amazonaws.com/,
    "predictionType": Not specified (COMPLETIONS),
    "filename": _config.yml,
    "leftContextLength": 1079,
    rightContextLength: 760,
    "language": yaml,
    "supplementalContextCount": 0,
    "request.nextToken": AQICAHiYv83f2hWtVUDSDMc+rudruCrDuxDN1w74u9tXAFSWFQE3loKYbB5sdzKwkbj2Oay8AAABrDCCAagGCSqGSIb3DQEHBqCCAZkwggGVAgEAMIIBjgYJKoZIhvcNAQcBMB4GCWCGSAFlAwQBLjARBAyJGsewA9ZCRca/pkYCARCAggFfNk7MYesZi3MVrKRyUcXeNsa9yUaqSkc040yADRTmM+y2EB9w8wnS6ke4QN+5HQuiF6hguydAir7Q/gRNCaYYIwtS9JkWmW/f/XxdDd4B0mTW3ZSgaNCilgyX0YGbjPpJuIRbejCHVdcg2Mtlj6DZMJDO/OJnmYzVRmcZ/4SXUWvSsy0ThGrFHDqLxQzHMxu5pGnXK0kptEGVRiGkCgnzp6cV9BEUSUmMWL0HwTo9GMRSOV/yFXN7QnrS+TrP1rEFED86K1J633EnM0/OQIyNhNVNPihJzx1hO9TimTOeH988BxKoIOeCN577pRwL79WJ0XlE0BESvv/lIiKm62o6uoq3u+DsJ8HkXfZNa+I/fJDx2aRoN/9UBP6b/0ByiTv+Hrb613MYIDhbP3qCOvJtuOIux3VkUERnGbxyM/y6m9lqx5/P99NmpygnMAQGee7y78eQED1WmWJxQvHulT6h,
@@response metadata@@
    "requestId": 5485006e-8869-42b2-a33a-495f85c95af3,
    "sessionId": 19ea87b5-5a35-4982-b633-7f7040b2c3f4,
    "response.completions.length": 2,
    "response.predictions.length": 0,
    "predictionType": Not specified (COMPLETIONS),
    "latency": 361,
    "response.nextToken": AQICAHiYv83f2hWtVUDSDMc+rudruCrDuxDN1w74u9tXAFSWFQEErJ8FmC9u8PrP/+bXzGzSAAABrDCCAagGCSqGSIb3DQEHBqCCAZkwggGVAgEAMIIBjgYJKoZIhvcNAQcBMB4GCWCGSAFlAwQBLjARBAxJog8kibc81c5QvpsCARCAggFfpkb1KgY8cy6t6oS07j7bq/eyfhykb+KtWFWCYbjFlRCXe67jaNLXhpMueeSeQSVWZ1dxkMdf59hIjM5Gzzk/RToDQOSGNY1zs9JxZ2B9VDEUP4NOPM6Ch02VXaI9AAVLvYfYYJVsSjLeps62FFncrQ0jrNPw/HmavC06lprw+3PUOsGfnsMlG5ZA27E4a1Obum6T/Rnzgkbfed6ewoa0MYPlt7NbRg7XV0xGCoEpBj46Yl+/guh1IPYxo/KgkfB7Rc7mSudcsnIco2kFwMVZUujT8HvI/g6/9mTToXYzRl/PVf2BTnq2gbOODHlD21v6gCqG9Dzhk6FRpgMmVBAYOftfBhYKmYzQ5OTyFaCtC/8iIzhcgr0iQzIMyt8mQhZ5h6YKxXozA2PEefSRdFNx70WYyOprl4i9PLi6xwz2fL2VHzBh99CgNIsxGjHpNGFPDrdAtil0w8/DMmIKZUiU,
    "firstSuggestion": 
his is a project for the SITE course.
2025-12-17 22:41:07.652 [info] [Info  - 10:41:07 PM] [VSCode Telemetry] Emitting codewhisperer_serviceInvocation telemetry: {"codewhispererRequestId":"5485006e-8869-42b2-a33a-495f85c95af3","codewhispererSessionId":"19ea87b5-5a35-4982-b633-7f7040b2c3f4","codewhispererLastSuggestionIndex":2,"codewhispererCompletionType":"Line","codewhispererTriggerType":"AutoTrigger","codewhispererAutomatedTriggerType":"Classifier","duration":1297,"codewhispererLineNumber":22,"codewhispererCursorOffset":3,"codewhispererLanguage":"yaml","credentialStartUrl":"https://view.awsapps.com/start","result":"Succeeded","codewhispererImportRecommendationEnabled":true}
2025-12-17 22:41:07.655 [info] _provideInlineCompletionItems called with: {
  documentUri: 'file:///c%3A/Users/user/Desktop/Project_3/_config.yml',
  position: Oo { a: 22, b: 8 },
  context: {
    selectedCompletionInfo: undefined,
    triggerKind: 1,
    requestUuid: 'icr-aaf08ae7-5089-4578-abce-365e2e38298b',
    requestIssuedDateTime: 1765996867647,
    earliestShownDateTime: 1765996867647
  },
  triggerKind: 'Automatic',
  options: undefined
}
2025-12-17 22:41:07.671 [info] GenerateCompletion activity:\n- not call LSP and reuse previous suggestions that match user typed characters
                    - duration between trigger to completion suggestion is displayed 0
2025-12-17 22:41:07.676 [info] _provideInlineCompletionItems called with: {
  documentUri: 'file:///c%3A/Users/user/Desktop/Project_3/_config.yml',
  position: Oo { a: 22, b: 8 },
  context: {
    selectedCompletionInfo: { range: [Hs], text: 'is' },
    triggerKind: 0,
    requestUuid: 'icr-f3dfe04b-217d-496a-ad90-6cf05e19e46f',
    requestIssuedDateTime: 1765996867658,
    earliestShownDateTime: 1765996867658
  },
  triggerKind: 'Invoke',
  options: undefined
}
2025-12-17 22:41:07.677 [info] GenerateCompletion activity:\n- not call LSP and reuse previous suggestions that match user typed characters
                    - duration between trigger to completion suggestion is displayed 0
2025-12-17 22:41:08.059 [info] _provideInlineCompletionItems called with: {
  documentUri: 'file:///c%3A/Users/user/Desktop/Project_3/_config.yml',
  position: Oo { a: 22, b: 9 },
  context: {
    selectedCompletionInfo: { range: [Hs], text: 'is' },
    triggerKind: 1,
    requestUuid: 'icr-b66e6d54-39a2-43af-bb13-d28855d7d522',
    requestIssuedDateTime: 1765996868038,
    earliestShownDateTime: 1765996868038
  },
  triggerKind: 'Automatic',
  options: undefined
}
2025-12-17 22:41:08.062 [info] GenerateCompletion activity:\n- not call LSP and reuse previous suggestions that match user typed characters
                    - duration between trigger to completion suggestion is displayed 0
2025-12-17 22:41:08.065 [info] _provideInlineCompletionItems called with: {
  documentUri: 'file:///c%3A/Users/user/Desktop/Project_3/_config.yml',
  position: Oo { a: 22, b: 9 },
  context: {
    selectedCompletionInfo: { range: [Hs], text: 'is' },
    triggerKind: 0,
    requestUuid: 'icr-c4d3428b-4986-4554-a586-299edceaa364',
    requestIssuedDateTime: 1765996868060,
    earliestShownDateTime: 1765996868060
  },
  triggerKind: 'Invoke',
  options: undefined
}
2025-12-17 22:41:08.065 [info] [Info  - 10:41:08 PM] [2025-12-17T18:41:08.062Z] lserver: GenerateCompletion activity:
@@request metadata@@
    "endpoint": https://codewhisperer.us-east-1.amazonaws.com/,
    "predictionType": Not specified (COMPLETIONS),
    "filename": _config.yml,
    "leftContextLength": 1079,
    rightContextLength: 760,
    "language": yaml,
    "supplementalContextCount": 0,
    "request.nextToken": AQICAHiYv83f2hWtVUDSDMc+rudruCrDuxDN1w74u9tXAFSWFQEErJ8FmC9u8PrP/+bXzGzSAAABrDCCAagGCSqGSIb3DQEHBqCCAZkwggGVAgEAMIIBjgYJKoZIhvcNAQcBMB4GCWCGSAFlAwQBLjARBAxJog8kibc81c5QvpsCARCAggFfpkb1KgY8cy6t6oS07j7bq/eyfhykb+KtWFWCYbjFlRCXe67jaNLXhpMueeSeQSVWZ1dxkMdf59hIjM5Gzzk/RToDQOSGNY1zs9JxZ2B9VDEUP4NOPM6Ch02VXaI9AAVLvYfYYJVsSjLeps62FFncrQ0jrNPw/HmavC06lprw+3PUOsGfnsMlG5ZA27E4a1Obum6T/Rnzgkbfed6ewoa0MYPlt7NbRg7XV0xGCoEpBj46Yl+/guh1IPYxo/KgkfB7Rc7mSudcsnIco2kFwMVZUujT8HvI/g6/9mTToXYzRl/PVf2BTnq2gbOODHlD21v6gCqG9Dzhk6FRpgMmVBAYOftfBhYKmYzQ5OTyFaCtC/8iIzhcgr0iQzIMyt8mQhZ5h6YKxXozA2PEefSRdFNx70WYyOprl4i9PLi6xwz2fL2VHzBh99CgNIsxGjHpNGFPDrdAtil0w8/DMmIKZUiU,
@@response metadata@@
    "requestId": 77900ef6-918d-4de7-9708-ca02687df487,
    "sessionId": 19ea87b5-5a35-4982-b633-7f7040b2c3f4,
    "response.completions.length": 1,
    "response.predictions.length": 0,
    "predictionType": Not specified (COMPLETIONS),
    "latency": 391,
    "response.nextToken": AQICAHiYv83f2hWtVUDSDMc+rudruCrDuxDN1w74u9tXAFSWFQFHKmzZI4BB8slK1xn8LOWJAAABrDCCAagGCSqGSIb3DQEHBqCCAZkwggGVAgEAMIIBjgYJKoZIhvcNAQcBMB4GCWCGSAFlAwQBLjARBAzYOi54kbxQnIrbX3wCARCAggFfGox7/G9nYWRE0sPmzI9FDUUZyIx+MsyaUlbznYt+AyGzJfKSBQ1QORjUR7wC9CJKnGkaj/KdZYnFwh+dy4xB/zCE9/7z+3e1yLihCjLww7IOqWC9RB569PO0WGRwDkagL9iuoFQyiZH8ORaSwAB+25s5p8m/OdBThKExIQ4bNcDnYUz3nKqeY5qSaVu0eT4CqgPiOjHLgVB3x2e4Ey4AaFuAoPySTg6bzhn7Uo7Y33QOJ2A3hWemXgBPcWkRH7jUzezDA7E4a/3O/i+/DEZxeotPfGqeSjKqZVajg1O3CUOHCw+DC+t6dj+MzGQrNJU22qLJB9lD/6fnKtEuvDCRd7+UypW6SmH+0Hn3s7DnANClXUb2uMv8o3l8Qg+WtT5Ouf9LA2QaK0ty6VN08E//e7P+uPubLtaA4RykZF3SmTPhL/WfiSbWZxvcLqFDbu+N29e6ptjQNIWsXerT4vjs,
    "firstSuggestion": 
his is a project for the course "Introduction to Programming" at the University of Tübingen.
  The project is about creating a website using Jekyll and GitHub Pages.
2025-12-17 22:41:08.065 [info] GenerateCompletion activity:\n- not call LSP and reuse previous suggestions that match user typed characters
                    - duration between trigger to completion suggestion is displayed 0
2025-12-17 22:41:08.066 [info] [Info  - 10:41:08 PM] [VSCode Telemetry] Emitting codewhisperer_serviceInvocation telemetry: {"codewhispererRequestId":"77900ef6-918d-4de7-9708-ca02687df487","codewhispererSessionId":"19ea87b5-5a35-4982-b633-7f7040b2c3f4","codewhispererLastSuggestionIndex":3,"codewhispererCompletionType":"Line","codewhispererTriggerType":"AutoTrigger","codewhispererAutomatedTriggerType":"Classifier","duration":1719,"codewhispererLineNumber":22,"codewhispererCursorOffset":3,"codewhispererLanguage":"yaml","credentialStartUrl":"https://view.awsapps.com/start","result":"Succeeded","codewhispererImportRecommendationEnabled":true}
2025-12-17 22:41:08.161 [info] _provideInlineCompletionItems called with: {
  documentUri: 'file:///c%3A/Users/user/Desktop/Project_3/_config.yml',
  position: Oo { a: 22, b: 10 },
  context: {
    selectedCompletionInfo: undefined,
    triggerKind: 1,
    requestUuid: 'icr-03255387-c90d-430c-bdc9-0de37e120ff6',
    requestIssuedDateTime: 1765996868152,
    earliestShownDateTime: 1765996868152
  },
  triggerKind: 'Automatic',
  options: undefined
}
2025-12-17 22:41:08.161 [info] GenerateCompletion activity:\n- not call LSP and reuse previous suggestions that match user typed characters
                    - duration between trigger to completion suggestion is displayed 0
2025-12-17 22:41:08.164 [info] _provideInlineCompletionItems called with: {
  documentUri: 'file:///c%3A/Users/user/Desktop/Project_3/_config.yml',
  position: Oo { a: 22, b: 10 },
  context: {
    selectedCompletionInfo: undefined,
    triggerKind: 0,
    requestUuid: 'icr-4e05d350-cf91-447a-a707-12116b6416b2',
    requestIssuedDateTime: 1765996868161,
    earliestShownDateTime: 1765996868161
  },
  triggerKind: 'Invoke',
  options: undefined
}
2025-12-17 22:41:08.164 [info] GenerateCompletion activity:\n- not call LSP and reuse previous suggestions that match user typed characters
                    - duration between trigger to completion suggestion is displayed 0
2025-12-17 22:41:08.464 [info] _provideInlineCompletionItems called with: {
  documentUri: 'file:///c%3A/Users/user/Desktop/Project_3/_config.yml',
  position: Oo { a: 22, b: 11 },
  context: {
    selectedCompletionInfo: undefined,
    triggerKind: 1,
    requestUuid: 'icr-93419618-70cc-40cd-8e71-9592b8369063',
    requestIssuedDateTime: 1765996868449,
    earliestShownDateTime: 1765996868449
  },
  triggerKind: 'Automatic',
  options: undefined
}
2025-12-17 22:41:08.465 [info] GenerateCompletion activity:\n
2025-12-17 22:41:08.466 [info] [Info  - 10:41:08 PM] [VSCode Telemetry] Emitting codewhisperer_perceivedLatency telemetry: {"codewhispererRequestId":"4d3d8618-cfaa-4ca7-a13f-ec9b4eb16825","codewhispererSessionId":"19ea87b5-5a35-4982-b633-7f7040b2c3f4","codewhispererCompletionType":"Line","codewhispererTriggerType":"AutoTrigger","duration":933,"codewhispererLanguage":"yaml","credentialStartUrl":"https://view.awsapps.com/start","result":"Succeeded","passive":true}
2025-12-17 22:41:08.467 [info] [Info  - 10:41:08 PM] [VSCode Telemetry] Emitting codewhisperer_userTriggerDecision telemetry: {"codewhispererSessionId":"19ea87b5-5a35-4982-b633-7f7040b2c3f4","codewhispererFirstRequestId":"4d3d8618-cfaa-4ca7-a13f-ec9b4eb16825","credentialStartUrl":"https://view.awsapps.com/start","codewhispererSuggestionState":"Reject","codewhispererCompletionType":"Line","codewhispererLanguage":"yaml","codewhispererTriggerType":"AutoTrigger","codewhispererAutomatedTriggerType":"Classifier","codewhispererLineNumber":22,"codewhispererCursorOffset":3,"codewhispererSuggestionCount":4,"codewhispererClassifierResult":0.5052988364662786,"codewhispererClassifierThreshold":0.43,"codewhispererTotalShownTime":2123,"codewhispererTypeaheadLength":0,"codewhispererTimeSinceLastDocumentChange":303,"codewhispererTimeSinceLastUserDecision":0,"codewhispererTimeToFirstRecommendation":927,"codewhispererPreviousSuggestionState":"Discard","codewhispererCharactersAccepted":0,"codewhispererSuggestionImportCount":0}
2025-12-17 22:41:08.467 [info] [Info  - 10:41:08 PM] [2025-12-17T18:41:08.465Z] lserver: Invoking SendTelemetryEvent:UserTriggerDecisionEvent:
            "requestId": 4d3d8618-cfaa-4ca7-a13f-ec9b4eb16825
            "suggestionState": REJECT
            "acceptedCharacterCount": 0
            "addedCharacterCount": 0
            "deletedCharacterCount": 0
            "streakLength": -1,
            "preprocessLatency": 262,
            "triggerToResponseLatencyMilliseconds: 927",
            "firstCompletionDisplayLatency: 933,
            "suggestionType": COMPLETIONS
            "userDecisionReason": IMPLICIT_REJECT
2025-12-17 22:41:08.476 [info] _provideInlineCompletionItems called with: {
  documentUri: 'file:///c%3A/Users/user/Desktop/Project_3/_config.yml',
  position: Oo { a: 22, b: 11 },
  context: {
    selectedCompletionInfo: { range: [Hs], text: 'markdown' },
    triggerKind: 1,
    requestUuid: 'icr-43e55e38-73e8-419c-b4eb-b66ca8a72fe2',
    requestIssuedDateTime: 1765996868471,
    earliestShownDateTime: 1765996868471
  },
  triggerKind: 'Automatic',
  options: undefined
}
2025-12-17 22:41:08.477 [info] Sending inline completion request: {
  method: 'aws/textDocument/inlineCompletionWithReferences',
  request: {
    textDocument: { uri: 'file:///c%3A/Users/user/Desktop/Project_3/_config.yml' },
    position: Oo { a: 22, b: 11 },
    context: { triggerKind: 1, selectedCompletionInfo: [Object] },
    nextToken: undefined
  }
}
2025-12-17 22:41:08.478 [info] Received inline completion response from LSP: { sessionId: '', latency: 2, itemCount: 0, items: [] }
2025-12-17 22:41:08.478 [info] GenerateCompletion activity:\n- number of suggestions: 0
- sessionId: 
- first suggestion content (next line):
no suggestion
- duration between trigger to before sending LSP call: 0ms
- duration between trigger to after receiving LSP response: 2ms
- duration between before sending LSP call to after receving LSP response: 2ms
Failed to produce inline suggestion results. Received 0 items from service
2025-12-17 22:41:09.274 [info] _provideInlineCompletionItems called with: {
  documentUri: 'file:///c%3A/Users/user/Desktop/Project_3/_config.yml',
  position: Oo { a: 22, b: 12 },
  context: {
    selectedCompletionInfo: { range: [Hs], text: 'myvariable' },
    triggerKind: 1,
    requestUuid: 'icr-2dd152b8-1da7-46fd-b1e5-7d6100cfc3ab',
    requestIssuedDateTime: 1765996869264,
    earliestShownDateTime: 1765996869264
  },
  triggerKind: 'Automatic',
  options: undefined
}
2025-12-17 22:41:09.275 [info] Sending inline completion request: {
  method: 'aws/textDocument/inlineCompletionWithReferences',
  request: {
    textDocument: { uri: 'file:///c%3A/Users/user/Desktop/Project_3/_config.yml' },
    position: Oo { a: 22, b: 12 },
    context: { triggerKind: 1, selectedCompletionInfo: [Object] },
    nextToken: undefined
  }
}
2025-12-17 22:41:09.277 [info] Received inline completion response from LSP: { sessionId: '', latency: 2, itemCount: 0, items: [] }
2025-12-17 22:41:09.277 [info] GenerateCompletion activity:\n- number of suggestions: 0
- sessionId: 
- first suggestion content (next line):
no suggestion
- duration between trigger to before sending LSP call: 0ms
- duration between trigger to after receiving LSP response: 3ms
- duration between before sending LSP call to after receving LSP response: 3ms
Failed to produce inline suggestion results. Received 0 items from service
2025-12-17 22:41:09.656 [info] _provideInlineCompletionItems called with: {
  documentUri: 'file:///c%3A/Users/user/Desktop/Project_3/_config.yml',
  position: Oo { a: 22, b: 13 },
  context: {
    selectedCompletionInfo: undefined,
    triggerKind: 1,
    requestUuid: 'icr-b1ea7317-5b07-4a20-858a-a0d273864425',
    requestIssuedDateTime: 1765996869644,
    earliestShownDateTime: 1765996869644
  },
  triggerKind: 'Automatic',
  options: undefined
}
2025-12-17 22:41:09.657 [info] Sending inline completion request: {
  method: 'aws/textDocument/inlineCompletionWithReferences',
  request: {
    textDocument: { uri: 'file:///c%3A/Users/user/Desktop/Project_3/_config.yml' },
    position: Oo { a: 22, b: 13 },
    context: { triggerKind: 1, selectedCompletionInfo: undefined },
    nextToken: undefined
  }
}
2025-12-17 22:41:09.658 [info] Received inline completion response from LSP: { sessionId: '', latency: 2, itemCount: 0, items: [] }
2025-12-17 22:41:09.658 [info] GenerateCompletion activity:\n- number of suggestions: 0
- sessionId: 
- first suggestion content (next line):
no suggestion
- duration between trigger to before sending LSP call: 0ms
- duration between trigger to after receiving LSP response: 2ms
- duration between before sending LSP call to after receving LSP response: 2ms
Failed to produce inline suggestion results. Received 0 items from service
2025-12-17 22:41:09.822 [info] [Info  - 10:41:09 PM] [2025-12-17T18:41:09.821Z] lserver: GenerateCompletion activity:
@@request metadata@@
    "endpoint": https://codewhisperer.us-east-1.amazonaws.com/,
    "predictionType": Not specified (COMPLETIONS),
    "filename": _config.yml,
    "leftContextLength": 1079,
    rightContextLength: 760,
    "language": yaml,
    "supplementalContextCount": 0,
    "request.nextToken": AQICAHiYv83f2hWtVUDSDMc+rudruCrDuxDN1w74u9tXAFSWFQFHKmzZI4BB8slK1xn8LOWJAAABrDCCAagGCSqGSIb3DQEHBqCCAZkwggGVAgEAMIIBjgYJKoZIhvcNAQcBMB4GCWCGSAFlAwQBLjARBAzYOi54kbxQnIrbX3wCARCAggFfGox7/G9nYWRE0sPmzI9FDUUZyIx+MsyaUlbznYt+AyGzJfKSBQ1QORjUR7wC9CJKnGkaj/KdZYnFwh+dy4xB/zCE9/7z+3e1yLihCjLww7IOqWC9RB569PO0WGRwDkagL9iuoFQyiZH8ORaSwAB+25s5p8m/OdBThKExIQ4bNcDnYUz3nKqeY5qSaVu0eT4CqgPiOjHLgVB3x2e4Ey4AaFuAoPySTg6bzhn7Uo7Y33QOJ2A3hWemXgBPcWkRH7jUzezDA7E4a/3O/i+/DEZxeotPfGqeSjKqZVajg1O3CUOHCw+DC+t6dj+MzGQrNJU22qLJB9lD/6fnKtEuvDCRd7+UypW6SmH+0Hn3s7DnANClXUb2uMv8o3l8Qg+WtT5Ouf9LA2QaK0ty6VN08E//e7P+uPubLtaA4RykZF3SmTPhL/WfiSbWZxvcLqFDbu+N29e6ptjQNIWsXerT4vjs,
@@response metadata@@
    "requestId": 5a1a335e-8db4-40f8-8ca4-1c29818d9ac0,
    "sessionId": 19ea87b5-5a35-4982-b633-7f7040b2c3f4,
    "response.completions.length": 0,
    "response.predictions.length": 0,
    "predictionType": Not specified (COMPLETIONS),
    "latency": 1754,
    "response.nextToken": ,
    "firstSuggestion": No suggestion
2025-12-17 22:41:09.823 [info] [Info  - 10:41:09 PM] [VSCode Telemetry] Emitting codewhisperer_serviceInvocation telemetry: {"codewhispererRequestId":"5a1a335e-8db4-40f8-8ca4-1c29818d9ac0","codewhispererSessionId":"19ea87b5-5a35-4982-b633-7f7040b2c3f4","codewhispererLastSuggestionIndex":3,"codewhispererCompletionType":"Line","codewhispererTriggerType":"AutoTrigger","codewhispererAutomatedTriggerType":"Classifier","duration":3477,"codewhispererLineNumber":22,"codewhispererCursorOffset":3,"codewhispererLanguage":"yaml","credentialStartUrl":"https://view.awsapps.com/start","result":"Succeeded","codewhispererImportRecommendationEnabled":true}
2025-12-17 22:41:10.561 [info] _provideInlineCompletionItems called with: {
  documentUri: 'file:///c%3A/Users/user/Desktop/Project_3/_config.yml',
  position: Oo { a: 22, b: 53 },
  context: {
    selectedCompletionInfo: undefined,
    triggerKind: 1,
    requestUuid: 'icr-ea76f6e1-1e3d-407d-ada7-0329cecea780',
    requestIssuedDateTime: 1765996870545,
    earliestShownDateTime: 1765996870545
  },
  triggerKind: 'Automatic',
  options: undefined
}
2025-12-17 22:41:10.562 [info] Sending inline completion request: {
  method: 'aws/textDocument/inlineCompletionWithReferences',
  request: {
    textDocument: { uri: 'file:///c%3A/Users/user/Desktop/Project_3/_config.yml' },
    position: Oo { a: 22, b: 53 },
    context: { triggerKind: 1, selectedCompletionInfo: undefined },
    nextToken: undefined
  }
}
2025-12-17 22:41:10.566 [info] Received inline completion response from LSP: { sessionId: '', latency: 4, itemCount: 0, items: [] }
2025-12-17 22:41:10.566 [info] GenerateCompletion activity:\n- number of suggestions: 0
- sessionId: 
- first suggestion content (next line):
no suggestion
- duration between trigger to before sending LSP call: 0ms
- duration between trigger to after receiving LSP response: 4ms
- duration between before sending LSP call to after receving LSP response: 4ms
Failed to produce inline suggestion results. Received 0 items from service
2025-12-17 22:41:12.043 [info] _provideInlineCompletionItems called with: {
  documentUri: 'file:///c%3A/Users/user/Desktop/Project_3/_config.yml',
  position: Oo { a: 23, b: 53 },
  context: {
    selectedCompletionInfo: undefined,
    triggerKind: 1,
    requestUuid: 'icr-29ee5180-ddee-4050-b187-beb225be3bf4',
    requestIssuedDateTime: 1765996872032,
    earliestShownDateTime: 1765996872032
  },
  triggerKind: 'Automatic',
  options: undefined
}
2025-12-17 22:41:12.043 [info] Sending inline completion request: {
  method: 'aws/textDocument/inlineCompletionWithReferences',
  request: {
    textDocument: { uri: 'file:///c%3A/Users/user/Desktop/Project_3/_config.yml' },
    position: Oo { a: 23, b: 53 },
    context: { triggerKind: 1, selectedCompletionInfo: undefined },
    nextToken: undefined
  }
}
2025-12-17 22:41:12.051 [info] Received inline completion response from LSP: { sessionId: '', latency: 7, itemCount: 0, items: [] }
2025-12-17 22:41:12.051 [info] GenerateCompletion activity:\n- number of suggestions: 0
- sessionId: 
- first suggestion content (next line):
no suggestion
- duration between trigger to before sending LSP call: 0ms
- duration between trigger to after receiving LSP response: 7ms
- duration between before sending LSP call to after receving LSP response: 7ms
Failed to produce inline suggestion results. Received 0 items from service
2025-12-17 22:41:19.498 [info] _provideInlineCompletionItems called with: {
  documentUri: 'file:///c%3A/Users/user/Desktop/Project_3/_config.yml',
  position: Oo { a: 24, b: 26 },
  context: {
    selectedCompletionInfo: undefined,
    triggerKind: 1,
    requestUuid: 'icr-635c6a8f-9f56-44ba-b271-87c61e2c77d7',
    requestIssuedDateTime: 1765996879495,
    earliestShownDateTime: 1765996879495
  },
  triggerKind: 'Automatic',
  options: undefined
}
2025-12-17 22:41:19.498 [info] Sending inline completion request: {
  method: 'aws/textDocument/inlineCompletionWithReferences',
  request: {
    textDocument: { uri: 'file:///c%3A/Users/user/Desktop/Project_3/_config.yml' },
    position: Oo { a: 24, b: 26 },
    context: { triggerKind: 1, selectedCompletionInfo: undefined },
    nextToken: undefined
  }
}
2025-12-17 22:41:19.500 [info] Received inline completion response from LSP: { sessionId: '', latency: 2, itemCount: 0, items: [] }
2025-12-17 22:41:19.500 [info] GenerateCompletion activity:\n- number of suggestions: 0
- sessionId: 
- first suggestion content (next line):
no suggestion
- duration between trigger to before sending LSP call: 0ms
- duration between trigger to after receiving LSP response: 2ms
- duration between before sending LSP call to after receving LSP response: 2ms
Failed to produce inline suggestion results. Received 0 items from service
2025-12-17 22:41:19.679 [info] _provideInlineCompletionItems called with: {
  documentUri: 'file:///c%3A/Users/user/Desktop/Project_3/_config.yml',
  position: Oo { a: 25, b: 26 },
  context: {
    selectedCompletionInfo: undefined,
    triggerKind: 1,
    requestUuid: 'icr-ada4232c-fd49-4943-ae10-ca6564899e5d',
    requestIssuedDateTime: 1765996879676,
    earliestShownDateTime: 1765996879676
  },
  triggerKind: 'Automatic',
  options: undefined
}
2025-12-17 22:41:19.679 [info] Sending inline completion request: {
  method: 'aws/textDocument/inlineCompletionWithReferences',
  request: {
    textDocument: { uri: 'file:///c%3A/Users/user/Desktop/Project_3/_config.yml' },
    position: Oo { a: 25, b: 26 },
    context: { triggerKind: 1, selectedCompletionInfo: undefined },
    nextToken: undefined
  }
}
2025-12-17 22:41:19.681 [info] Received inline completion response from LSP: { sessionId: '', latency: 2, itemCount: 0, items: [] }
2025-12-17 22:41:19.681 [info] GenerateCompletion activity:\n- number of suggestions: 0
- sessionId: 
- first suggestion content (next line):
no suggestion
- duration between trigger to before sending LSP call: 0ms
- duration between trigger to after receiving LSP response: 2ms
- duration between before sending LSP call to after receving LSP response: 2ms
Failed to produce inline suggestion results. Received 0 items from service
2025-12-17 22:41:23.894 [info] _provideInlineCompletionItems called with: {
  documentUri: 'file:///c%3A/Users/user/Desktop/Project_3/_config.yml',
  position: Oo { a: 24, b: 11 },
  context: {
    selectedCompletionInfo: undefined,
    triggerKind: 1,
    requestUuid: 'icr-0eb2b638-6705-454b-ad91-04e6a7c2cfc5',
    requestIssuedDateTime: 1765996883885,
    earliestShownDateTime: 1765996883885
  },
  triggerKind: 'Automatic',
  options: undefined
}
2025-12-17 22:41:23.894 [info] Sending inline completion request: {
  method: 'aws/textDocument/inlineCompletionWithReferences',
  request: {
    textDocument: { uri: 'file:///c%3A/Users/user/Desktop/Project_3/_config.yml' },
    position: Oo { a: 24, b: 11 },
    context: { triggerKind: 1, selectedCompletionInfo: undefined },
    nextToken: undefined
  }
}
2025-12-17 22:41:23.897 [info] Received inline completion response from LSP: { sessionId: '', latency: 3, itemCount: 0, items: [] }
2025-12-17 22:41:23.897 [info] GenerateCompletion activity:\n- number of suggestions: 0
- sessionId: 
- first suggestion content (next line):
no suggestion
- duration between trigger to before sending LSP call: 0ms
- duration between trigger to after receiving LSP response: 3ms
- duration between before sending LSP call to after receving LSP response: 3ms
Failed to produce inline suggestion results. Received 0 items from service
2025-12-17 22:42:03.418 [info] _provideInlineCompletionItems called with: {
  documentUri: 'file:///c%3A/Users/user/Desktop/Project_3/_config.yml',
  position: Oo { a: 24, b: 10 },
  context: {
    selectedCompletionInfo: undefined,
    triggerKind: 1,
    requestUuid: 'icr-7c3cf85d-b837-4914-bb25-a492ecafd256',
    requestIssuedDateTime: 1765996923408,
    earliestShownDateTime: 1765996923408
  },
  triggerKind: 'Automatic',
  options: undefined
}
2025-12-17 22:42:03.418 [info] Sending inline completion request: {
  method: 'aws/textDocument/inlineCompletionWithReferences',
  request: {
    textDocument: { uri: 'file:///c%3A/Users/user/Desktop/Project_3/_config.yml' },
    position: Oo { a: 24, b: 10 },
    context: { triggerKind: 1, selectedCompletionInfo: undefined },
    nextToken: undefined
  }
}
2025-12-17 22:42:03.419 [info] Received inline completion response from LSP: { sessionId: '', latency: 1, itemCount: 0, items: [] }
2025-12-17 22:42:03.419 [info] GenerateCompletion activity:\n- number of suggestions: 0
- sessionId: 
- first suggestion content (next line):
no suggestion
- duration between trigger to before sending LSP call: 0ms
- duration between trigger to after receiving LSP response: 1ms
- duration between before sending LSP call to after receving LSP response: 1ms
Failed to produce inline suggestion results. Received 0 items from service
2025-12-17 22:42:03.592 [info] _provideInlineCompletionItems called with: {
  documentUri: 'file:///c%3A/Users/user/Desktop/Project_3/_config.yml',
  position: Oo { a: 24, b: 45 },
  context: {
    selectedCompletionInfo: undefined,
    triggerKind: 1,
    requestUuid: 'icr-c58a4d90-dcbe-4a00-bdf7-20cd954f40fd',
    requestIssuedDateTime: 1765996923585,
    earliestShownDateTime: 1765996923585
  },
  triggerKind: 'Automatic',
  options: undefined
}
2025-12-17 22:42:03.592 [info] Sending inline completion request: {
  method: 'aws/textDocument/inlineCompletionWithReferences',
  request: {
    textDocument: { uri: 'file:///c%3A/Users/user/Desktop/Project_3/_config.yml' },
    position: Oo { a: 24, b: 45 },
    context: { triggerKind: 1, selectedCompletionInfo: undefined },
    nextToken: undefined
  }
}
2025-12-17 22:42:03.594 [info] Received inline completion response from LSP: { sessionId: '', latency: 1, itemCount: 0, items: [] }
2025-12-17 22:42:03.594 [info] GenerateCompletion activity:\n- number of suggestions: 0
- sessionId: 
- first suggestion content (next line):
no suggestion
- duration between trigger to before sending LSP call: 1ms
- duration between trigger to after receiving LSP response: 2ms
- duration between before sending LSP call to after receving LSP response: 1ms
Failed to produce inline suggestion results. Received 0 items from service
2025-12-17 22:42:39.833 [info] _provideInlineCompletionItems called with: {
  documentUri: 'file:///c%3A/Users/user/Desktop/Project_3/_config.yml',
  position: Oo { a: 25, b: 41 },
  context: {
    selectedCompletionInfo: undefined,
    triggerKind: 1,
    requestUuid: 'icr-ca9106da-db53-4fb1-acbf-e2e2866f1b9b',
    requestIssuedDateTime: 1765996959829,
    earliestShownDateTime: 1765996959829
  },
  triggerKind: 'Automatic',
  options: undefined
}
2025-12-17 22:42:39.833 [info] Sending inline completion request: {
  method: 'aws/textDocument/inlineCompletionWithReferences',
  request: {
    textDocument: { uri: 'file:///c%3A/Users/user/Desktop/Project_3/_config.yml' },
    position: Oo { a: 25, b: 41 },
    context: { triggerKind: 1, selectedCompletionInfo: undefined },
    nextToken: undefined
  }
}
2025-12-17 22:42:39.835 [info] Received inline completion response from LSP: { sessionId: '', latency: 1, itemCount: 0, items: [] }
2025-12-17 22:42:39.835 [info] GenerateCompletion activity:\n- number of suggestions: 0
- sessionId: 
- first suggestion content (next line):
no suggestion
- duration between trigger to before sending LSP call: 0ms
- duration between trigger to after receiving LSP response: 2ms
- duration between before sending LSP call to after receving LSP response: 2ms
Failed to produce inline suggestion results. Received 0 items from service
2025-12-17 22:42:44.362 [info] _provideInlineCompletionItems called with: {
  documentUri: 'file:///c%3A/Users/user/Desktop/Project_3/_config.yml',
  position: Oo { a: 25, b: 41 },
  context: {
    selectedCompletionInfo: undefined,
    triggerKind: 1,
    requestUuid: 'icr-16834e52-5ec4-4de1-b560-fb335265f55f',
    requestIssuedDateTime: 1765996964345,
    earliestShownDateTime: 1765996964345
  },
  triggerKind: 'Automatic',
  options: undefined
}
2025-12-17 22:42:44.363 [info] Sending inline completion request: {
  method: 'aws/textDocument/inlineCompletionWithReferences',
  request: {
    textDocument: { uri: 'file:///c%3A/Users/user/Desktop/Project_3/_config.yml' },
    position: Oo { a: 25, b: 41 },
    context: { triggerKind: 1, selectedCompletionInfo: undefined },
    nextToken: undefined
  }
}
2025-12-17 22:42:44.364 [info] Received inline completion response from LSP: { sessionId: '', latency: 1, itemCount: 0, items: [] }
2025-12-17 22:42:44.364 [info] GenerateCompletion activity:\n- number of suggestions: 0
- sessionId: 
- first suggestion content (next line):
no suggestion
- duration between trigger to before sending LSP call: 0ms
- duration between trigger to after receiving LSP response: 2ms
- duration between before sending LSP call to after receving LSP response: 2ms
Failed to produce inline suggestion results. Received 0 items from service
2025-12-17 22:42:46.032 [info] _provideInlineCompletionItems called with: {
  documentUri: 'file:///c%3A/Users/user/Desktop/Project_3/_config.yml',
  position: Oo { a: 25, b: 6 },
  context: {
    selectedCompletionInfo: undefined,
    triggerKind: 1,
    requestUuid: 'icr-ea7dcc2c-f83c-427a-b5d4-3408d7021ec8',
    requestIssuedDateTime: 1765996966028,
    earliestShownDateTime: 1765996966028
  },
  triggerKind: 'Automatic',
  options: undefined
}
2025-12-17 22:42:46.032 [info] Sending inline completion request: {
  method: 'aws/textDocument/inlineCompletionWithReferences',
  request: {
    textDocument: { uri: 'file:///c%3A/Users/user/Desktop/Project_3/_config.yml' },
    position: Oo { a: 25, b: 6 },
    context: { triggerKind: 1, selectedCompletionInfo: undefined },
    nextToken: undefined
  }
}
2025-12-17 22:42:46.033 [info] Received inline completion response from LSP: { sessionId: '', latency: 2, itemCount: 0, items: [] }
2025-12-17 22:42:46.033 [info] GenerateCompletion activity:\n- number of suggestions: 0
- sessionId: 
- first suggestion content (next line):
no suggestion
- duration between trigger to before sending LSP call: 0ms
- duration between trigger to after receiving LSP response: 2ms
- duration between before sending LSP call to after receving LSP response: 2ms
Failed to produce inline suggestion results. Received 0 items from service
2025-12-17 22:42:46.838 [info] _provideInlineCompletionItems called with: {
  documentUri: 'file:///c%3A/Users/user/Desktop/Project_3/_config.yml',
  position: Oo { a: 25, b: 5 },
  context: {
    selectedCompletionInfo: undefined,
    triggerKind: 1,
    requestUuid: 'icr-ca655855-11d6-4c2d-ba40-8ce586d6090d',
    requestIssuedDateTime: 1765996966812,
    earliestShownDateTime: 1765996966812
  },
  triggerKind: 'Automatic',
  options: undefined
}
2025-12-17 22:42:46.838 [info] Sending inline completion request: {
  method: 'aws/textDocument/inlineCompletionWithReferences',
  request: {
    textDocument: { uri: 'file:///c%3A/Users/user/Desktop/Project_3/_config.yml' },
    position: Oo { a: 25, b: 5 },
    context: { triggerKind: 1, selectedCompletionInfo: undefined },
    nextToken: undefined
  }
}
2025-12-17 22:42:46.840 [info] Received inline completion response from LSP: { sessionId: '', latency: 2, itemCount: 0, items: [] }
2025-12-17 22:42:46.840 [info] GenerateCompletion activity:\n- number of suggestions: 0
- sessionId: 
- first suggestion content (next line):
no suggestion
- duration between trigger to before sending LSP call: 0ms
- duration between trigger to after receiving LSP response: 2ms
- duration between before sending LSP call to after receving LSP response: 2ms
Failed to produce inline suggestion results. Received 0 items from service
2025-12-17 22:43:24.411 [info] _provideInlineCompletionItems called with: {
  documentUri: 'file:///c%3A/Users/user/Desktop/Project_3/_config.yml',
  position: Oo { a: 24, b: 10 },
  context: {
    selectedCompletionInfo: undefined,
    triggerKind: 1,
    requestUuid: 'icr-54752167-577f-4af6-be45-a22ee855ebd1',
    requestIssuedDateTime: 1765997004398,
    earliestShownDateTime: 1765997004398
  },
  triggerKind: 'Automatic',
  options: undefined
}
2025-12-17 22:43:24.411 [info] Sending inline completion request: {
  method: 'aws/textDocument/inlineCompletionWithReferences',
  request: {
    textDocument: { uri: 'file:///c%3A/Users/user/Desktop/Project_3/_config.yml' },
    position: Oo { a: 24, b: 10 },
    context: { triggerKind: 1, selectedCompletionInfo: undefined },
    nextToken: undefined
  }
}
2025-12-17 22:43:24.412 [info] Received inline completion response from LSP: { sessionId: '', latency: 1, itemCount: 0, items: [] }
2025-12-17 22:43:24.412 [info] GenerateCompletion activity:\n- number of suggestions: 0
- sessionId: 
- first suggestion content (next line):
no suggestion
- duration between trigger to before sending LSP call: 0ms
- duration between trigger to after receiving LSP response: 1ms
- duration between before sending LSP call to after receving LSP response: 1ms
Failed to produce inline suggestion results. Received 0 items from service
2025-12-17 22:43:24.588 [info] _provideInlineCompletionItems called with: {
  documentUri: 'file:///c%3A/Users/user/Desktop/Project_3/_config.yml',
  position: Oo { a: 24, b: 9 },
  context: {
    selectedCompletionInfo: undefined,
    triggerKind: 1,
    requestUuid: 'icr-4c583b1b-c9fc-4c93-9fd1-5d43dc1b0869',
    requestIssuedDateTime: 1765997004573,
    earliestShownDateTime: 1765997004573
  },
  triggerKind: 'Automatic',
  options: undefined
}
2025-12-17 22:43:24.588 [info] Sending inline completion request: {
  method: 'aws/textDocument/inlineCompletionWithReferences',
  request: {
    textDocument: { uri: 'file:///c%3A/Users/user/Desktop/Project_3/_config.yml' },
    position: Oo { a: 24, b: 9 },
    context: { triggerKind: 1, selectedCompletionInfo: undefined },
    nextToken: undefined
  }
}
2025-12-17 22:43:24.589 [info] Received inline completion response from LSP: { sessionId: '', latency: 1, itemCount: 0, items: [] }
2025-12-17 22:43:24.589 [info] GenerateCompletion activity:\n- number of suggestions: 0
- sessionId: 
- first suggestion content (next line):
no suggestion
- duration between trigger to before sending LSP call: 0ms
- duration between trigger to after receiving LSP response: 1ms
- duration between before sending LSP call to after receving LSP response: 1ms
Failed to produce inline suggestion results. Received 0 items from service
2025-12-17 22:43:29.302 [info] _provideInlineCompletionItems called with: {
  documentUri: 'file:///c%3A/Users/user/Desktop/Project_3/_config.yml',
  position: Oo { a: 24, b: 10 },
  context: {
    selectedCompletionInfo: undefined,
    triggerKind: 1,
    requestUuid: 'icr-6754a172-917f-4872-a644-2809542e8d25',
    requestIssuedDateTime: 1765997009294,
    earliestShownDateTime: 1765997009294
  },
  triggerKind: 'Automatic',
  options: undefined
}
2025-12-17 22:43:29.302 [info] Sending inline completion request: {
  method: 'aws/textDocument/inlineCompletionWithReferences',
  request: {
    textDocument: { uri: 'file:///c%3A/Users/user/Desktop/Project_3/_config.yml' },
    position: Oo { a: 24, b: 10 },
    context: { triggerKind: 1, selectedCompletionInfo: undefined },
    nextToken: undefined
  }
}
2025-12-17 22:43:29.304 [info] Received inline completion response from LSP: { sessionId: '', latency: 1, itemCount: 0, items: [] }
2025-12-17 22:43:29.304 [info] GenerateCompletion activity:\n- number of suggestions: 0
- sessionId: 
- first suggestion content (next line):
no suggestion
- duration between trigger to before sending LSP call: 0ms
- duration between trigger to after receiving LSP response: 1ms
- duration between before sending LSP call to after receving LSP response: 1ms
Failed to produce inline suggestion results. Received 0 items from service
2025-12-17 22:43:32.086 [info] _provideInlineCompletionItems called with: {
  documentUri: 'file:///c%3A/Users/user/Desktop/Project_3/_config.yml',
  position: Oo { a: 24, b: 11 },
  context: {
    selectedCompletionInfo: undefined,
    triggerKind: 1,
    requestUuid: 'icr-976b91fb-57b9-4d35-8ae1-5cdcbff3d85d',
    requestIssuedDateTime: 1765997012079,
    earliestShownDateTime: 1765997012079
  },
  triggerKind: 'Automatic',
  options: undefined
}
2025-12-17 22:43:32.086 [info] Sending inline completion request: {
  method: 'aws/textDocument/inlineCompletionWithReferences',
  request: {
    textDocument: { uri: 'file:///c%3A/Users/user/Desktop/Project_3/_config.yml' },
    position: Oo { a: 24, b: 11 },
    context: { triggerKind: 1, selectedCompletionInfo: undefined },
    nextToken: undefined
  }
}
2025-12-17 22:43:32.100 [info] _provideInlineCompletionItems called with: {
  documentUri: 'file:///c%3A/Users/user/Desktop/Project_3/_config.yml',
  position: Oo { a: 24, b: 11 },
  context: {
    selectedCompletionInfo: { range: [Hs], text: 'Pages' },
    triggerKind: 1,
    requestUuid: 'icr-bb94f982-7ab5-4814-b54a-29ef7c977cde',
    requestIssuedDateTime: 1765997012093,
    earliestShownDateTime: 1765997012093
  },
  triggerKind: 'Automatic',
  options: undefined
}
2025-12-17 22:43:32.100 [info] Reusing pending inline completion request to avoid race condition
2025-12-17 22:43:32.367 [info] _provideInlineCompletionItems called with: {
  documentUri: 'file:///c%3A/Users/user/Desktop/Project_3/_config.yml',
  position: Oo { a: 24, b: 12 },
  context: {
    selectedCompletionInfo: { range: [Hs], text: 'process' },
    triggerKind: 1,
    requestUuid: 'icr-7065fe5a-68b3-4132-8410-290fa19d4ed8',
    requestIssuedDateTime: 1765997012353,
    earliestShownDateTime: 1765997012353
  },
  triggerKind: 'Automatic',
  options: undefined
}
2025-12-17 22:43:32.367 [info] Reusing pending inline completion request to avoid race condition
2025-12-17 22:43:32.436 [info] _provideInlineCompletionItems called with: {
  documentUri: 'file:///c%3A/Users/user/Desktop/Project_3/_config.yml',
  position: Oo { a: 24, b: 13 },
  context: {
    selectedCompletionInfo: { range: [Hs], text: 'process' },
    triggerKind: 1,
    requestUuid: 'icr-6ad5f76e-5a0d-4e49-946f-3939dc17c4e0',
    requestIssuedDateTime: 1765997012428,
    earliestShownDateTime: 1765997012428
  },
  triggerKind: 'Automatic',
  options: undefined
}
2025-12-17 22:43:32.436 [info] Reusing pending inline completion request to avoid race condition
2025-12-17 22:43:32.701 [info] [Info  - 10:43:32 PM] [2025-12-17T18:43:32.697Z] lserver: GenerateCompletion activity:
@@request metadata@@
    "endpoint": https://codewhisperer.us-east-1.amazonaws.com/,
    "predictionType": Not specified (COMPLETIONS),
    "filename": _config.yml,
    "leftContextLength": 1195,
    rightContextLength: 781,
    "language": yaml,
    "supplementalContextCount": 0,
    "request.nextToken": undefined,
@@response metadata@@
    "requestId": aed9c15c-142a-4b65-ae81-426d5db28309,
    "sessionId": 6630ab64-c0c1-4ef0-b5ae-25711082a27b,
    "response.completions.length": 0,
    "response.predictions.length": 0,
    "predictionType": Not specified (COMPLETIONS),
    "latency": 610,
    "response.nextToken": ,
    "firstSuggestion": No suggestion
2025-12-17 22:43:32.702 [info] [Info  - 10:43:32 PM] [VSCode Telemetry] Emitting codewhisperer_serviceInvocation telemetry: {"codewhispererRequestId":"aed9c15c-142a-4b65-ae81-426d5db28309","codewhispererSessionId":"6630ab64-c0c1-4ef0-b5ae-25711082a27b","codewhispererLastSuggestionIndex":-1,"codewhispererTriggerType":"AutoTrigger","codewhispererAutomatedTriggerType":"Classifier","duration":610,"codewhispererLineNumber":24,"codewhispererCursorOffset":11,"codewhispererLanguage":"yaml","credentialStartUrl":"https://view.awsapps.com/start","result":"Succeeded","codewhispererImportRecommendationEnabled":true}
2025-12-17 22:43:32.702 [info] [Info  - 10:43:32 PM] [VSCode Telemetry] Emitting codewhisperer_userTriggerDecision telemetry: {"codewhispererSessionId":"6630ab64-c0c1-4ef0-b5ae-25711082a27b","codewhispererFirstRequestId":"aed9c15c-142a-4b65-ae81-426d5db28309","credentialStartUrl":"https://view.awsapps.com/start","codewhispererSuggestionState":"Empty","codewhispererLanguage":"yaml","codewhispererTriggerType":"AutoTrigger","codewhispererAutomatedTriggerType":"Classifier","codewhispererLineNumber":24,"codewhispererCursorOffset":11,"codewhispererSuggestionCount":0,"codewhispererClassifierResult":0.49410863958860074,"codewhispererClassifierThreshold":0.43,"codewhispererTotalShownTime":0,"codewhispererTypeaheadLength":0,"codewhispererTimeSinceLastDocumentChange":77,"codewhispererTimeSinceLastUserDecision":143622,"codewhispererTimeToFirstRecommendation":610,"codewhispererPreviousSuggestionState":"Reject","codewhispererCharactersAccepted":0,"codewhispererSuggestionImportCount":0}
2025-12-17 22:43:32.702 [info] [Info  - 10:43:32 PM] [2025-12-17T18:43:32.697Z] lserver: Invoking SendTelemetryEvent:UserTriggerDecisionEvent:
            "requestId": aed9c15c-142a-4b65-ae81-426d5db28309
            "suggestionState": EMPTY
            "acceptedCharacterCount": 0
            "addedCharacterCount": 0
            "deletedCharacterCount": 0
            "streakLength": 0,
            "preprocessLatency": 0,
            "triggerToResponseLatencyMilliseconds: 610",
            "firstCompletionDisplayLatency: 0,
            "suggestionType": COMPLETIONS
            "userDecisionReason": undefined
2025-12-17 22:43:32.997 [info] Received inline completion response from LSP: { sessionId: '', latency: 910, itemCount: 0, items: [] }
2025-12-17 22:43:32.997 [info] GenerateCompletion activity:\n- number of suggestions: 0
- sessionId: 
- first suggestion content (next line):
no suggestion
- duration between trigger to before sending LSP call: 0ms
- duration between trigger to after receiving LSP response: 910ms
- duration between before sending LSP call to after receving LSP response: 910ms
Failed to produce inline suggestion results. Received 0 items from service
2025-12-17 22:43:32.997 [info] Reused request completed but this call was cancelled
2025-12-17 22:43:32.997 [info] Reused request completed but this call was cancelled
2025-12-17 22:43:34.735 [info] _provideInlineCompletionItems called with: {
  documentUri: 'file:///c%3A/Users/user/Desktop/Project_3/_config.yml',
  position: Oo { a: 24, b: 14 },
  context: {
    selectedCompletionInfo: { range: [Hs], text: 'project' },
    triggerKind: 1,
    requestUuid: 'icr-d5c45751-360c-4a23-b48f-453384babdc8',
    requestIssuedDateTime: 1765997014724,
    earliestShownDateTime: 1765997014724
  },
  triggerKind: 'Automatic',
  options: undefined
}
2025-12-17 22:43:34.736 [info] Sending inline completion request: {
  method: 'aws/textDocument/inlineCompletionWithReferences',
  request: {
    textDocument: { uri: 'file:///c%3A/Users/user/Desktop/Project_3/_config.yml' },
    position: Oo { a: 24, b: 14 },
    context: { triggerKind: 1, selectedCompletionInfo: [Object] },
    nextToken: undefined
  }
}
2025-12-17 22:43:34.831 [info] _provideInlineCompletionItems called with: {
  documentUri: 'file:///c%3A/Users/user/Desktop/Project_3/_config.yml',
  position: Oo { a: 24, b: 15 },
  context: {
    selectedCompletionInfo: { range: [Hs], text: 'project' },
    triggerKind: 1,
    requestUuid: 'icr-a9317fd8-6529-463d-8b66-07f116f2eb84',
    requestIssuedDateTime: 1765997014816,
    earliestShownDateTime: 1765997014816
  },
  triggerKind: 'Automatic',
  options: undefined
}
2025-12-17 22:43:34.831 [info] Reusing pending inline completion request to avoid race condition
2025-12-17 22:43:35.050 [info] _provideInlineCompletionItems called with: {
  documentUri: 'file:///c%3A/Users/user/Desktop/Project_3/_config.yml',
  position: Oo { a: 24, b: 16 },
  context: {
    selectedCompletionInfo: { range: [Hs], text: 'project' },
    triggerKind: 1,
    requestUuid: 'icr-7c1aa8da-56ef-494e-af03-1609fdcaef98',
    requestIssuedDateTime: 1765997015033,
    earliestShownDateTime: 1765997015033
  },
  triggerKind: 'Automatic',
  options: undefined
}
2025-12-17 22:43:35.050 [info] Reusing pending inline completion request to avoid race condition
2025-12-17 22:43:35.140 [info] _provideInlineCompletionItems called with: {
  documentUri: 'file:///c%3A/Users/user/Desktop/Project_3/_config.yml',
  position: Oo { a: 24, b: 17 },
  context: {
    selectedCompletionInfo: { range: [Hs], text: 'project' },
    triggerKind: 1,
    requestUuid: 'icr-59a1f352-9256-4f5a-8ee1-11da907cc2a1',
    requestIssuedDateTime: 1765997015131,
    earliestShownDateTime: 1765997015131
  },
  triggerKind: 'Automatic',
  options: undefined
}
2025-12-17 22:43:35.140 [info] Reusing pending inline completion request to avoid race condition
2025-12-17 22:43:35.380 [info] [Info  - 10:43:35 PM] [2025-12-17T18:43:35.378Z] lserver: GenerateCompletion activity:
@@request metadata@@
    "endpoint": https://codewhisperer.us-east-1.amazonaws.com/,
    "predictionType": Not specified (COMPLETIONS),
    "filename": _config.yml,
    "leftContextLength": 1198,
    rightContextLength: 781,
    "language": yaml,
    "supplementalContextCount": 0,
    "request.nextToken": undefined,
@@response metadata@@
    "requestId": a244500c-06ba-4e60-a10c-b159aead1fb2,
    "sessionId": 3c28a0dc-adc7-48c0-8872-c6660b043858,
    "response.completions.length": 0,
    "response.predictions.length": 0,
    "predictionType": Not specified (COMPLETIONS),
    "latency": 642,
    "response.nextToken": ,
    "firstSuggestion": No suggestion
2025-12-17 22:43:35.380 [info] [Info  - 10:43:35 PM] [VSCode Telemetry] Emitting codewhisperer_serviceInvocation telemetry: {"codewhispererRequestId":"a244500c-06ba-4e60-a10c-b159aead1fb2","codewhispererSessionId":"3c28a0dc-adc7-48c0-8872-c6660b043858","codewhispererLastSuggestionIndex":-1,"codewhispererTriggerType":"AutoTrigger","codewhispererAutomatedTriggerType":"Classifier","duration":642,"codewhispererLineNumber":24,"codewhispererCursorOffset":14,"codewhispererLanguage":"yaml","credentialStartUrl":"https://view.awsapps.com/start","result":"Succeeded","codewhispererImportRecommendationEnabled":true}
2025-12-17 22:43:35.380 [info] [Info  - 10:43:35 PM] [VSCode Telemetry] Emitting codewhisperer_userTriggerDecision telemetry: {"codewhispererSessionId":"3c28a0dc-adc7-48c0-8872-c6660b043858","codewhispererFirstRequestId":"a244500c-06ba-4e60-a10c-b159aead1fb2","credentialStartUrl":"https://view.awsapps.com/start","codewhispererSuggestionState":"Empty","codewhispererLanguage":"yaml","codewhispererTriggerType":"AutoTrigger","codewhispererAutomatedTriggerType":"Classifier","codewhispererLineNumber":24,"codewhispererCursorOffset":14,"codewhispererSuggestionCount":0,"codewhispererClassifierResult":0.49079778193762164,"codewhispererClassifierThreshold":0.43,"codewhispererTotalShownTime":0,"codewhispererTypeaheadLength":0,"codewhispererTimeSinceLastDocumentChange":97,"codewhispererTimeSinceLastUserDecision":2039,"codewhispererTimeToFirstRecommendation":642,"codewhispererPreviousSuggestionState":"Empty","codewhispererCharactersAccepted":0,"codewhispererSuggestionImportCount":0}
2025-12-17 22:43:35.380 [info] [Info  - 10:43:35 PM] [2025-12-17T18:43:35.378Z] lserver: Invoking SendTelemetryEvent:UserTriggerDecisionEvent:
            "requestId": a244500c-06ba-4e60-a10c-b159aead1fb2
            "suggestionState": EMPTY
            "acceptedCharacterCount": 0
            "addedCharacterCount": 0
            "deletedCharacterCount": 0
            "streakLength": 0,
            "preprocessLatency": 0,
            "triggerToResponseLatencyMilliseconds: 642",
            "firstCompletionDisplayLatency: 0,
            "suggestionType": COMPLETIONS
            "userDecisionReason": undefined
2025-12-17 22:43:35.665 [info] Received inline completion response from LSP: { sessionId: '', latency: 928, itemCount: 0, items: [] }
2025-12-17 22:43:35.665 [info] GenerateCompletion activity:\n- number of suggestions: 0
- sessionId: 
- first suggestion content (next line):
no suggestion
- duration between trigger to before sending LSP call: 0ms
- duration between trigger to after receiving LSP response: 929ms
- duration between before sending LSP call to after receving LSP response: 929ms
Failed to produce inline suggestion results. Received 0 items from service
2025-12-17 22:43:35.665 [info] Reused request completed but this call was cancelled
2025-12-17 22:43:35.665 [info] Reused request completed but this call was cancelled
2025-12-17 22:43:36.135 [info] _provideInlineCompletionItems called with: {
  documentUri: 'file:///c%3A/Users/user/Desktop/Project_3/_config.yml',
  position: Oo { a: 24, b: 18 },
  context: {
    selectedCompletionInfo: undefined,
    triggerKind: 1,
    requestUuid: 'icr-0bc2b98a-3aac-4e9b-abdd-40311c2af483',
    requestIssuedDateTime: 1765997016121,
    earliestShownDateTime: 1765997016121
  },
  triggerKind: 'Automatic',
  options: undefined
}
2025-12-17 22:43:36.135 [info] Sending inline completion request: {
  method: 'aws/textDocument/inlineCompletionWithReferences',
  request: {
    textDocument: { uri: 'file:///c%3A/Users/user/Desktop/Project_3/_config.yml' },
    position: Oo { a: 24, b: 18 },
    context: { triggerKind: 1, selectedCompletionInfo: undefined },
    nextToken: undefined
  }
}
2025-12-17 22:43:36.470 [info] _provideInlineCompletionItems called with: {
  documentUri: 'file:///c%3A/Users/user/Desktop/Project_3/_config.yml',
  position: Oo { a: 24, b: 19 },
  context: {
    selectedCompletionInfo: undefined,
    triggerKind: 1,
    requestUuid: 'icr-82244579-9e30-446a-bb43-76f6ce4d49d3',
    requestIssuedDateTime: 1765997016454,
    earliestShownDateTime: 1765997016454
  },
  triggerKind: 'Automatic',
  options: undefined
}
2025-12-17 22:43:36.470 [info] Reusing pending inline completion request to avoid race condition
2025-12-17 22:43:36.776 [info] [Info  - 10:43:36 PM] [2025-12-17T18:43:36.773Z] lserver: GenerateCompletion activity:
@@request metadata@@
    "endpoint": https://codewhisperer.us-east-1.amazonaws.com/,
    "predictionType": Not specified (COMPLETIONS),
    "filename": _config.yml,
    "leftContextLength": 1202,
    rightContextLength: 781,
    "language": yaml,
    "supplementalContextCount": 0,
    "request.nextToken": undefined,
@@response metadata@@
    "requestId": 120a133f-7661-443d-978a-49153194d719,
    "sessionId": 2bb03040-b9cd-4c00-93b1-3deb11e98fc2,
    "response.completions.length": 0,
    "response.predictions.length": 0,
    "predictionType": Not specified (COMPLETIONS),
    "latency": 638,
    "response.nextToken": ,
    "firstSuggestion": No suggestion
2025-12-17 22:43:36.776 [info] [Info  - 10:43:36 PM] [VSCode Telemetry] Emitting codewhisperer_serviceInvocation telemetry: {"codewhispererRequestId":"120a133f-7661-443d-978a-49153194d719","codewhispererSessionId":"2bb03040-b9cd-4c00-93b1-3deb11e98fc2","codewhispererLastSuggestionIndex":-1,"codewhispererTriggerType":"AutoTrigger","codewhispererAutomatedTriggerType":"Classifier","duration":638,"codewhispererLineNumber":24,"codewhispererCursorOffset":18,"codewhispererLanguage":"yaml","credentialStartUrl":"https://view.awsapps.com/start","result":"Succeeded","codewhispererImportRecommendationEnabled":true}
2025-12-17 22:43:36.776 [info] [Info  - 10:43:36 PM] [VSCode Telemetry] Emitting codewhisperer_userTriggerDecision telemetry: {"codewhispererSessionId":"2bb03040-b9cd-4c00-93b1-3deb11e98fc2","codewhispererFirstRequestId":"120a133f-7661-443d-978a-49153194d719","credentialStartUrl":"https://view.awsapps.com/start","codewhispererSuggestionState":"Empty","codewhispererLanguage":"yaml","codewhispererTriggerType":"AutoTrigger","codewhispererAutomatedTriggerType":"Classifier","codewhispererLineNumber":24,"codewhispererCursorOffset":18,"codewhispererSuggestionCount":0,"codewhispererClassifierResult":0.46527059034978185,"codewhispererClassifierThreshold":0.43,"codewhispererTotalShownTime":0,"codewhispererTypeaheadLength":0,"codewhispererTimeSinceLastDocumentChange":344,"codewhispererTimeSinceLastUserDecision":757,"codewhispererTimeToFirstRecommendation":638,"codewhispererPreviousSuggestionState":"Empty","codewhispererCharactersAccepted":0,"codewhispererSuggestionImportCount":0}
2025-12-17 22:43:36.776 [info] [Info  - 10:43:36 PM] [2025-12-17T18:43:36.773Z] lserver: Invoking SendTelemetryEvent:UserTriggerDecisionEvent:
            "requestId": 120a133f-7661-443d-978a-49153194d719
            "suggestionState": EMPTY
            "acceptedCharacterCount": 0
            "addedCharacterCount": 0
            "deletedCharacterCount": 0
            "streakLength": 0,
            "preprocessLatency": 0,
            "triggerToResponseLatencyMilliseconds: 638",
            "firstCompletionDisplayLatency: 0,
            "suggestionType": COMPLETIONS
            "userDecisionReason": undefined
2025-12-17 22:43:37.495 [info] Received inline completion response from LSP: { sessionId: '', latency: 1359, itemCount: 0, items: [] }
2025-12-17 22:43:37.495 [info] GenerateCompletion activity:\n- number of suggestions: 0
- sessionId: 
- first suggestion content (next line):
no suggestion
- duration between trigger to before sending LSP call: 0ms
- duration between trigger to after receiving LSP response: 1359ms
- duration between before sending LSP call to after receving LSP response: 1359ms
Failed to produce inline suggestion results. Received 0 items from service
2025-12-17 22:43:39.005 [info] _provideInlineCompletionItems called with: {
  documentUri: 'file:///c%3A/Users/user/Desktop/Project_3/_config.yml',
  position: Oo { a: 27, b: 29 },
  context: {
    selectedCompletionInfo: undefined,
    triggerKind: 1,
    requestUuid: 'icr-a8cb0e48-002a-4434-8ad5-d41a018984c0',
    requestIssuedDateTime: 1765997019000,
    earliestShownDateTime: 1765997019000
  },
  triggerKind: 'Automatic',
  options: undefined
}
2025-12-17 22:43:39.005 [info] Sending inline completion request: {
  method: 'aws/textDocument/inlineCompletionWithReferences',
  request: {
    textDocument: { uri: 'file:///c%3A/Users/user/Desktop/Project_3/_config.yml' },
    position: Oo { a: 27, b: 29 },
    context: { triggerKind: 1, selectedCompletionInfo: undefined },
    nextToken: undefined
  }
}
2025-12-17 22:43:39.008 [info] Received inline completion response from LSP: { sessionId: '', latency: 3, itemCount: 0, items: [] }
2025-12-17 22:43:39.008 [info] GenerateCompletion activity:\n- number of suggestions: 0
- sessionId: 
- first suggestion content (next line):
no suggestion
- duration between trigger to before sending LSP call: 0ms
- duration between trigger to after receiving LSP response: 3ms
- duration between before sending LSP call to after receving LSP response: 3ms
Failed to produce inline suggestion results. Received 0 items from service
2025-12-17 22:43:41.007 [info] _provideInlineCompletionItems called with: {
  documentUri: 'file:///c%3A/Users/user/Desktop/Project_3/_config.yml',
  position: Oo { a: 26, b: 18 },
  context: {
    selectedCompletionInfo: undefined,
    triggerKind: 1,
    requestUuid: 'icr-35873638-c8e0-4787-9503-94ef9024d31c',
    requestIssuedDateTime: 1765997021004,
    earliestShownDateTime: 1765997021004
  },
  triggerKind: 'Automatic',
  options: undefined
}
2025-12-17 22:43:41.007 [info] Sending inline completion request: {
  method: 'aws/textDocument/inlineCompletionWithReferences',
  request: {
    textDocument: { uri: 'file:///c%3A/Users/user/Desktop/Project_3/_config.yml' },
    position: Oo { a: 26, b: 18 },
    context: { triggerKind: 1, selectedCompletionInfo: undefined },
    nextToken: undefined
  }
}
2025-12-17 22:43:41.009 [info] Received inline completion response from LSP: { sessionId: '', latency: 2, itemCount: 0, items: [] }
2025-12-17 22:43:41.009 [info] GenerateCompletion activity:\n- number of suggestions: 0
- sessionId: 
- first suggestion content (next line):
no suggestion
- duration between trigger to before sending LSP call: 0ms
- duration between trigger to after receiving LSP response: 2ms
- duration between before sending LSP call to after receving LSP response: 2ms
Failed to produce inline suggestion results. Received 0 items from service
2025-12-17 22:43:41.373 [info] _provideInlineCompletionItems called with: {
  documentUri: 'file:///c%3A/Users/user/Desktop/Project_3/_config.yml',
  position: Oo { a: 25, b: 27 },
  context: {
    selectedCompletionInfo: undefined,
    triggerKind: 1,
    requestUuid: 'icr-81e9851c-8990-483b-8252-cae8a439ee05',
    requestIssuedDateTime: 1765997021369,
    earliestShownDateTime: 1765997021369
  },
  triggerKind: 'Automatic',
  options: undefined
}
2025-12-17 22:43:41.373 [info] Sending inline completion request: {
  method: 'aws/textDocument/inlineCompletionWithReferences',
  request: {
    textDocument: { uri: 'file:///c%3A/Users/user/Desktop/Project_3/_config.yml' },
    position: Oo { a: 25, b: 27 },
    context: { triggerKind: 1, selectedCompletionInfo: undefined },
    nextToken: undefined
  }
}
2025-12-17 22:43:41.375 [info] Received inline completion response from LSP: { sessionId: '', latency: 2, itemCount: 0, items: [] }
2025-12-17 22:43:41.375 [info] GenerateCompletion activity:\n- number of suggestions: 0
- sessionId: 
- first suggestion content (next line):
no suggestion
- duration between trigger to before sending LSP call: 0ms
- duration between trigger to after receiving LSP response: 2ms
- duration between before sending LSP call to after receving LSP response: 2ms
Failed to produce inline suggestion results. Received 0 items from service
2025-12-17 22:44:03.803 [info] telemetry: sent batch (size=20)
2025-12-17 22:44:04.431 [info] telemetry: sent batch (size=20)
2025-12-17 22:44:05.055 [info] telemetry: sent batch (size=19)
2025-12-17 22:44:06.792 [info] [Info  - 10:44:06 PM] [VSCode Telemetry] Emitting codewhisperer_codePercentage telemetry: {"codewhispererTotalTokens":137,"codewhispererLanguage":"yaml","codewhispererSuggestedTokens":0,"codewhispererPercentage":0,"successCount":0}
2025-12-17 22:44:06.792 [info] [Info  - 10:44:06 PM] [2025-12-17T18:44:06.788Z] lserver: Invoking SendTelemetryEvent:CodeCoverageEvent with:
            "acceptedCharacterCount": 0
            "totalCharacterCount": 137
            "addedCharacterCount": 0
2025-12-17 22:49:05.501 [info] telemetry: sent batch (size=4)
2025-12-17 22:49:07.829 [info] auth: Connection is valid: 4e6c3a6e-f5d8-43ce-a343-23725b008698
2025-12-17 22:49:07.829 [info] auth: Updating connection state of 4e6c3a6e-f5d8-43ce-a343-23725b008698 to valid
2025-12-17 22:50:58.484 [info] [Info  - 10:50:58 PM] [VSCode Client]  Received {"command":"telemetry/event","params":{"name":"enterFocus"}} from chat
2025-12-17 22:50:58.486 [info] [Info  - 10:50:58 PM] [VSCode Telemetry] Emitting amazonq_enterFocusChat telemetry: {"credentialStartUrl":"https://view.awsapps.com/start","result":"Succeeded"}
2025-12-17 22:50:58.545 [info] [Info  - 10:50:58 PM] [VSCode Client]  Received {"command":"chatPromptOptionAcknowledged","params":{"messageId":"programmerModeCardId"}} from chat
2025-12-17 22:50:58.773 [info] [Info  - 10:50:58 PM] [2025-12-17T18:50:58.771Z] lserver: Logging level changed to info
2025-12-17 22:50:58.775 [info] [Info  - 10:50:58 PM] [2025-12-17T18:50:58.774Z] lserver: Vector library initializing with GPU acceleration: false, index worker thread count: 0
2025-12-17 22:51:01.193 [info] [Info  - 10:51:01 PM] [VSCode Client]  Received {"command":"telemetry/event","params":{"name":"exitFocus"}} from chat
2025-12-17 22:51:01.194 [info] [Info  - 10:51:01 PM] [VSCode Telemetry] Emitting amazonq_exitFocusChat telemetry: {"credentialStartUrl":"https://view.awsapps.com/start","result":"Succeeded"}
2025-12-17 22:51:18.489 [info] [Info  - 10:51:18 PM] [VSCode Client]  Received {"command":"telemetry/event","params":{"name":"enterFocus"}} from chat
2025-12-17 22:51:18.492 [info] [Info  - 10:51:18 PM] [VSCode Telemetry] Emitting amazonq_enterFocusChat telemetry: {"credentialStartUrl":"https://view.awsapps.com/start","result":"Succeeded"}
2025-12-17 22:51:33.940 [info] [Info  - 10:51:33 PM] [VSCode Client]  Received {"command":"telemetry/event","params":{"name":"exitFocus"}} from chat
2025-12-17 22:51:33.941 [info] [Info  - 10:51:33 PM] [VSCode Telemetry] Emitting amazonq_exitFocusChat telemetry: {"credentialStartUrl":"https://view.awsapps.com/start","result":"Succeeded"}
2025-12-17 22:51:41.519 [info] [Info  - 10:51:41 PM] [VSCode Client]  Received {"command":"telemetry/event","params":{"name":"enterFocus"}} from chat
2025-12-17 22:51:41.531 [info] [Info  - 10:51:41 PM] [VSCode Telemetry] Emitting amazonq_enterFocusChat telemetry: {"credentialStartUrl":"https://view.awsapps.com/start","result":"Succeeded"}
2025-12-17 22:51:57.890 [info] [Info  - 10:51:57 PM] [VSCode Client]  Received {"command":"telemetry/event","params":{"name":"exitFocus"}} from chat
2025-12-17 22:51:57.892 [info] [Info  - 10:51:57 PM] [VSCode Telemetry] Emitting amazonq_exitFocusChat telemetry: {"credentialStartUrl":"https://view.awsapps.com/start","result":"Succeeded"}
2025-12-17 22:52:00.164 [info] [Info  - 10:52:00 PM] [VSCode Client]  Received {"command":"telemetry/event","params":{"name":"enterFocus"}} from chat
2025-12-17 22:52:00.168 [info] [Info  - 10:52:00 PM] [VSCode Telemetry] Emitting amazonq_enterFocusChat telemetry: {"credentialStartUrl":"https://view.awsapps.com/start","result":"Succeeded"}
2025-12-17 22:52:03.447 [info] [Info  - 10:52:03 PM] [VSCode Client]  Received {"command":"telemetry/event","params":{"name":"exitFocus"}} from chat
2025-12-17 22:52:03.448 [info] [Info  - 10:52:03 PM] [VSCode Telemetry] Emitting amazonq_exitFocusChat telemetry: {"credentialStartUrl":"https://view.awsapps.com/start","result":"Succeeded"}
2025-12-17 22:52:36.103 [info] [Info  - 10:52:36 PM] [VSCode Client]  Received {"command":"telemetry/event","params":{"name":"enterFocus"}} from chat
2025-12-17 22:52:36.109 [info] [Info  - 10:52:36 PM] [VSCode Telemetry] Emitting amazonq_enterFocusChat telemetry: {"credentialStartUrl":"https://view.awsapps.com/start","result":"Succeeded"}
2025-12-17 22:53:06.512 [info] [Info  - 10:53:06 PM] [VSCode Client]  Received {"command":"stopChatResponse","params":{"tabId":"fislw0"}} from chat
2025-12-17 22:53:06.513 [info] [Info  - 10:53:06 PM] [VSCode Client]  Received {"command":"aws/chat/sendChatPrompt","params":{"prompt":{"prompt":"add 2 more pages \n\nhobbies and projects \n\nadd them to the navbar\n\nalso add the index html that we have in our main directory to the navbar so we can navigate through them","escapedPrompt":"add 2 more pages \n\nhobbies and projects \n\nadd them to the navbar\n\nalso add the index html that we have in our main directory to the navbar so we can navigate through them","context":[],"options":{"pair-programmer-mode":"true","model-selection":"auto"}},"tabId":"fislw0","context":[]}} from chat
2025-12-17 22:53:06.515 [info] [Info  - 10:53:06 PM] [VSCode Client]  Received {"command":"telemetry/event","params":{"triggerType":"click","tabId":"fislw0","name":"addMessage"}} from chat
2025-12-17 22:53:06.522 [info] [Info  - 10:53:06 PM] [2025-12-17T18:53:06.519Z] lserver: remote workspaceId: undefined
2025-12-17 22:53:06.522 [info] [Info  - 10:53:06 PM] [2025-12-17T18:53:06.520Z] lserver: System Information: {"languageServerVersion":"1.51.0","clientName":"Visual Studio Code","clientVersion":"1.105.1","OS":"win32","OSVersion":"10.0.26200","ComputeEnv":"unknown","extensionVersion":"1.106.0"}
2025-12-17 22:53:06.522 [info] [Info  - 10:53:06 PM] [2025-12-17T18:53:06.520Z] lserver: Fixing history: tabId=fislw0
2025-12-17 22:53:09.329 [info] [Info  - 10:53:09 PM] [2025-12-17T18:53:09.325Z] lserver: generateAssistantResponse/SendMessage ResponseMetadata: {
  "httpStatusCode": 200,
  "requestId": "e3bb33ac-081f-4b97-aad4-61ccc7fb77e8",
  "attempts": 1,
  "totalRetryDelay": 0
}
2025-12-17 22:53:10.600 [info] [Info  - 10:53:10 PM] [2025-12-17T18:53:10.599Z] lserver: Reading directory in tree like format: c:\Users\user\Desktop\Project_3 to max depth: 2
2025-12-17 22:53:10.612 [info] [Info  - 10:53:10 PM] [VSCode Telemetry] Emitting amazonq_toolUseSuggested telemetry: {"cwsprChatConversationId":"dad6bc47-5923-48c7-97fe-dd0520b40f58","cwsprChatConversationType":"AgenticChatWithToolUse","credentialStartUrl":"https://view.awsapps.com/start","cwsprToolName":"listDirectory","cwsprToolUseId":"tooluse_S8CQx857RwiDBcAFujbgPg","perfE2ELatency":14,"result":"Succeeded","languageServerVersion":"1.51.0","enabled":true}
2025-12-17 22:53:10.612 [info] [Info  - 10:53:10 PM] [VSCode Telemetry] Emitting amazonq_invokeLLM telemetry: {"cwsprChatConversationId":"dad6bc47-5923-48c7-97fe-dd0520b40f58","cwsprChatConversationType":"AgenticChatWithToolUse","credentialStartUrl":"https://view.awsapps.com/start","cwsprToolName":"listDirectory","cwsprToolUseId":"tooluse_S8CQx857RwiDBcAFujbgPg","result":"Succeeded","languageServerVersion":"1.51.0","latency":4072,"toolCallLatency":"13","cwsprChatTimeToFirstChunk":2809,"cwsprChatTimeBetweenChunks":"25,45,46,49,45,42,321,3,0,1,690","requestId":"e3bb33ac-081f-4b97-aad4-61ccc7fb77e8","enabled":true,"modelId":"auto"}
2025-12-17 22:53:10.612 [info] [Info  - 10:53:10 PM] [2025-12-17T18:53:10.610Z] lserver: Fixing history: tabId=fislw0
2025-12-17 22:53:12.867 [info] [Info  - 10:53:12 PM] [2025-12-17T18:53:12.865Z] lserver: generateAssistantResponse/SendMessage ResponseMetadata: {
  "httpStatusCode": 200,
  "requestId": "16cffe4f-24ac-4de5-adb7-bd610a936334",
  "attempts": 1,
  "totalRetryDelay": 0
}
2025-12-17 22:53:14.103 [info] [Info  - 10:53:14 PM] [2025-12-17T18:53:14.102Z] lserver: Reading file: c:\Users\user\Desktop\Project_3\about.markdown
2025-12-17 22:53:14.104 [info] [Info  - 10:53:14 PM] [2025-12-17T18:53:14.103Z] lserver: Read file: c:\Users\user\Desktop\Project_3\about.markdown, size: 539
2025-12-17 22:53:14.104 [info] [Info  - 10:53:14 PM] [2025-12-17T18:53:14.103Z] lserver: Reading file: c:\Users\user\Desktop\Project_3\index.markdown
2025-12-17 22:53:14.105 [info] [Info  - 10:53:14 PM] [2025-12-17T18:53:14.103Z] lserver: Read file: c:\Users\user\Desktop\Project_3\index.markdown, size: 175
2025-12-17 22:53:14.106 [info] [Info  - 10:53:14 PM] [VSCode Telemetry] Emitting amazonq_toolUseSuggested telemetry: {"cwsprChatConversationId":"dad6bc47-5923-48c7-97fe-dd0520b40f58","cwsprChatConversationType":"AgenticChatWithToolUse","credentialStartUrl":"https://view.awsapps.com/start","cwsprToolName":"fsRead","cwsprToolUseId":"tooluse_9PO7orx1Sh2W8bAkVD-vvA","perfE2ELatency":4,"result":"Succeeded","languageServerVersion":"1.51.0","enabled":true}
2025-12-17 22:53:14.106 [info] [Info  - 10:53:14 PM] [VSCode Telemetry] Emitting amazonq_invokeLLM telemetry: {"cwsprChatConversationId":"dad6bc47-5923-48c7-97fe-dd0520b40f58","cwsprChatConversationType":"AgenticChatWithToolUse","credentialStartUrl":"https://view.awsapps.com/start","cwsprToolName":"fsRead","cwsprToolUseId":"tooluse_9PO7orx1Sh2W8bAkVD-vvA","result":"Succeeded","languageServerVersion":"1.51.0","latency":3489,"toolCallLatency":"4","cwsprChatTimeToFirstChunk":2254,"cwsprChatTimeBetweenChunks":"25,47,47,110,37,969","requestId":"16cffe4f-24ac-4de5-adb7-bd610a936334","enabled":true,"modelId":"auto"}
2025-12-17 22:53:14.106 [info] [Info  - 10:53:14 PM] [2025-12-17T18:53:14.104Z] lserver: Fixing history: tabId=fislw0
2025-12-17 22:53:16.156 [info] [Info  - 10:53:16 PM] [2025-12-17T18:53:16.153Z] lserver: generateAssistantResponse/SendMessage ResponseMetadata: {
  "httpStatusCode": 200,
  "requestId": "8165f2ac-5a8d-468c-a3b3-048d6fec31d2",
  "attempts": 1,
  "totalRetryDelay": 0
}
2025-12-17 22:53:17.812 [info] [Info  - 10:53:17 PM] [2025-12-17T18:53:17.811Z] lserver: Reading file: c:\Users\user\Desktop\Project_3\_config.yml
2025-12-17 22:53:17.812 [info] [Info  - 10:53:17 PM] [2025-12-17T18:53:17.812Z] lserver: Read file: c:\Users\user\Desktop\Project_3\_config.yml, size: 1984
2025-12-17 22:53:17.813 [info] [Info  - 10:53:17 PM] [VSCode Telemetry] Emitting amazonq_toolUseSuggested telemetry: {"cwsprChatConversationId":"dad6bc47-5923-48c7-97fe-dd0520b40f58","cwsprChatConversationType":"AgenticChatWithToolUse","credentialStartUrl":"https://view.awsapps.com/start","cwsprToolName":"fsRead","cwsprToolUseId":"tooluse_II_K8HHURXiMQSSO_o_KRw","perfE2ELatency":1,"result":"Succeeded","languageServerVersion":"1.51.0","enabled":true}
2025-12-17 22:53:17.813 [info] [Info  - 10:53:17 PM] [VSCode Telemetry] Emitting amazonq_invokeLLM telemetry: {"cwsprChatConversationId":"dad6bc47-5923-48c7-97fe-dd0520b40f58","cwsprChatConversationType":"AgenticChatWithToolUse","credentialStartUrl":"https://view.awsapps.com/start","cwsprToolName":"fsRead","cwsprToolUseId":"tooluse_II_K8HHURXiMQSSO_o_KRw","result":"Succeeded","languageServerVersion":"1.51.0","latency":3706,"toolCallLatency":"1","cwsprChatTimeToFirstChunk":2049,"cwsprChatTimeBetweenChunks":"90,107,45,46,346,2,1,0,0,1,34,167,818","requestId":"8165f2ac-5a8d-468c-a3b3-048d6fec31d2","enabled":true,"modelId":"auto"}
2025-12-17 22:53:17.813 [info] [Info  - 10:53:17 PM] [2025-12-17T18:53:17.812Z] lserver: Fixing history: tabId=fislw0
2025-12-17 22:53:20.303 [info] [Info  - 10:53:20 PM] [2025-12-17T18:53:20.300Z] lserver: generateAssistantResponse/SendMessage ResponseMetadata: {
  "httpStatusCode": 200,
  "requestId": "1998c064-bae9-4e26-812e-c2993525f077",
  "attempts": 1,
  "totalRetryDelay": 0
}
2025-12-17 22:53:25.482 [info] [Error - 10:53:25 PM] [2025-12-17T18:53:25.481Z] lserver: Unable to load from c:\Users\user\Desktop\Project_3\hobbies.markdown: Error: ENOENT: no such file or directory, open 'c:\Users\user\Desktop\Project_3\hobbies.markdown'
2025-12-17 22:53:25.495 [info] [Info  - 10:53:25 PM] [VSCode Telemetry] Emitting amazonq_interactWithAgenticChat telemetry: {"cwsprChatConversationId":"","cwsprChatConversationType":"AgenticChatWithToolUse","credentialStartUrl":"https://view.awsapps.com/start","cwsprAgenticChatInteractionType":"GeneratedDiff","result":"Succeeded","enabled":true}
2025-12-17 22:53:25.495 [info] [Info  - 10:53:25 PM] [VSCode Telemetry] Emitting amazonq_toolUseSuggested telemetry: {"cwsprChatConversationId":"dad6bc47-5923-48c7-97fe-dd0520b40f58","cwsprChatConversationType":"AgenticChatWithToolUse","credentialStartUrl":"https://view.awsapps.com/start","cwsprToolName":"fsWrite","cwsprToolUseId":"tooluse_87VMpgr1QOOWhdha7n_v3g","perfE2ELatency":16,"result":"Succeeded","languageServerVersion":"1.51.0","enabled":true}
2025-12-17 22:53:25.495 [info] [Error - 10:53:25 PM] [2025-12-17T18:53:25.494Z] lserver: Unable to load from c:\Users\user\Desktop\Project_3\projects.markdown: Error: ENOENT: no such file or directory, open 'c:\Users\user\Desktop\Project_3\projects.markdown'
2025-12-17 22:53:25.504 [info] [Info  - 10:53:25 PM] [VSCode Telemetry] Emitting amazonq_interactWithAgenticChat telemetry: {"cwsprChatConversationId":"","cwsprChatConversationType":"AgenticChatWithToolUse","credentialStartUrl":"https://view.awsapps.com/start","cwsprAgenticChatInteractionType":"GeneratedDiff","result":"Succeeded","enabled":true}
2025-12-17 22:53:25.504 [info] [Info  - 10:53:25 PM] [VSCode Telemetry] Emitting amazonq_toolUseSuggested telemetry: {"cwsprChatConversationId":"dad6bc47-5923-48c7-97fe-dd0520b40f58","cwsprChatConversationType":"AgenticChatWithToolUse","credentialStartUrl":"https://view.awsapps.com/start","cwsprToolName":"fsWrite","cwsprToolUseId":"tooluse_1rcoIhBkR56HsKNbBJuktw","perfE2ELatency":9,"result":"Succeeded","languageServerVersion":"1.51.0","enabled":true}
2025-12-17 22:53:25.519 [info] [Info  - 10:53:25 PM] [VSCode Telemetry] Emitting amazonq_interactWithAgenticChat telemetry: {"cwsprChatConversationId":"","cwsprChatConversationType":"AgenticChatWithToolUse","credentialStartUrl":"https://view.awsapps.com/start","cwsprAgenticChatInteractionType":"GeneratedDiff","result":"Succeeded","enabled":true}
2025-12-17 22:53:25.519 [info] [Info  - 10:53:25 PM] [VSCode Telemetry] Emitting amazonq_toolUseSuggested telemetry: {"cwsprChatConversationId":"dad6bc47-5923-48c7-97fe-dd0520b40f58","cwsprChatConversationType":"AgenticChatWithToolUse","credentialStartUrl":"https://view.awsapps.com/start","cwsprToolName":"fsReplace","cwsprToolUseId":"tooluse_HOcvn3XxQqy_76R4vcSB1A","perfE2ELatency":15,"result":"Succeeded","languageServerVersion":"1.51.0","enabled":true}
2025-12-17 22:53:25.519 [info] [Info  - 10:53:25 PM] [VSCode Telemetry] Emitting amazonq_invokeLLM telemetry: {"cwsprChatConversationId":"dad6bc47-5923-48c7-97fe-dd0520b40f58","cwsprChatConversationType":"AgenticChatWithToolUse","credentialStartUrl":"https://view.awsapps.com/start","cwsprToolName":"fsWrite,fsWrite,fsReplace","cwsprToolUseId":"tooluse_87VMpgr1QOOWhdha7n_v3g,tooluse_1rcoIhBkR56HsKNbBJuktw,tooluse_HOcvn3XxQqy_76R4vcSB1A","result":"Succeeded","languageServerVersion":"1.51.0","latency":7666,"toolCallLatency":"15","cwsprChatTimeToFirstChunk":2489,"cwsprChatTimeBetweenChunks":"61,153,1,1,1,4960,16,9","requestId":"1998c064-bae9-4e26-812e-c2993525f077","enabled":true,"modelId":"auto"}
2025-12-17 22:53:25.519 [info] [Info  - 10:53:25 PM] [2025-12-17T18:53:25.518Z] lserver: Fixing history: tabId=fislw0
2025-12-17 22:53:27.417 [info] [Info  - 10:53:27 PM] [2025-12-17T18:53:27.413Z] lserver: generateAssistantResponse/SendMessage ResponseMetadata: {
  "httpStatusCode": 200,
  "requestId": "713e6982-8ceb-40fb-bbfb-2351b582d317",
  "attempts": 1,
  "totalRetryDelay": 0
}
2025-12-17 22:53:29.761 [info] [Info  - 10:53:29 PM] [VSCode Telemetry] Emitting amazonq_invokeLLM telemetry: {"cwsprChatConversationId":"dad6bc47-5923-48c7-97fe-dd0520b40f58","cwsprChatConversationType":"AgenticChat","credentialStartUrl":"https://view.awsapps.com/start","cwsprToolName":"","cwsprToolUseId":"","result":"Succeeded","languageServerVersion":"1.51.0","latency":4236,"toolCallLatency":"","cwsprChatTimeToFirstChunk":1897,"cwsprChatTimeBetweenChunks":"211,1,1,0,0,40,215,1,1,0,13,46,45,124,2,9,79,66,72,61,71,2,70,52,355,2,1,0,0,1,78,45,89,1,2,118,1,45,44,57,114,2,42,14,146","requestId":"713e6982-8ceb-40fb-bbfb-2351b582d317","enabled":true,"modelId":"auto"}
2025-12-17 22:53:29.762 [info] [Info  - 10:53:29 PM] [VSCode Telemetry] Emitting amazonq_startConversation telemetry: {"cwsprChatHasCodeSnippet":true,"cwsprChatTriggerInteraction":"click","cwsprChatConversationType":"AgenticChatWithToolUse","credentialStartUrl":"https://view.awsapps.com/start","cwsprChatConversationId":"dad6bc47-5923-48c7-97fe-dd0520b40f58","result":"Succeeded"}
2025-12-17 22:53:29.762 [info] [Info  - 10:53:29 PM] [VSCode Telemetry] Emitting amazonq_addMessage telemetry: {"credentialStartUrl":"https://view.awsapps.com/start","cwsprChatConversationId":"dad6bc47-5923-48c7-97fe-dd0520b40f58","cwsprChatHasCodeSnippet":true,"cwsprChatTriggerInteraction":"click","cwsprChatMessageId":"713e6982-8ceb-40fb-bbfb-2351b582d317","cwsprChatResponseCode":200,"cwsprChatSourceLinkCount":0,"cwsprChatReferencesCount":0,"cwsprChatFollowUpCount":0,"cwsprChatTimeToFirstChunk":2810,"cwsprChatFullResponseLatency":23233,"cwsprChatTimeBetweenChunks":[25,45,46,49,44,42,321,2,1,41,364,1,1,1,271,1,1,1,1765997592865,25,47,47,110,37,184,556,221,1,1,1,2,1,1765997596154,90,107,45,46,346,2,1,1,34,167,14,311,277,214,1765997600301,61,153,1,1,1,189,226,1,1,284,1,1,1,212,1,1,147,541,1,1,1,1,1,426,1,1,1,119,1,92,163,1,91,1,2,165,1,1,1,1151,1,476,1,1,1,165,1,1,476,1,1,1765997607415],"cwsprChatRequestLength":170,"cwsprChatResponseLength":624,"cwsprChatConversationType":"AgenticChatWithToolUse","cwsprChatActiveEditorTotalCharacters":4082,"cwsprChatHasContextList":true,"cwsprChatFolderContextCount":0,"cwsprChatFileContextCount":0,"cwsprChatRuleContextCount":0,"cwsprChatPromptContextCount":0,"cwsprChatFileContextLength":0,"cwsprChatRuleContextLength":0,"cwsprChatTotalRuleContextCount":0,"cwsprChatPromptContextLength":0,"cwsprChatFocusFileContextLength":4082,"cwsprChatCodeContextCount":0,"cwsprChatCodeContextLength":0,"cwsprChatPinnedCodeContextCount":0,"cwsprChatPinnedFileContextCount":0,"cwsprChatPinnedFolderContextCount":0,"cwsprChatPinnedPromptContextCount":0,"result":"Succeeded","enabled":true,"languageServerVersion":"1.51.0","requestIds":["e3bb33ac-081f-4b97-aad4-61ccc7fb77e8","16cffe4f-24ac-4de5-adb7-bd610a936334","8165f2ac-5a8d-468c-a3b3-048d6fec31d2","1998c064-bae9-4e26-812e-c2993525f077","713e6982-8ceb-40fb-bbfb-2351b582d317"]}
2025-12-17 22:54:06.022 [info] telemetry: sent batch (size=20)
2025-12-17 22:54:06.601 [info] telemetry: sent batch (size=7)
2025-12-17 22:54:22.854 [info] [Info  - 10:54:22 PM] [VSCode Client]  Received {"command":"telemetry/event","params":{"name":"exitFocus"}} from chat
2025-12-17 22:54:22.856 [info] [Info  - 10:54:22 PM] [VSCode Telemetry] Emitting amazonq_exitFocusChat telemetry: {"credentialStartUrl":"https://view.awsapps.com/start","result":"Succeeded"}
2025-12-17 22:54:42.801 [info] [Info  - 10:54:42 PM] [VSCode Client]  Received {"command":"telemetry/event","params":{"name":"enterFocus"}} from chat
2025-12-17 22:54:42.803 [info] [Info  - 10:54:42 PM] [VSCode Telemetry] Emitting amazonq_enterFocusChat telemetry: {"credentialStartUrl":"https://view.awsapps.com/start","result":"Succeeded"}
2025-12-17 22:54:59.153 [info] [Info  - 10:54:59 PM] [VSCode Client]  Received {"command":"stopChatResponse","params":{"tabId":"fislw0"}} from chat
2025-12-17 22:54:59.153 [info] [Info  - 10:54:59 PM] [VSCode Client]  Received {"command":"aws/chat/sendChatPrompt","params":{"prompt":{"prompt":"add link to the home in the navbar (to the main index page)","escapedPrompt":"add link to the home in the navbar (to the main index page)","context":[],"options":{"pair-programmer-mode":"true","model-selection":"auto"}},"tabId":"fislw0","context":[]}} from chat
2025-12-17 22:54:59.154 [info] [Info  - 10:54:59 PM] [VSCode Client]  Received {"command":"telemetry/event","params":{"triggerType":"click","tabId":"fislw0","name":"addMessage"}} from chat
2025-12-17 22:54:59.157 [info] [Info  - 10:54:59 PM] [2025-12-17T18:54:59.156Z] lserver: remote workspaceId: undefined
2025-12-17 22:54:59.157 [info] [Info  - 10:54:59 PM] [2025-12-17T18:54:59.156Z] lserver: System Information: {"languageServerVersion":"1.51.0","clientName":"Visual Studio Code","clientVersion":"1.105.1","OS":"win32","OSVersion":"10.0.26200","ComputeEnv":"unknown","extensionVersion":"1.106.0"}
2025-12-17 22:54:59.157 [info] [Info  - 10:54:59 PM] [2025-12-17T18:54:59.156Z] lserver: Fixing history: tabId=fislw0
2025-12-17 22:55:02.654 [info] [Info  - 10:55:02 PM] [2025-12-17T18:55:02.653Z] lserver: generateAssistantResponse/SendMessage ResponseMetadata: {
  "httpStatusCode": 200,
  "requestId": "c1a4f4e6-94fe-44a3-93c1-538bd9edbfca",
  "attempts": 1,
  "totalRetryDelay": 0
}
2025-12-17 22:55:04.865 [info] [Info  - 10:55:04 PM] [VSCode Telemetry] Emitting amazonq_interactWithAgenticChat telemetry: {"cwsprChatConversationId":"dad6bc47-5923-48c7-97fe-dd0520b40f58","cwsprChatConversationType":"AgenticChatWithToolUse","credentialStartUrl":"https://view.awsapps.com/start","cwsprAgenticChatInteractionType":"GeneratedDiff","result":"Succeeded","enabled":true}
2025-12-17 22:55:04.865 [info] [Info  - 10:55:04 PM] [VSCode Telemetry] Emitting amazonq_interactWithMessage telemetry: {"cwsprChatMessageId":"tooluse_yNQggKtcTPyYbwvwxV9dHQ","cwsprChatInteractionType":"agenticCodeAccepted","cwsprChatConversationId":"dad6bc47-5923-48c7-97fe-dd0520b40f58","credentialStartUrl":"https://view.awsapps.com/start","result":"Succeeded"}
2025-12-17 22:55:05.121 [info] [Info  - 10:55:05 PM] [VSCode Telemetry] Emitting amazonq_toolUseSuggested telemetry: {"cwsprChatConversationId":"dad6bc47-5923-48c7-97fe-dd0520b40f58","cwsprChatConversationType":"AgenticChatWithToolUse","credentialStartUrl":"https://view.awsapps.com/start","cwsprToolName":"fsReplace","cwsprToolUseId":"tooluse_yNQggKtcTPyYbwvwxV9dHQ","perfE2ELatency":268,"result":"Succeeded","languageServerVersion":"1.51.0","enabled":true}
2025-12-17 22:55:05.121 [info] [Info  - 10:55:05 PM] [VSCode Telemetry] Emitting amazonq_invokeLLM telemetry: {"cwsprChatConversationId":"dad6bc47-5923-48c7-97fe-dd0520b40f58","cwsprChatConversationType":"AgenticChatWithToolUse","credentialStartUrl":"https://view.awsapps.com/start","cwsprToolName":"fsReplace","cwsprToolUseId":"tooluse_yNQggKtcTPyYbwvwxV9dHQ","result":"Succeeded","languageServerVersion":"1.51.0","latency":5694,"toolCallLatency":"268","cwsprChatTimeToFirstChunk":3497,"cwsprChatTimeBetweenChunks":"29,105,44,45,43,40,83,11,78,42,1678","requestId":"c1a4f4e6-94fe-44a3-93c1-538bd9edbfca","enabled":true,"modelId":"auto"}
2025-12-17 22:55:05.122 [info] [Info  - 10:55:05 PM] [2025-12-17T18:55:05.120Z] lserver: Fixing history: tabId=fislw0
2025-12-17 22:55:07.147 [info] [Info  - 10:55:07 PM] [2025-12-17T18:55:07.144Z] lserver: generateAssistantResponse/SendMessage ResponseMetadata: {
  "httpStatusCode": 200,
  "requestId": "f9a4ae2f-225b-4a94-8363-0afa814a3266",
  "attempts": 1,
  "totalRetryDelay": 0
}
2025-12-17 22:55:07.597 [info] [Info  - 10:55:07 PM] [VSCode Telemetry] Emitting amazonq_invokeLLM telemetry: {"cwsprChatConversationId":"dad6bc47-5923-48c7-97fe-dd0520b40f58","cwsprChatConversationType":"AgenticChat","credentialStartUrl":"https://view.awsapps.com/start","cwsprToolName":"","cwsprToolUseId":"","result":"Succeeded","languageServerVersion":"1.51.0","latency":2473,"toolCallLatency":"","cwsprChatTimeToFirstChunk":2024,"cwsprChatTimeBetweenChunks":"30,54,38,45,44,58,34,44,46,56","requestId":"f9a4ae2f-225b-4a94-8363-0afa814a3266","enabled":true,"modelId":"auto"}
2025-12-17 22:55:07.598 [info] [Info  - 10:55:07 PM] [VSCode Telemetry] Emitting amazonq_addMessage telemetry: {"credentialStartUrl":"https://view.awsapps.com/start","cwsprChatConversationId":"dad6bc47-5923-48c7-97fe-dd0520b40f58","cwsprChatHasCodeSnippet":true,"cwsprChatTriggerInteraction":"click","cwsprChatMessageId":"f9a4ae2f-225b-4a94-8363-0afa814a3266","cwsprChatResponseCode":200,"cwsprChatSourceLinkCount":0,"cwsprChatReferencesCount":0,"cwsprChatFollowUpCount":0,"cwsprChatTimeToFirstChunk":3498,"cwsprChatFullResponseLatency":8438,"cwsprChatTimeBetweenChunks":[29,105,44,45,43,40,82,11,78,42,155,315,1,206,1,567,1,213,1,1,1,212,1,1765997707145,30,54,38,45,44,58,34,44,45],"cwsprChatRequestLength":59,"cwsprChatResponseLength":147,"cwsprChatConversationType":"AgenticChatWithToolUse","cwsprChatActiveEditorTotalCharacters":4202,"cwsprChatHasContextList":true,"cwsprChatFolderContextCount":0,"cwsprChatFileContextCount":0,"cwsprChatRuleContextCount":0,"cwsprChatPromptContextCount":0,"cwsprChatFileContextLength":0,"cwsprChatRuleContextLength":0,"cwsprChatTotalRuleContextCount":0,"cwsprChatPromptContextLength":0,"cwsprChatFocusFileContextLength":4202,"cwsprChatCodeContextCount":0,"cwsprChatCodeContextLength":0,"cwsprChatPinnedCodeContextCount":0,"cwsprChatPinnedFileContextCount":0,"cwsprChatPinnedFolderContextCount":0,"cwsprChatPinnedPromptContextCount":0,"result":"Succeeded","enabled":true,"languageServerVersion":"1.51.0","requestIds":["c1a4f4e6-94fe-44a3-93c1-538bd9edbfca","f9a4ae2f-225b-4a94-8363-0afa814a3266"]}
2025-12-17 22:55:08.915 [info] [Info  - 10:55:08 PM] [VSCode Client]  Received {"command":"telemetry/event","params":{"name":"exitFocus"}} from chat
2025-12-17 22:55:08.917 [info] [Info  - 10:55:08 PM] [VSCode Telemetry] Emitting amazonq_exitFocusChat telemetry: {"credentialStartUrl":"https://view.awsapps.com/start","result":"Succeeded"}
2025-12-17 22:55:22.923 [info] [Info  - 10:55:22 PM] [VSCode Client]  Received {"command":"telemetry/event","params":{"name":"enterFocus"}} from chat
2025-12-17 22:55:22.928 [info] [Info  - 10:55:22 PM] [VSCode Telemetry] Emitting amazonq_enterFocusChat telemetry: {"credentialStartUrl":"https://view.awsapps.com/start","result":"Succeeded"}
2025-12-17 22:55:40.301 [info] [Info  - 10:55:40 PM] [VSCode Client]  Received {"command":"telemetry/event","params":{"name":"exitFocus"}} from chat
2025-12-17 22:55:40.304 [info] [Info  - 10:55:40 PM] [VSCode Telemetry] Emitting amazonq_exitFocusChat telemetry: {"credentialStartUrl":"https://view.awsapps.com/start","result":"Succeeded"}
2025-12-17 22:57:00.349 [info] [Info  - 10:57:00 PM] [VSCode Client]  Received {"command":"telemetry/event","params":{"name":"enterFocus"}} from chat
2025-12-17 22:57:00.354 [info] [Info  - 10:57:00 PM] [VSCode Telemetry] Emitting amazonq_enterFocusChat telemetry: {"credentialStartUrl":"https://view.awsapps.com/start","result":"Succeeded"}
2025-12-17 22:57:14.945 [info] [Info  - 10:57:14 PM] [VSCode Client]  Received {"command":"stopChatResponse","params":{"tabId":"fislw0"}} from chat
2025-12-17 22:57:14.946 [info] [Info  - 10:57:14 PM] [VSCode Client]  Received {"command":"aws/chat/sendChatPrompt","params":{"prompt":{"prompt":"Additionally, make sure to have:\r\n- Navigation bar (menu) and Footer.\r\n- Icons leading to your Github and Codecademy profiles (you can also add\r\nadditional links).\r\n- In the website, you should also have a link to the Github repository of the\r\nwebsite. Your repository should be public.\r\n- Responsive design which will adapt your website for phones and tablets.\r\n- Modularized and clean code/repository structure.\n\n\nskip those requirements that are already met","escapedPrompt":"Additionally, make sure to have:\r\n- Navigation bar (menu) and Footer.\r\n- Icons leading to your Github and Codecademy profiles (you can also add\r\nadditional links).\r\n- In the website, you should also have a link to the Github repository of the\r\nwebsite. Your repository should be public.\r\n- Responsive design which will adapt your website for phones and tablets.\r\n- Modularized and clean code/repository structure.\n\n\nskip those requirements that are already met","context":[],"options":{"pair-programmer-mode":"true","model-selection":"auto"}},"tabId":"fislw0","context":[]}} from chat
2025-12-17 22:57:14.946 [info] [Info  - 10:57:14 PM] [VSCode Client]  Received {"command":"telemetry/event","params":{"triggerType":"click","tabId":"fislw0","name":"addMessage"}} from chat
2025-12-17 22:57:14.950 [info] [Info  - 10:57:14 PM] [2025-12-17T18:57:14.949Z] lserver: remote workspaceId: undefined
2025-12-17 22:57:14.950 [info] [Info  - 10:57:14 PM] [2025-12-17T18:57:14.949Z] lserver: System Information: {"languageServerVersion":"1.51.0","clientName":"Visual Studio Code","clientVersion":"1.105.1","OS":"win32","OSVersion":"10.0.26200","ComputeEnv":"unknown","extensionVersion":"1.106.0"}
2025-12-17 22:57:14.950 [info] [Info  - 10:57:14 PM] [2025-12-17T18:57:14.949Z] lserver: Fixing history: tabId=fislw0
2025-12-17 22:57:17.011 [info] [Info  - 10:57:17 PM] [2025-12-17T18:57:17.009Z] lserver: generateAssistantResponse/SendMessage ResponseMetadata: {
  "httpStatusCode": 200,
  "requestId": "1234c865-17c2-4654-8aaa-ce9a4247a2aa",
  "attempts": 1,
  "totalRetryDelay": 0
}
2025-12-17 22:57:18.308 [info] [Info  - 10:57:18 PM] [2025-12-17T18:57:18.308Z] lserver: Reading file: c:\Users\user\Desktop\Project_3\_config.yml
2025-12-17 22:57:18.308 [info] [Info  - 10:57:18 PM] [2025-12-17T18:57:18.308Z] lserver: Read file: c:\Users\user\Desktop\Project_3\_config.yml, size: 2080
2025-12-17 22:57:18.309 [info] [Info  - 10:57:18 PM] [VSCode Telemetry] Emitting amazonq_toolUseSuggested telemetry: {"cwsprChatConversationId":"dad6bc47-5923-48c7-97fe-dd0520b40f58","cwsprChatConversationType":"AgenticChatWithToolUse","credentialStartUrl":"https://view.awsapps.com/start","cwsprToolName":"fsRead","cwsprToolUseId":"tooluse_0ASfy6YtQ6u2EfHszKGkqg","perfE2ELatency":2,"result":"Succeeded","languageServerVersion":"1.51.0","enabled":true}
2025-12-17 22:57:18.309 [info] [Info  - 10:57:18 PM] [VSCode Telemetry] Emitting amazonq_invokeLLM telemetry: {"cwsprChatConversationId":"dad6bc47-5923-48c7-97fe-dd0520b40f58","cwsprChatConversationType":"AgenticChatWithToolUse","credentialStartUrl":"https://view.awsapps.com/start","cwsprToolName":"fsRead","cwsprToolUseId":"tooluse_0ASfy6YtQ6u2EfHszKGkqg","result":"Succeeded","languageServerVersion":"1.51.0","latency":3355,"toolCallLatency":"2","cwsprChatTimeToFirstChunk":2061,"cwsprChatTimeBetweenChunks":"30,75,350,2,0,838","requestId":"1234c865-17c2-4654-8aaa-ce9a4247a2aa","enabled":true,"modelId":"auto"}
2025-12-17 22:57:18.309 [info] [Info  - 10:57:18 PM] [2025-12-17T18:57:18.308Z] lserver: Fixing history: tabId=fislw0
2025-12-17 22:57:20.160 [info] [Info  - 10:57:20 PM] [2025-12-17T18:57:20.158Z] lserver: generateAssistantResponse/SendMessage ResponseMetadata: {
  "httpStatusCode": 200,
  "requestId": "5121260f-72e5-4828-a6ad-5dba95108934",
  "attempts": 1,
  "totalRetryDelay": 0
}
2025-12-17 22:57:25.995 [info] [Info  - 10:57:25 PM] [VSCode Telemetry] Emitting amazonq_interactWithAgenticChat telemetry: {"cwsprChatConversationId":"dad6bc47-5923-48c7-97fe-dd0520b40f58","cwsprChatConversationType":"AgenticChatWithToolUse","credentialStartUrl":"https://view.awsapps.com/start","cwsprAgenticChatInteractionType":"GeneratedDiff","result":"Succeeded","enabled":true}
2025-12-17 22:57:25.995 [info] [Info  - 10:57:25 PM] [VSCode Telemetry] Emitting amazonq_interactWithMessage telemetry: {"cwsprChatMessageId":"tooluse_FobTCazzTvi5k0GRE-YheQ","cwsprChatInteractionType":"agenticCodeAccepted","cwsprChatConversationId":"dad6bc47-5923-48c7-97fe-dd0520b40f58","credentialStartUrl":"https://view.awsapps.com/start","result":"Succeeded"}
2025-12-17 22:57:26.259 [info] [Info  - 10:57:26 PM] [VSCode Telemetry] Emitting amazonq_toolUseSuggested telemetry: {"cwsprChatConversationId":"dad6bc47-5923-48c7-97fe-dd0520b40f58","cwsprChatConversationType":"AgenticChatWithToolUse","credentialStartUrl":"https://view.awsapps.com/start","cwsprToolName":"fsReplace","cwsprToolUseId":"tooluse_FobTCazzTvi5k0GRE-YheQ","perfE2ELatency":274,"result":"Succeeded","languageServerVersion":"1.51.0","enabled":true}
2025-12-17 22:57:26.259 [info] [Info  - 10:57:26 PM] [VSCode Telemetry] Emitting amazonq_invokeLLM telemetry: {"cwsprChatConversationId":"dad6bc47-5923-48c7-97fe-dd0520b40f58","cwsprChatConversationType":"AgenticChatWithToolUse","credentialStartUrl":"https://view.awsapps.com/start","cwsprToolName":"fsReplace","cwsprToolUseId":"tooluse_FobTCazzTvi5k0GRE-YheQ","result":"Succeeded","languageServerVersion":"1.51.0","latency":7671,"toolCallLatency":"274","cwsprChatTimeToFirstChunk":1849,"cwsprChatTimeBetweenChunks":"30,45,45,46,322,1,1,1,2,86,0,42,46,384,2,0,1,0,1,0,63,1,0,45,101,1,113,1,1,421,1,1,212,2,1,1,3802","requestId":"5121260f-72e5-4828-a6ad-5dba95108934","enabled":true,"modelId":"auto"}
2025-12-17 22:57:26.259 [info] [Info  - 10:57:26 PM] [2025-12-17T18:57:26.256Z] lserver: Fixing history: tabId=fislw0
2025-12-17 22:57:28.204 [info] [Info  - 10:57:28 PM] [2025-12-17T18:57:28.201Z] lserver: generateAssistantResponse/SendMessage ResponseMetadata: {
  "httpStatusCode": 200,
  "requestId": "dca82bfa-6939-4ffb-982b-35db7bddd46a",
  "attempts": 1,
  "totalRetryDelay": 0
}
2025-12-17 22:57:36.740 [info] [Info  - 10:57:36 PM] [VSCode Telemetry] Emitting amazonq_interactWithAgenticChat telemetry: {"cwsprChatConversationId":"dad6bc47-5923-48c7-97fe-dd0520b40f58","cwsprChatConversationType":"AgenticChatWithToolUse","credentialStartUrl":"https://view.awsapps.com/start","cwsprAgenticChatInteractionType":"GeneratedCommand","result":"Succeeded","enabled":true}
2025-12-17 22:57:40.818 [info] [Info  - 10:57:40 PM] [VSCode Client]  Received {"command":"aws/chat/buttonClick","params":{"tabId":"fislw0","messageId":"tooluse_UBPSfx4yQFy1GgmLAKpaWA","buttonId":"run-shell-command"}} from chat
2025-12-17 22:57:40.826 [info] [Info  - 10:57:40 PM] [VSCode Telemetry] Emitting amazonq_interactWithAgenticChat telemetry: {"cwsprChatConversationId":"dad6bc47-5923-48c7-97fe-dd0520b40f58","cwsprChatConversationType":"AgenticChatWithToolUse","credentialStartUrl":"https://view.awsapps.com/start","cwsprAgenticChatInteractionType":"RunCommand","result":"Succeeded","enabled":true}
2025-12-17 22:57:40.826 [info] [Info  - 10:57:40 PM] [2025-12-17T18:57:40.821Z] lserver: Command: (not started) [where mkdir]
2025-12-17 22:57:40.866 [info] [Info  - 10:57:40 PM] [2025-12-17T18:57:40.860Z] lserver: Command: (not started) [cmd.exe /c help mkdir]
2025-12-17 22:57:40.891 [info] [Info  - 10:57:40 PM] [2025-12-17T18:57:40.885Z] lserver: Invoking C:\Windows\System32\cmd.exe command: "mkdir _includes" in cwd: "c:\Users\user\Desktop\Project_3"
2025-12-17 22:57:40.891 [info] [Info  - 10:57:40 PM] [2025-12-17T18:57:40.886Z] lserver: Command: (not started) [C:\Windows\System32\cmd.exe /u /c mkdir _includes]
2025-12-17 22:57:40.896 [info] [Info  - 10:57:40 PM] [VSCode Telemetry] Emitting amazonq_bashCommand telemetry: {"credentialStartUrl":"https://view.awsapps.com/start","result":"Succeeded","command":"mkdir"}
2025-12-17 22:57:40.897 [info] [Info  - 10:57:40 PM] [VSCode Telemetry] Emitting amazonq_toolUseSuggested telemetry: {"cwsprChatConversationId":"dad6bc47-5923-48c7-97fe-dd0520b40f58","cwsprChatConversationType":"AgenticChatWithToolUse","credentialStartUrl":"https://view.awsapps.com/start","cwsprToolName":"executeBash","cwsprToolUseId":"tooluse_UBPSfx4yQFy1GgmLAKpaWA","perfE2ELatency":4158,"result":"Succeeded","languageServerVersion":"1.51.0","enabled":true}
2025-12-17 22:57:40.903 [info] [Error - 10:57:40 PM] [2025-12-17T18:57:40.903Z] lserver: Unable to load from c:\Users\user\Desktop\Project_3\_includes\footer.html: Error: ENOENT: no such file or directory, open 'c:\Users\user\Desktop\Project_3\_includes\footer.html'
2025-12-17 22:57:40.916 [info] [Info  - 10:57:40 PM] [VSCode Telemetry] Emitting amazonq_interactWithAgenticChat telemetry: {"cwsprChatConversationId":"dad6bc47-5923-48c7-97fe-dd0520b40f58","cwsprChatConversationType":"AgenticChatWithToolUse","credentialStartUrl":"https://view.awsapps.com/start","cwsprAgenticChatInteractionType":"GeneratedDiff","result":"Succeeded","enabled":true}
2025-12-17 22:57:40.916 [info] [Info  - 10:57:40 PM] [VSCode Telemetry] Emitting amazonq_interactWithMessage telemetry: {"cwsprChatMessageId":"tooluse_lKB6-JFFQLyUTiZKymeG5A","cwsprChatInteractionType":"agenticCodeAccepted","cwsprChatConversationId":"dad6bc47-5923-48c7-97fe-dd0520b40f58","credentialStartUrl":"https://view.awsapps.com/start","result":"Succeeded"}
2025-12-17 22:57:41.171 [info] [Info  - 10:57:41 PM] [VSCode Telemetry] Emitting amazonq_toolUseSuggested telemetry: {"cwsprChatConversationId":"dad6bc47-5923-48c7-97fe-dd0520b40f58","cwsprChatConversationType":"AgenticChatWithToolUse","credentialStartUrl":"https://view.awsapps.com/start","cwsprToolName":"fsWrite","cwsprToolUseId":"tooluse_lKB6-JFFQLyUTiZKymeG5A","perfE2ELatency":274,"result":"Succeeded","languageServerVersion":"1.51.0","enabled":true}
2025-12-17 22:57:41.171 [info] [Info  - 10:57:41 PM] [VSCode Telemetry] Emitting amazonq_invokeLLM telemetry: {"cwsprChatConversationId":"dad6bc47-5923-48c7-97fe-dd0520b40f58","cwsprChatConversationType":"AgenticChatWithToolUse","credentialStartUrl":"https://view.awsapps.com/start","cwsprToolName":"executeBash,fsWrite","cwsprToolUseId":"tooluse_UBPSfx4yQFy1GgmLAKpaWA,tooluse_lKB6-JFFQLyUTiZKymeG5A","result":"Succeeded","languageServerVersion":"1.51.0","latency":10480,"toolCallLatency":"274","cwsprChatTimeToFirstChunk":1944,"cwsprChatTimeBetweenChunks":"32,104,44,44,350,2,1,0,1,0,0,85,1,43,82,7747,4158","requestId":"dca82bfa-6939-4ffb-982b-35db7bddd46a","enabled":true,"modelId":"auto"}
2025-12-17 22:57:41.171 [info] [Info  - 10:57:41 PM] [2025-12-17T18:57:41.170Z] lserver: Fixing history: tabId=fislw0
2025-12-17 22:57:43.024 [info] [Info  - 10:57:43 PM] [2025-12-17T18:57:43.023Z] lserver: generateAssistantResponse/SendMessage ResponseMetadata: {
  "httpStatusCode": 200,
  "requestId": "99f564c3-602a-4240-9447-ab230e4608ca",
  "attempts": 1,
  "totalRetryDelay": 0
}
2025-12-17 22:57:43.536 [info] [Info  - 10:57:43 PM] [VSCode Client]  Received {"command":"telemetry/event","params":{"name":"exitFocus"}} from chat
2025-12-17 22:57:43.538 [info] [Info  - 10:57:43 PM] [VSCode Telemetry] Emitting amazonq_exitFocusChat telemetry: {"credentialStartUrl":"https://view.awsapps.com/start","result":"Succeeded"}
2025-12-17 22:57:46.353 [info] [Info  - 10:57:46 PM] [VSCode Telemetry] Emitting amazonq_invokeLLM telemetry: {"cwsprChatConversationId":"dad6bc47-5923-48c7-97fe-dd0520b40f58","cwsprChatConversationType":"AgenticChat","credentialStartUrl":"https://view.awsapps.com/start","cwsprToolName":"","cwsprToolUseId":"","result":"Succeeded","languageServerVersion":"1.51.0","latency":5180,"toolCallLatency":"","cwsprChatTimeToFirstChunk":1853,"cwsprChatTimeBetweenChunks":"28,105,80,9,63,109,1,54,1,105,100,51,44,74,93,1,44,46,345,0,0,0,0,0,0,37,1,148,0,0,29,84,130,0,27,40,44,45,86,5,78,312,0,0,0,0,0,49,0,121,0,1,43,94,1,120,1,0,35,92,277,1,0,1,0,1,71","requestId":"99f564c3-602a-4240-9447-ab230e4608ca","enabled":true,"modelId":"auto"}
2025-12-17 22:57:46.353 [info] [Info  - 10:57:46 PM] [VSCode Telemetry] Emitting amazonq_addMessage telemetry: {"credentialStartUrl":"https://view.awsapps.com/start","cwsprChatConversationId":"dad6bc47-5923-48c7-97fe-dd0520b40f58","cwsprChatHasCodeSnippet":true,"cwsprChatTriggerInteraction":"click","cwsprChatMessageId":"99f564c3-602a-4240-9447-ab230e4608ca","cwsprChatResponseCode":200,"cwsprChatSourceLinkCount":0,"cwsprChatReferencesCount":0,"cwsprChatFollowUpCount":0,"cwsprChatTimeToFirstChunk":2062,"cwsprChatFullResponseLatency":31401,"cwsprChatTimeBetweenChunks":[30,75,350,2,29,591,1,213,1,1765997840158,30,45,45,46,322,1,1,1,2,86,42,46,384,2,1,1,63,1,45,101,1,113,1,1,421,1,1,212,2,1,1,2299,215,1,1,1,48,1,160,52,162,1,1,1,48,1,1,161,1,1,1,48,1,1,1,160,1,1,1,1,45,1,1,162,1,1,1,47,1,1,1,2,159,1,1,1765997848202,32,104,44,44,350,2,1,1,85,1,43,82,116,272],"cwsprChatRequestLength":460,"cwsprChatResponseLength":910,"cwsprChatConversationType":"AgenticChatWithToolUse","cwsprChatActiveEditorTotalCharacters":4155,"cwsprChatHasContextList":true,"cwsprChatFolderContextCount":0,"cwsprChatFileContextCount":0,"cwsprChatRuleContextCount":0,"cwsprChatPromptContextCount":0,"cwsprChatFileContextLength":0,"cwsprChatRuleContextLength":0,"cwsprChatTotalRuleContextCount":0,"cwsprChatPromptContextLength":0,"cwsprChatFocusFileContextLength":4155,"cwsprChatCodeContextCount":0,"cwsprChatCodeContextLength":0,"cwsprChatPinnedCodeContextCount":0,"cwsprChatPinnedFileContextCount":0,"cwsprChatPinnedFolderContextCount":0,"cwsprChatPinnedPromptContextCount":0,"result":"Succeeded","enabled":true,"languageServerVersion":"1.51.0","requestIds":["1234c865-17c2-4654-8aaa-ce9a4247a2aa","5121260f-72e5-4828-a6ad-5dba95108934","dca82bfa-6939-4ffb-982b-35db7bddd46a","99f564c3-602a-4240-9447-ab230e4608ca"]}
2025-12-17 22:59:07.338 [info] telemetry: sent batch (size=20)
2025-12-17 22:59:07.691 [info] telemetry: sent batch (size=9)
2025-12-17 22:59:07.813 [info] auth: Connection is valid: 4e6c3a6e-f5d8-43ce-a343-23725b008698
2025-12-17 22:59:07.814 [info] auth: Updating connection state of 4e6c3a6e-f5d8-43ce-a343-23725b008698 to valid
2025-12-17 23:00:39.445 [info] [Info  - 11:00:39 PM] [VSCode Client]  Received {"command":"telemetry/event","params":{"name":"enterFocus"}} from chat
2025-12-17 23:00:39.450 [info] [Info  - 11:00:39 PM] [VSCode Telemetry] Emitting amazonq_enterFocusChat telemetry: {"credentialStartUrl":"https://view.awsapps.com/start","result":"Succeeded"}
2025-12-17 23:00:42.152 [info] [Info  - 11:00:42 PM] [VSCode Client]  Received {"command":"stopChatResponse","params":{"tabId":"fislw0"}} from chat
2025-12-17 23:00:42.153 [info] [Info  - 11:00:42 PM] [VSCode Client]  Received {"command":"aws/chat/sendChatPrompt","params":{"prompt":{"prompt":"Home page about student exists (10 pts)\r\nAbout page about student exists (10 pts)\r\nProjects page with at least Project 1 (title + description + image) exists (10 pts)\r\nThere are no major design issues (missing images, unreadable text, etc) (10 pts)\r\nNavigation bar and footer are present (10 pts)\r\nThere are icons leading to student’s GitHub and Codecademy profiles (10 pts)\r\nThere is a link leading to the website’s public GitHub repository (10 pts)\r\nMultiple commits on the repository showing progress of development (10 pts)\r\nResponsive design works on narrow screens (10 pts)\r\nCode is clean and modular (code/files/folders nicely organized) (10 pts)","escapedPrompt":"Home page about student exists (10 pts)\r\nAbout page about student exists (10 pts)\r\nProjects page with at least Project 1 (title + description + image) exists (10 pts)\r\nThere are no major design issues (missing images, unreadable text, etc) (10 pts)\r\nNavigation bar and footer are present (10 pts)\r\nThere are icons leading to student’s GitHub and Codecademy profiles (10 pts)\r\nThere is a link leading to the website’s public GitHub repository (10 pts)\r\nMultiple commits on the repository showing progress of development (10 pts)\r\nResponsive design works on narrow screens (10 pts)\r\nCode is clean and modular (code/files/folders nicely organized) (10 pts)","context":[],"options":{"pair-programmer-mode":"true","model-selection":"auto"}},"tabId":"fislw0","context":[]}} from chat
2025-12-17 23:00:42.153 [info] [Info  - 11:00:42 PM] [VSCode Client]  Received {"command":"telemetry/event","params":{"triggerType":"click","tabId":"fislw0","name":"addMessage"}} from chat
2025-12-17 23:00:42.156 [info] [Info  - 11:00:42 PM] [2025-12-17T19:00:42.155Z] lserver: remote workspaceId: undefined
2025-12-17 23:00:42.156 [info] [Info  - 11:00:42 PM] [2025-12-17T19:00:42.156Z] lserver: System Information: {"languageServerVersion":"1.51.0","clientName":"Visual Studio Code","clientVersion":"1.105.1","OS":"win32","OSVersion":"10.0.26200","ComputeEnv":"unknown","extensionVersion":"1.106.0"}
2025-12-17 23:00:42.156 [info] [Info  - 11:00:42 PM] [2025-12-17T19:00:42.156Z] lserver: Fixing history: tabId=fislw0
2025-12-17 23:00:44.260 [info] [Info  - 11:00:44 PM] [2025-12-17T19:00:44.258Z] lserver: generateAssistantResponse/SendMessage ResponseMetadata: {
  "httpStatusCode": 200,
  "requestId": "862beb9f-4aa7-4c0c-9281-6e094d24faa8",
  "attempts": 1,
  "totalRetryDelay": 0
}
2025-12-17 23:00:59.377 [info] [Info  - 11:00:59 PM] [VSCode Telemetry] Emitting amazonq_interactWithAgenticChat telemetry: {"cwsprChatConversationId":"dad6bc47-5923-48c7-97fe-dd0520b40f58","cwsprChatConversationType":"AgenticChatWithToolUse","credentialStartUrl":"https://view.awsapps.com/start","cwsprAgenticChatInteractionType":"GeneratedDiff","result":"Succeeded","enabled":true}
2025-12-17 23:00:59.377 [info] [Info  - 11:00:59 PM] [VSCode Telemetry] Emitting amazonq_interactWithMessage telemetry: {"cwsprChatMessageId":"tooluse_mIkUIseGSweYK0Ahv9-PWg","cwsprChatInteractionType":"agenticCodeAccepted","cwsprChatConversationId":"dad6bc47-5923-48c7-97fe-dd0520b40f58","credentialStartUrl":"https://view.awsapps.com/start","result":"Succeeded"}
2025-12-17 23:00:59.640 [info] [Info  - 11:00:59 PM] [VSCode Telemetry] Emitting amazonq_toolUseSuggested telemetry: {"cwsprChatConversationId":"dad6bc47-5923-48c7-97fe-dd0520b40f58","cwsprChatConversationType":"AgenticChatWithToolUse","credentialStartUrl":"https://view.awsapps.com/start","cwsprToolName":"fsReplace","cwsprToolUseId":"tooluse_mIkUIseGSweYK0Ahv9-PWg","perfE2ELatency":275,"result":"Succeeded","languageServerVersion":"1.51.0","enabled":true}
2025-12-17 23:00:59.654 [info] [Info  - 11:00:59 PM] [VSCode Telemetry] Emitting amazonq_interactWithAgenticChat telemetry: {"cwsprChatConversationId":"dad6bc47-5923-48c7-97fe-dd0520b40f58","cwsprChatConversationType":"AgenticChatWithToolUse","credentialStartUrl":"https://view.awsapps.com/start","cwsprAgenticChatInteractionType":"GeneratedDiff","result":"Succeeded","enabled":true}
2025-12-17 23:00:59.654 [info] [Info  - 11:00:59 PM] [VSCode Telemetry] Emitting amazonq_interactWithMessage telemetry: {"cwsprChatMessageId":"tooluse_QPdXFLn2REyVNn-eX7ACMg","cwsprChatInteractionType":"agenticCodeAccepted","cwsprChatConversationId":"dad6bc47-5923-48c7-97fe-dd0520b40f58","credentialStartUrl":"https://view.awsapps.com/start","result":"Succeeded"}
2025-12-17 23:00:59.931 [info] [Info  - 11:00:59 PM] [VSCode Telemetry] Emitting amazonq_toolUseSuggested telemetry: {"cwsprChatConversationId":"dad6bc47-5923-48c7-97fe-dd0520b40f58","cwsprChatConversationType":"AgenticChatWithToolUse","credentialStartUrl":"https://view.awsapps.com/start","cwsprToolName":"fsReplace","cwsprToolUseId":"tooluse_QPdXFLn2REyVNn-eX7ACMg","perfE2ELatency":291,"result":"Succeeded","languageServerVersion":"1.51.0","enabled":true}
2025-12-17 23:00:59.945 [info] [Info  - 11:00:59 PM] [VSCode Telemetry] Emitting amazonq_interactWithAgenticChat telemetry: {"cwsprChatConversationId":"dad6bc47-5923-48c7-97fe-dd0520b40f58","cwsprChatConversationType":"AgenticChatWithToolUse","credentialStartUrl":"https://view.awsapps.com/start","cwsprAgenticChatInteractionType":"GeneratedDiff","result":"Succeeded","enabled":true}
2025-12-17 23:00:59.945 [info] [Info  - 11:00:59 PM] [VSCode Telemetry] Emitting amazonq_interactWithMessage telemetry: {"cwsprChatMessageId":"tooluse_mfzRCqtwTsalRr_XL11Ojg","cwsprChatInteractionType":"agenticCodeAccepted","cwsprChatConversationId":"dad6bc47-5923-48c7-97fe-dd0520b40f58","credentialStartUrl":"https://view.awsapps.com/start","result":"Succeeded"}
2025-12-17 23:01:00.212 [info] [Info  - 11:01:00 PM] [VSCode Telemetry] Emitting amazonq_toolUseSuggested telemetry: {"cwsprChatConversationId":"dad6bc47-5923-48c7-97fe-dd0520b40f58","cwsprChatConversationType":"AgenticChatWithToolUse","credentialStartUrl":"https://view.awsapps.com/start","cwsprToolName":"fsReplace","cwsprToolUseId":"tooluse_mfzRCqtwTsalRr_XL11Ojg","perfE2ELatency":281,"result":"Succeeded","languageServerVersion":"1.51.0","enabled":true}
2025-12-17 23:01:00.225 [info] [Info  - 11:01:00 PM] [VSCode Telemetry] Emitting amazonq_interactWithAgenticChat telemetry: {"cwsprChatConversationId":"dad6bc47-5923-48c7-97fe-dd0520b40f58","cwsprChatConversationType":"AgenticChatWithToolUse","credentialStartUrl":"https://view.awsapps.com/start","cwsprAgenticChatInteractionType":"GeneratedDiff","result":"Succeeded","enabled":true}
2025-12-17 23:01:00.226 [info] [Info  - 11:01:00 PM] [VSCode Telemetry] Emitting amazonq_interactWithMessage telemetry: {"cwsprChatMessageId":"tooluse_vFf-20IORuKcvGP-ylZanQ","cwsprChatInteractionType":"agenticCodeAccepted","cwsprChatConversationId":"dad6bc47-5923-48c7-97fe-dd0520b40f58","credentialStartUrl":"https://view.awsapps.com/start","result":"Succeeded"}
2025-12-17 23:01:00.498 [info] [Info  - 11:01:00 PM] [VSCode Telemetry] Emitting amazonq_toolUseSuggested telemetry: {"cwsprChatConversationId":"dad6bc47-5923-48c7-97fe-dd0520b40f58","cwsprChatConversationType":"AgenticChatWithToolUse","credentialStartUrl":"https://view.awsapps.com/start","cwsprToolName":"fsReplace","cwsprToolUseId":"tooluse_vFf-20IORuKcvGP-ylZanQ","perfE2ELatency":283,"result":"Succeeded","languageServerVersion":"1.51.0","enabled":true}
2025-12-17 23:01:00.499 [info] [Info  - 11:01:00 PM] [VSCode Telemetry] Emitting amazonq_invokeLLM telemetry: {"cwsprChatConversationId":"dad6bc47-5923-48c7-97fe-dd0520b40f58","cwsprChatConversationType":"AgenticChatWithToolUse","credentialStartUrl":"https://view.awsapps.com/start","cwsprToolName":"fsReplace,fsReplace,fsReplace,fsReplace","cwsprToolUseId":"tooluse_mIkUIseGSweYK0Ahv9-PWg,tooluse_QPdXFLn2REyVNn-eX7ACMg,tooluse_mfzRCqtwTsalRr_XL11Ojg,tooluse_vFf-20IORuKcvGP-ylZanQ","result":"Succeeded","languageServerVersion":"1.51.0","latency":17208,"toolCallLatency":"283","cwsprChatTimeToFirstChunk":2103,"cwsprChatTimeBetweenChunks":"22,191,1,1,1,72,1,185,1,1,0,40,14589,275,291,281","requestId":"862beb9f-4aa7-4c0c-9281-6e094d24faa8","enabled":true,"modelId":"auto"}
2025-12-17 23:01:00.499 [info] [Info  - 11:01:00 PM] [2025-12-17T19:01:00.495Z] lserver: Fixing history: tabId=fislw0
2025-12-17 23:01:02.549 [info] [Info  - 11:01:02 PM] [2025-12-17T19:01:02.548Z] lserver: generateAssistantResponse/SendMessage ResponseMetadata: {
  "httpStatusCode": 200,
  "requestId": "1373abc0-cd6c-4961-a572-915afc66b30d",
  "attempts": 1,
  "totalRetryDelay": 0
}
2025-12-17 23:01:07.778 [info] [Info  - 11:01:07 PM] [VSCode Telemetry] Emitting amazonq_invokeLLM telemetry: {"cwsprChatConversationId":"dad6bc47-5923-48c7-97fe-dd0520b40f58","cwsprChatConversationType":"AgenticChat","credentialStartUrl":"https://view.awsapps.com/start","cwsprToolName":"","cwsprToolUseId":"","result":"Succeeded","languageServerVersion":"1.51.0","latency":7280,"toolCallLatency":"","cwsprChatTimeToFirstChunk":2054,"cwsprChatTimeBetweenChunks":"31,184,1,0,1,42,318,2,0,1,117,1,94,1,164,2,1,1,33,454,2,1,1,0,1,0,1,210,1,2,1,1,40,22,194,1,1,1,29,48,93,75,17,124,39,43,25,137,2,1,38,47,50,119,2,54,40,46,124,1,2,42,46,20,45,105,2,29,44,43,48,81,8,79,10,45,55,34,92,1,319,2,0,1,0,0,0,33,127,2,43,10,77,344,2,1,1,1,1,343,1,4,0,1","requestId":"1373abc0-cd6c-4961-a572-915afc66b30d","enabled":true,"modelId":"auto"}
2025-12-17 23:01:07.779 [info] [Info  - 11:01:07 PM] [VSCode Telemetry] Emitting amazonq_addMessage telemetry: {"credentialStartUrl":"https://view.awsapps.com/start","cwsprChatConversationId":"dad6bc47-5923-48c7-97fe-dd0520b40f58","cwsprChatHasCodeSnippet":true,"cwsprChatTriggerInteraction":"click","cwsprChatMessageId":"1373abc0-cd6c-4961-a572-915afc66b30d","cwsprChatResponseCode":200,"cwsprChatSourceLinkCount":0,"cwsprChatReferencesCount":0,"cwsprChatFollowUpCount":0,"cwsprChatTimeToFirstChunk":2103,"cwsprChatFullResponseLatency":25619,"cwsprChatTimeBetweenChunks":[22,191,1,1,1,72,1,185,1,1,40,138,1414,1,212,1,1,1,1,51,1,1,1,156,1,1,54,1,1,1,1,155,1,1,716,1,1,1,1,3522,1,1,1,214,1,1,1,1,2,205,1,1,47,1,1,164,1,1,47,1,429,1,1,1,1,1,159,1,49,2378,1,276,1,1,1,1,154,1,1,1,1,44,1,7,1,158,1,55,1,1,156,1,1,1,53,1,1,2,155,1],"cwsprChatRequestLength":653,"cwsprChatResponseLength":1517,"cwsprChatConversationType":"AgenticChatWithToolUse","cwsprChatActiveEditorTotalCharacters":4179,"cwsprChatHasContextList":true,"cwsprChatFolderContextCount":0,"cwsprChatFileContextCount":0,"cwsprChatRuleContextCount":0,"cwsprChatPromptContextCount":0,"cwsprChatFileContextLength":0,"cwsprChatRuleContextLength":0,"cwsprChatTotalRuleContextCount":0,"cwsprChatPromptContextLength":0,"cwsprChatFocusFileContextLength":4179,"cwsprChatCodeContextCount":0,"cwsprChatCodeContextLength":0,"cwsprChatPinnedCodeContextCount":0,"cwsprChatPinnedFileContextCount":0,"cwsprChatPinnedFolderContextCount":0,"cwsprChatPinnedPromptContextCount":0,"result":"Succeeded","enabled":true,"languageServerVersion":"1.51.0","requestIds":["862beb9f-4aa7-4c0c-9281-6e094d24faa8","1373abc0-cd6c-4961-a572-915afc66b30d"]}
2025-12-17 23:01:30.955 [info] [Info  - 11:01:30 PM] [VSCode Client]  Received {"command":"telemetry/event","params":{"name":"exitFocus"}} from chat
2025-12-17 23:01:30.963 [info] [Info  - 11:01:30 PM] [VSCode Telemetry] Emitting amazonq_exitFocusChat telemetry: {"credentialStartUrl":"https://view.awsapps.com/start","result":"Succeeded"}
2025-12-17 23:01:40.728 [info] [Info  - 11:01:40 PM] [VSCode Client]  Received {"command":"telemetry/event","params":{"name":"enterFocus"}} from chat
2025-12-17 23:01:40.730 [info] [Info  - 11:01:40 PM] [VSCode Telemetry] Emitting amazonq_enterFocusChat telemetry: {"credentialStartUrl":"https://view.awsapps.com/start","result":"Succeeded"}
2025-12-17 23:01:41.996 [info] [Info  - 11:01:41 PM] [VSCode Client]  Received {"command":"telemetry/event","params":{"name":"exitFocus"}} from chat
2025-12-17 23:01:42.001 [info] [Info  - 11:01:42 PM] [VSCode Telemetry] Emitting amazonq_exitFocusChat telemetry: {"credentialStartUrl":"https://view.awsapps.com/start","result":"Succeeded"}
2025-12-17 23:01:53.187 [info] [Info  - 11:01:53 PM] [VSCode Client]  Received {"command":"telemetry/event","params":{"name":"enterFocus"}} from chat
2025-12-17 23:01:53.192 [info] [Info  - 11:01:53 PM] [VSCode Telemetry] Emitting amazonq_enterFocusChat telemetry: {"credentialStartUrl":"https://view.awsapps.com/start","result":"Succeeded"}
2025-12-17 23:01:56.935 [info] [Info  - 11:01:56 PM] [VSCode Client]  Received {"command":"telemetry/event","params":{"name":"exitFocus"}} from chat
2025-12-17 23:01:56.936 [info] [Info  - 11:01:56 PM] [VSCode Telemetry] Emitting amazonq_exitFocusChat telemetry: {"credentialStartUrl":"https://view.awsapps.com/start","result":"Succeeded"}
2025-12-17 23:02:17.205 [info] [Info  - 11:02:17 PM] [VSCode Client]  Received {"command":"telemetry/event","params":{"name":"enterFocus"}} from chat
2025-12-17 23:02:17.207 [info] [Info  - 11:02:17 PM] [VSCode Telemetry] Emitting amazonq_enterFocusChat telemetry: {"credentialStartUrl":"https://view.awsapps.com/start","result":"Succeeded"}
2025-12-17 23:02:28.970 [info] [Info  - 11:02:28 PM] [VSCode Client]  Received {"command":"stopChatResponse","params":{"tabId":"fislw0"}} from chat
2025-12-17 23:02:28.970 [info] [Info  - 11:02:28 PM] [VSCode Client]  Received {"command":"aws/chat/sendChatPrompt","params":{"prompt":{"prompt":"https://www.codecademy.com/profiles/Max_Maxsimov\n\nmy codeacademy","escapedPrompt":"https://www.codecademy.com/profiles/Max_Maxsimov\n\nmy codeacademy","context":[],"options":{"pair-programmer-mode":"true","model-selection":"auto"}},"tabId":"fislw0","context":[]}} from chat
2025-12-17 23:02:28.971 [info] [Info  - 11:02:28 PM] [VSCode Client]  Received {"command":"telemetry/event","params":{"triggerType":"click","tabId":"fislw0","name":"addMessage"}} from chat
2025-12-17 23:02:28.974 [info] [Info  - 11:02:28 PM] [2025-12-17T19:02:28.973Z] lserver: remote workspaceId: undefined
2025-12-17 23:02:28.974 [info] [Info  - 11:02:28 PM] [2025-12-17T19:02:28.973Z] lserver: System Information: {"languageServerVersion":"1.51.0","clientName":"Visual Studio Code","clientVersion":"1.105.1","OS":"win32","OSVersion":"10.0.26200","ComputeEnv":"unknown","extensionVersion":"1.106.0"}
2025-12-17 23:02:28.974 [info] [Info  - 11:02:28 PM] [2025-12-17T19:02:28.973Z] lserver: Fixing history: tabId=fislw0
2025-12-17 23:02:31.676 [info] [Info  - 11:02:31 PM] [2025-12-17T19:02:31.673Z] lserver: generateAssistantResponse/SendMessage ResponseMetadata: {
  "httpStatusCode": 200,
  "requestId": "235c929b-c84b-439d-a989-4fad2123a86d",
  "attempts": 1,
  "totalRetryDelay": 0
}
2025-12-17 23:02:33.125 [info] [Info  - 11:02:33 PM] [VSCode Telemetry] Emitting amazonq_interactWithAgenticChat telemetry: {"cwsprChatConversationId":"dad6bc47-5923-48c7-97fe-dd0520b40f58","cwsprChatConversationType":"AgenticChatWithToolUse","credentialStartUrl":"https://view.awsapps.com/start","cwsprAgenticChatInteractionType":"GeneratedDiff","result":"Succeeded","enabled":true}
2025-12-17 23:02:33.126 [info] [Info  - 11:02:33 PM] [VSCode Telemetry] Emitting amazonq_interactWithMessage telemetry: {"cwsprChatMessageId":"tooluse_GV0Ofe1MTw2U8hi1D7AoIQ","cwsprChatInteractionType":"agenticCodeAccepted","cwsprChatConversationId":"dad6bc47-5923-48c7-97fe-dd0520b40f58","credentialStartUrl":"https://view.awsapps.com/start","result":"Succeeded"}
2025-12-17 23:02:33.387 [info] [Info  - 11:02:33 PM] [VSCode Telemetry] Emitting amazonq_toolUseSuggested telemetry: {"cwsprChatConversationId":"dad6bc47-5923-48c7-97fe-dd0520b40f58","cwsprChatConversationType":"AgenticChatWithToolUse","credentialStartUrl":"https://view.awsapps.com/start","cwsprToolName":"fsReplace","cwsprToolUseId":"tooluse_GV0Ofe1MTw2U8hi1D7AoIQ","perfE2ELatency":276,"result":"Succeeded","languageServerVersion":"1.51.0","enabled":true}
2025-12-17 23:02:33.388 [info] [Info  - 11:02:33 PM] [VSCode Telemetry] Emitting amazonq_invokeLLM telemetry: {"cwsprChatConversationId":"dad6bc47-5923-48c7-97fe-dd0520b40f58","cwsprChatConversationType":"AgenticChatWithToolUse","credentialStartUrl":"https://view.awsapps.com/start","cwsprToolName":"fsReplace","cwsprToolUseId":"tooluse_GV0Ofe1MTw2U8hi1D7AoIQ","result":"Succeeded","languageServerVersion":"1.51.0","latency":4136,"toolCallLatency":"276","cwsprChatTimeToFirstChunk":4136,"cwsprChatTimeBetweenChunks":"","requestId":"235c929b-c84b-439d-a989-4fad2123a86d","enabled":true,"modelId":"auto"}
2025-12-17 23:02:33.388 [info] [Info  - 11:02:33 PM] [2025-12-17T19:02:33.387Z] lserver: Fixing history: tabId=fislw0
2025-12-17 23:02:36.064 [info] [Info  - 11:02:36 PM] [2025-12-17T19:02:36.063Z] lserver: generateAssistantResponse/SendMessage ResponseMetadata: {
  "httpStatusCode": 200,
  "requestId": "6994b5e7-4d56-44cb-8462-41451762b4c5",
  "attempts": 1,
  "totalRetryDelay": 0
}
2025-12-17 23:02:36.994 [info] [Info  - 11:02:36 PM] [VSCode Telemetry] Emitting amazonq_invokeLLM telemetry: {"cwsprChatConversationId":"dad6bc47-5923-48c7-97fe-dd0520b40f58","cwsprChatConversationType":"AgenticChat","credentialStartUrl":"https://view.awsapps.com/start","cwsprToolName":"","cwsprToolUseId":"","result":"Succeeded","languageServerVersion":"1.51.0","latency":3604,"toolCallLatency":"","cwsprChatTimeToFirstChunk":2677,"cwsprChatTimeBetweenChunks":"30,41,413,1,1,1,0,0,1,68,136,1,3,15,103,112","requestId":"6994b5e7-4d56-44cb-8462-41451762b4c5","enabled":true,"modelId":"auto"}
2025-12-17 23:02:36.995 [info] [Info  - 11:02:36 PM] [VSCode Telemetry] Emitting amazonq_addMessage telemetry: {"credentialStartUrl":"https://view.awsapps.com/start","cwsprChatConversationId":"dad6bc47-5923-48c7-97fe-dd0520b40f58","cwsprChatHasCodeSnippet":true,"cwsprChatTriggerInteraction":"click","cwsprChatMessageId":"6994b5e7-4d56-44cb-8462-41451762b4c5","cwsprChatResponseCode":200,"cwsprChatSourceLinkCount":0,"cwsprChatReferencesCount":0,"cwsprChatFollowUpCount":0,"cwsprChatTimeToFirstChunk":2702,"cwsprChatFullResponseLatency":8018,"cwsprChatTimeBetweenChunks":[458,1,212,1,190,23,1,332,1,213,2,1765998156063,30,41,413,2,1,1,1,68,136,1,3,15,103],"cwsprChatRequestLength":64,"cwsprChatResponseLength":182,"cwsprChatConversationType":"AgenticChatWithToolUse","cwsprChatActiveEditorTotalCharacters":4761,"cwsprChatHasContextList":true,"cwsprChatFolderContextCount":0,"cwsprChatFileContextCount":0,"cwsprChatRuleContextCount":0,"cwsprChatPromptContextCount":0,"cwsprChatFileContextLength":0,"cwsprChatRuleContextLength":0,"cwsprChatTotalRuleContextCount":0,"cwsprChatPromptContextLength":0,"cwsprChatFocusFileContextLength":4761,"cwsprChatCodeContextCount":0,"cwsprChatCodeContextLength":0,"cwsprChatPinnedCodeContextCount":0,"cwsprChatPinnedFileContextCount":0,"cwsprChatPinnedFolderContextCount":0,"cwsprChatPinnedPromptContextCount":0,"result":"Succeeded","enabled":true,"languageServerVersion":"1.51.0","requestIds":["235c929b-c84b-439d-a989-4fad2123a86d","6994b5e7-4d56-44cb-8462-41451762b4c5"]}
2025-12-17 23:02:39.290 [info] [Info  - 11:02:39 PM] [VSCode Client]  Received {"command":"telemetry/event","params":{"name":"exitFocus"}} from chat
2025-12-17 23:02:39.296 [info] [Info  - 11:02:39 PM] [VSCode Telemetry] Emitting amazonq_exitFocusChat telemetry: {"credentialStartUrl":"https://view.awsapps.com/start","result":"Succeeded"}
2025-12-17 23:02:46.025 [info] [Info  - 11:02:46 PM] [VSCode Client]  Received {"command":"telemetry/event","params":{"name":"enterFocus"}} from chat
2025-12-17 23:02:46.028 [info] [Info  - 11:02:46 PM] [VSCode Telemetry] Emitting amazonq_enterFocusChat telemetry: {"credentialStartUrl":"https://view.awsapps.com/start","result":"Succeeded"}
2025-12-17 23:02:56.699 [info] [Info  - 11:02:56 PM] [VSCode Client]  Received {"command":"telemetry/event","params":{"name":"exitFocus"}} from chat
2025-12-17 23:02:56.704 [info] [Info  - 11:02:56 PM] [VSCode Telemetry] Emitting amazonq_exitFocusChat telemetry: {"credentialStartUrl":"https://view.awsapps.com/start","result":"Succeeded"}
2025-12-17 23:04:08.217 [info] telemetry: sent batch (size=20)
2025-12-17 23:04:08.605 [info] telemetry: sent batch (size=11)
2025-12-17 23:06:28.555 [info] [Info  - 11:06:28 PM] [VSCode Client]  Received {"command":"telemetry/event","params":{"name":"enterFocus"}} from chat
2025-12-17 23:06:28.561 [info] [Info  - 11:06:28 PM] [VSCode Telemetry] Emitting amazonq_enterFocusChat telemetry: {"credentialStartUrl":"https://view.awsapps.com/start","result":"Succeeded"}
2025-12-17 23:06:31.900 [info] [Info  - 11:06:31 PM] [VSCode Client]  Received {"command":"telemetry/event","params":{"name":"exitFocus"}} from chat
2025-12-17 23:06:31.902 [info] [Info  - 11:06:31 PM] [VSCode Telemetry] Emitting amazonq_exitFocusChat telemetry: {"credentialStartUrl":"https://view.awsapps.com/start","result":"Succeeded"}
2025-12-17 23:06:33.579 [info] [Info  - 11:06:33 PM] [VSCode Client]  Received {"command":"telemetry/event","params":{"name":"enterFocus"}} from chat
2025-12-17 23:06:33.580 [info] [Info  - 11:06:33 PM] [VSCode Telemetry] Emitting amazonq_enterFocusChat telemetry: {"credentialStartUrl":"https://view.awsapps.com/start","result":"Succeeded"}
2025-12-17 23:06:34.592 [info] [Info  - 11:06:34 PM] [VSCode Client]  Received {"command":"telemetry/event","params":{"name":"exitFocus"}} from chat
2025-12-17 23:06:34.595 [info] [Info  - 11:06:34 PM] [VSCode Telemetry] Emitting amazonq_exitFocusChat telemetry: {"credentialStartUrl":"https://view.awsapps.com/start","result":"Succeeded"}
2025-12-17 23:06:36.498 [info] [Info  - 11:06:36 PM] [VSCode Client]  Received {"command":"telemetry/event","params":{"name":"enterFocus"}} from chat
2025-12-17 23:06:36.499 [info] [Info  - 11:06:36 PM] [VSCode Telemetry] Emitting amazonq_enterFocusChat telemetry: {"credentialStartUrl":"https://view.awsapps.com/start","result":"Succeeded"}
2025-12-17 23:06:40.234 [info] [Info  - 11:06:40 PM] [VSCode Client]  Received {"command":"aws/chat/pinnedContextRemove","params":{"tabId":"fislw0","contextCommandGroups":[{"commands":[{"command":"Active file","id":"active-editor","icon":"file","description":"_site/index.html","disabled":false}]}]}} from chat
2025-12-17 23:06:48.889 [info] [Info  - 11:06:48 PM] [VSCode Client]  Received {"command":"openFileDialog","params":{"tabId":"fislw0","fileType":"image"}} from chat
2025-12-17 23:06:48.906 [info] [Info  - 11:06:48 PM] [VSCode Client]  Received {"command":"telemetry/event","params":{"name":"exitFocus"}} from chat
2025-12-17 23:06:48.910 [info] [Info  - 11:06:48 PM] [VSCode Telemetry] Emitting amazonq_exitFocusChat telemetry: {"credentialStartUrl":"https://view.awsapps.com/start","result":"Succeeded"}
2025-12-17 23:06:56.643 [info] [Info  - 11:06:56 PM] [VSCode Client]  Received {"command":"telemetry/event","params":{"name":"enterFocus"}} from chat
2025-12-17 23:06:56.645 [info] [Info  - 11:06:56 PM] [VSCode Telemetry] Emitting amazonq_enterFocusChat telemetry: {"credentialStartUrl":"https://view.awsapps.com/start","result":"Succeeded"}
2025-12-17 23:06:56.707 [info] [Info  - 11:06:56 PM] [VSCode Client]  Received {"command":"aws/chat/pinnedContextAdd","params":{"tabId":"fislw0","contextCommandGroups":[{"commands":[{"command":"3.png","description":"c:\\Users\\user\\Desktop\\images\\3.png","label":"image","route":["c:\\Users\\user\\Desktop\\images\\3.png"],"icon":"image","id":"3.png"}]}]}} from chat
2025-12-17 23:06:58.319 [info] [Info  - 11:06:58 PM] [VSCode Client]  Received {"command":"openFileDialog","params":{"tabId":"fislw0","fileType":"image"}} from chat
2025-12-17 23:06:58.335 [info] [Info  - 11:06:58 PM] [VSCode Client]  Received {"command":"telemetry/event","params":{"name":"exitFocus"}} from chat
2025-12-17 23:06:58.339 [info] [Info  - 11:06:58 PM] [VSCode Telemetry] Emitting amazonq_exitFocusChat telemetry: {"credentialStartUrl":"https://view.awsapps.com/start","result":"Succeeded"}
2025-12-17 23:07:03.383 [info] [Info  - 11:07:03 PM] [VSCode Client]  Received {"command":"telemetry/event","params":{"name":"enterFocus"}} from chat
2025-12-17 23:07:03.387 [info] [Info  - 11:07:03 PM] [VSCode Telemetry] Emitting amazonq_enterFocusChat telemetry: {"credentialStartUrl":"https://view.awsapps.com/start","result":"Succeeded"}
2025-12-17 23:07:03.425 [info] [Info  - 11:07:03 PM] [VSCode Client]  Received {"command":"aws/chat/pinnedContextAdd","params":{"tabId":"fislw0","contextCommandGroups":[{"commands":[{"command":"2.png","description":"c:\\Users\\user\\Desktop\\images\\2.png","label":"image","route":["c:\\Users\\user\\Desktop\\images\\2.png"],"icon":"image","id":"2.png"}]}]}} from chat
2025-12-17 23:07:07.092 [info] [Info  - 11:07:07 PM] [VSCode Client]  Received {"command":"openFileDialog","params":{"tabId":"fislw0","fileType":"image"}} from chat
2025-12-17 23:07:07.111 [info] [Info  - 11:07:07 PM] [VSCode Client]  Received {"command":"telemetry/event","params":{"name":"exitFocus"}} from chat
2025-12-17 23:07:07.114 [info] [Info  - 11:07:07 PM] [VSCode Telemetry] Emitting amazonq_exitFocusChat telemetry: {"credentialStartUrl":"https://view.awsapps.com/start","result":"Succeeded"}
2025-12-17 23:07:10.555 [info] [Info  - 11:07:10 PM] [VSCode Client]  Received {"command":"telemetry/event","params":{"name":"enterFocus"}} from chat
2025-12-17 23:07:10.560 [info] [Info  - 11:07:10 PM] [VSCode Telemetry] Emitting amazonq_enterFocusChat telemetry: {"credentialStartUrl":"https://view.awsapps.com/start","result":"Succeeded"}
2025-12-17 23:07:10.601 [info] [Info  - 11:07:10 PM] [VSCode Client]  Received {"command":"aws/chat/pinnedContextAdd","params":{"tabId":"fislw0","contextCommandGroups":[{"commands":[{"command":"1.png","description":"c:\\Users\\user\\Desktop\\images\\1.png","label":"image","route":["c:\\Users\\user\\Desktop\\images\\1.png"],"icon":"image","id":"1.png"}]}]}} from chat
2025-12-17 23:07:56.341 [info] [Info  - 11:07:56 PM] [VSCode Client]  Received {"command":"telemetry/event","params":{"name":"exitFocus"}} from chat
2025-12-17 23:07:56.350 [info] [Info  - 11:07:56 PM] [VSCode Telemetry] Emitting amazonq_exitFocusChat telemetry: {"credentialStartUrl":"https://view.awsapps.com/start","result":"Succeeded"}
2025-12-17 23:07:58.792 [info] [Info  - 11:07:58 PM] [VSCode Client]  Received {"command":"telemetry/event","params":{"name":"enterFocus"}} from chat
2025-12-17 23:07:58.794 [info] [Info  - 11:07:58 PM] [VSCode Telemetry] Emitting amazonq_enterFocusChat telemetry: {"credentialStartUrl":"https://view.awsapps.com/start","result":"Succeeded"}
2025-12-17 23:08:01.755 [info] [Info  - 11:08:01 PM] [VSCode Client]  Received {"command":"telemetry/event","params":{"name":"exitFocus"}} from chat
2025-12-17 23:08:01.757 [info] [Info  - 11:08:01 PM] [VSCode Telemetry] Emitting amazonq_exitFocusChat telemetry: {"credentialStartUrl":"https://view.awsapps.com/start","result":"Succeeded"}
2025-12-17 23:08:14.219 [info] [Info  - 11:08:14 PM] [VSCode Client]  Received {"command":"telemetry/event","params":{"name":"enterFocus"}} from chat
2025-12-17 23:08:14.222 [info] [Info  - 11:08:14 PM] [VSCode Telemetry] Emitting amazonq_enterFocusChat telemetry: {"credentialStartUrl":"https://view.awsapps.com/start","result":"Succeeded"}
2025-12-17 23:08:25.402 [info] [Info  - 11:08:25 PM] [VSCode Client]  Received {"command":"stopChatResponse","params":{"tabId":"fislw0"}} from chat
2025-12-17 23:08:25.402 [info] [Info  - 11:08:25 PM] [VSCode Client]  Received {"command":"aws/chat/sendChatPrompt","params":{"prompt":{"prompt":"in the page projects add project 2 \n\nadd these images to the project 2 \n\nmake them medium sized \n\nhttps://www.youtube.com/watch?v=ckhWp4i9S_o\nadd this link too (as video)","escapedPrompt":"in the page projects add project 2 \n\nadd these images to the project 2 \n\nmake them medium sized \n\nhttps://www.youtube.com/watch?v=ckhWp4i9S_o\nadd this link too (as video)","context":[],"options":{"pair-programmer-mode":"true","model-selection":"auto"}},"tabId":"fislw0","context":[]}} from chat
2025-12-17 23:08:25.402 [info] [Info  - 11:08:25 PM] [VSCode Client]  Received {"command":"telemetry/event","params":{"triggerType":"click","tabId":"fislw0","name":"addMessage"}} from chat
2025-12-17 23:08:25.417 [info] [Info  - 11:08:25 PM] [2025-12-17T19:08:25.414Z] lserver: remote workspaceId: undefined
2025-12-17 23:08:25.417 [info] [Info  - 11:08:25 PM] [2025-12-17T19:08:25.414Z] lserver: System Information: {"languageServerVersion":"1.51.0","clientName":"Visual Studio Code","clientVersion":"1.105.1","OS":"win32","OSVersion":"10.0.26200","ComputeEnv":"unknown","extensionVersion":"1.106.0"}
2025-12-17 23:08:25.417 [info] [Info  - 11:08:25 PM] [2025-12-17T19:08:25.416Z] lserver: Fixing history: tabId=fislw0
2025-12-17 23:08:27.770 [info] [Info  - 11:08:27 PM] [VSCode Client]  Received {"command":"telemetry/event","params":{"name":"exitFocus"}} from chat
2025-12-17 23:08:27.771 [info] [Info  - 11:08:27 PM] [VSCode Telemetry] Emitting amazonq_exitFocusChat telemetry: {"credentialStartUrl":"https://view.awsapps.com/start","result":"Succeeded"}
2025-12-17 23:08:35.089 [info] [Info  - 11:08:35 PM] [2025-12-17T19:08:35.086Z] lserver: generateAssistantResponse/SendMessage ResponseMetadata: {
  "httpStatusCode": 200,
  "requestId": "edad60ea-6a31-4c55-a879-dc65fd153c26",
  "attempts": 1,
  "totalRetryDelay": 0
}
2025-12-17 23:08:37.330 [info] [Info  - 11:08:37 PM] [VSCode Telemetry] Emitting amazonq_interactWithAgenticChat telemetry: {"cwsprChatConversationId":"dad6bc47-5923-48c7-97fe-dd0520b40f58","cwsprChatConversationType":"AgenticChatWithToolUse","credentialStartUrl":"https://view.awsapps.com/start","cwsprAgenticChatInteractionType":"GeneratedCommand","result":"Succeeded","enabled":true}
2025-12-17 23:09:07.833 [info] auth: Connection is valid: 4e6c3a6e-f5d8-43ce-a343-23725b008698
2025-12-17 23:09:07.834 [info] auth: Updating connection state of 4e6c3a6e-f5d8-43ce-a343-23725b008698 to valid
2025-12-17 23:09:08.873 [info] Refreshing indexes...
2025-12-17 23:09:09.046 [info] telemetry: sent batch (size=17)
2025-12-17 23:09:09.273 [info] Refreshing indexes...
2025-12-17 23:10:08.426 [info] Auth: bearer token expired (expires at Wed Dec 17 2025 23:11:02 GMT+0400 (Azerbaijan Standard Time)), attempting refresh the token for (key=4e6c3a6e-f5d8-43ce-a343-23725b008698)
2025-12-17 23:10:09.648 [info] Auth refreshToken: token refresh successful (key=4e6c3a6e-f5d8-43ce-a343-23725b008698, new expiry=Thu Dec 18 2025 00:10:09 GMT+0400 (Azerbaijan Standard Time))
2025-12-17 23:10:09.649 [info] [Info  - 11:10:09 PM] Runtime: Decoding encrypted credentials token
2025-12-17 23:10:09.649 [info] [Info  - 11:10:09 PM] Decoding JWT token
2025-12-17 23:10:09.649 [info] [Info  - 11:10:09 PM] Runtime: Storing Q credentials in bearer
2025-12-17 23:10:09.649 [info] [Info  - 11:10:09 PM] Runtime: Successfully saved bearer credentials
2025-12-17 23:10:09.649 [info] [Info  - 11:10:09 PM] UpdateBearerToken: {"data":"eyJhbGciOiJkaXIiLCJlbmMiOiJBMjU2R0NNIn0..48yRz63Y3EGcSpjV.n1Zi8zXTXF9J2H-hp5yOp3sgtNdcU_wdSYsalKwFRTFhiib3Pd-C7JvrOl4hJfSZ403qE6pRqyKBbzzgNz_DKg38bKcADHALXWWIAR_faFpjh-5YWzpgrsgd9WwE8wwMbRCTxR8coO3UJMAqBotmEUHjI4ElDr_CLN2lyr9h5Pu9O1Zq5FBz5agES7YpQUuk16n0_t40abPfdSHRgwQ_lQNK7B8FFhJ64-w_Emtkc5bzUjORnmEok6YGJHjo7S4CgpUj7ecvC93dTBMsm7dWKlGVuqA2_f24lXkkboN7MQGh9Znse5mL2WoC8sKheQPF6w7F2qWAeCovdIgjdV8.l5V4HwHNuo8i75MffOcr8g","metadata":{"sso":{"startUrl":"https://view.awsapps.com/start"}},"encrypted":true}
2025-12-17 23:12:32.678 [info] [Info  - 11:12:32 PM] [VSCode Client]  Received {"command":"telemetry/event","params":{"name":"enterFocus"}} from chat
2025-12-17 23:12:32.681 [info] [Info  - 11:12:32 PM] [VSCode Telemetry] Emitting amazonq_enterFocusChat telemetry: {"credentialStartUrl":"https://view.awsapps.com/start","result":"Succeeded"}
2025-12-17 23:12:32.774 [info] [Info  - 11:12:32 PM] [VSCode Client]  Received {"command":"aws/chat/buttonClick","params":{"tabId":"fislw0","messageId":"tooluse_D8wFZcBoToScS6oKcpXWiA","buttonId":"run-shell-command"}} from chat
2025-12-17 23:12:32.787 [info] [Info  - 11:12:32 PM] [VSCode Telemetry] Emitting amazonq_interactWithAgenticChat telemetry: {"cwsprChatConversationId":"dad6bc47-5923-48c7-97fe-dd0520b40f58","cwsprChatConversationType":"AgenticChatWithToolUse","credentialStartUrl":"https://view.awsapps.com/start","cwsprAgenticChatInteractionType":"RunCommand","result":"Succeeded","enabled":true}
2025-12-17 23:12:32.787 [info] [Info  - 11:12:32 PM] [2025-12-17T19:12:32.777Z] lserver: Command: (not started) [where mkdir]
2025-12-17 23:12:32.822 [info] [Info  - 11:12:32 PM] [2025-12-17T19:12:32.820Z] lserver: Command: (not started) [cmd.exe /c help mkdir]
2025-12-17 23:12:32.848 [info] [Info  - 11:12:32 PM] [2025-12-17T19:12:32.842Z] lserver: Invoking C:\Windows\System32\cmd.exe command: "mkdir assets\images" in cwd: "c:\Users\user\Desktop\Project_3"
2025-12-17 23:12:32.848 [info] [Info  - 11:12:32 PM] [2025-12-17T19:12:32.842Z] lserver: Command: (not started) [C:\Windows\System32\cmd.exe /u /c mkdir assets\images]
2025-12-17 23:12:32.858 [info] [Info  - 11:12:32 PM] [VSCode Telemetry] Emitting amazonq_bashCommand telemetry: {"credentialStartUrl":"https://view.awsapps.com/start","result":"Succeeded","command":"mkdir"}
2025-12-17 23:12:32.858 [info] [Info  - 11:12:32 PM] [VSCode Telemetry] Emitting amazonq_toolUseSuggested telemetry: {"cwsprChatConversationId":"dad6bc47-5923-48c7-97fe-dd0520b40f58","cwsprChatConversationType":"AgenticChatWithToolUse","credentialStartUrl":"https://view.awsapps.com/start","cwsprToolName":"executeBash","cwsprToolUseId":"tooluse_D8wFZcBoToScS6oKcpXWiA","perfE2ELatency":235525,"result":"Succeeded","languageServerVersion":"1.51.0","enabled":true}
2025-12-17 23:12:32.858 [info] [Info  - 11:12:32 PM] [VSCode Telemetry] Emitting amazonq_invokeLLM telemetry: {"cwsprChatConversationId":"dad6bc47-5923-48c7-97fe-dd0520b40f58","cwsprChatConversationType":"AgenticChatWithToolUse","credentialStartUrl":"https://view.awsapps.com/start","cwsprToolName":"executeBash","cwsprToolUseId":"tooluse_D8wFZcBoToScS6oKcpXWiA","result":"Succeeded","languageServerVersion":"1.51.0","latency":11912,"toolCallLatency":"235525","cwsprChatTimeToFirstChunk":9936,"cwsprChatTimeBetweenChunks":"2,2,1,1,0,0,294,1,0,1,0,58,16,123,2,7,77,4,1387","requestId":"edad60ea-6a31-4c55-a879-dc65fd153c26","enabled":true,"modelId":"auto"}
2025-12-17 23:12:32.859 [info] [Info  - 11:12:32 PM] [2025-12-17T19:12:32.857Z] lserver: Fixing history: tabId=fislw0
2025-12-17 23:12:40.096 [info] [Info  - 11:12:40 PM] [2025-12-17T19:12:40.093Z] lserver: generateAssistantResponse/SendMessage ResponseMetadata: {
  "httpStatusCode": 200,
  "requestId": "c56c988f-1715-4a7d-8220-ed90f0295d49",
  "attempts": 1,
  "totalRetryDelay": 0
}
2025-12-17 23:12:48.089 [info] [Info  - 11:12:48 PM] [VSCode Telemetry] Emitting amazonq_interactWithAgenticChat telemetry: {"cwsprChatConversationId":"dad6bc47-5923-48c7-97fe-dd0520b40f58","cwsprChatConversationType":"AgenticChatWithToolUse","credentialStartUrl":"https://view.awsapps.com/start","cwsprAgenticChatInteractionType":"GeneratedDiff","result":"Succeeded","enabled":true}
2025-12-17 23:12:48.090 [info] [Info  - 11:12:48 PM] [VSCode Telemetry] Emitting amazonq_interactWithMessage telemetry: {"cwsprChatMessageId":"tooluse_F1YQmjiRQzWPQuRlnc6CCA","cwsprChatInteractionType":"agenticCodeAccepted","cwsprChatConversationId":"dad6bc47-5923-48c7-97fe-dd0520b40f58","credentialStartUrl":"https://view.awsapps.com/start","result":"Succeeded"}
2025-12-17 23:12:48.819 [info] [Info  - 11:12:48 PM] [VSCode Telemetry] Emitting amazonq_toolUseSuggested telemetry: {"cwsprChatConversationId":"dad6bc47-5923-48c7-97fe-dd0520b40f58","cwsprChatConversationType":"AgenticChatWithToolUse","credentialStartUrl":"https://view.awsapps.com/start","cwsprToolName":"fsReplace","cwsprToolUseId":"tooluse_F1YQmjiRQzWPQuRlnc6CCA","perfE2ELatency":740,"result":"Succeeded","languageServerVersion":"1.51.0","enabled":true}
2025-12-17 23:12:48.819 [info] [Info  - 11:12:48 PM] [VSCode Telemetry] Emitting amazonq_invokeLLM telemetry: {"cwsprChatConversationId":"dad6bc47-5923-48c7-97fe-dd0520b40f58","cwsprChatConversationType":"AgenticChatWithToolUse","credentialStartUrl":"https://view.awsapps.com/start","cwsprToolName":"fsReplace","cwsprToolUseId":"tooluse_F1YQmjiRQzWPQuRlnc6CCA","result":"Succeeded","languageServerVersion":"1.51.0","latency":15214,"toolCallLatency":"740","cwsprChatTimeToFirstChunk":7236,"cwsprChatTimeBetweenChunks":"30,720,0,0,1,79,5,7144","requestId":"c56c988f-1715-4a7d-8220-ed90f0295d49","enabled":true,"modelId":"auto"}
2025-12-17 23:12:48.819 [info] [Info  - 11:12:48 PM] [2025-12-17T19:12:48.817Z] lserver: Fixing history: tabId=fislw0
2025-12-17 23:12:55.845 [info] [Info  - 11:12:55 PM] [2025-12-17T19:12:55.842Z] lserver: generateAssistantResponse/SendMessage ResponseMetadata: {
  "httpStatusCode": 200,
  "requestId": "72d08d64-f930-470a-80a3-0bb4208b62bc",
  "attempts": 1,
  "totalRetryDelay": 0
}
2025-12-17 23:12:58.458 [info] [Info  - 11:12:58 PM] [VSCode Telemetry] Emitting amazonq_invokeLLM telemetry: {"cwsprChatConversationId":"dad6bc47-5923-48c7-97fe-dd0520b40f58","cwsprChatConversationType":"AgenticChat","credentialStartUrl":"https://view.awsapps.com/start","cwsprToolName":"","cwsprToolUseId":"","result":"Succeeded","languageServerVersion":"1.51.0","latency":9638,"toolCallLatency":"","cwsprChatTimeToFirstChunk":7026,"cwsprChatTimeBetweenChunks":"29,44,43,100,2,32,44,745,1,0,0,85,0,0,0,0,0,0,0,0,0,1,0,1,0,23,66,63,6,82,57,332,0,0,0,0,0,0,0,19,191,1,0,1,29,44,175,1,1,2,100,49,44,44,45,85,25","requestId":"72d08d64-f930-470a-80a3-0bb4208b62bc","enabled":true,"modelId":"auto"}
2025-12-17 23:12:58.458 [info] [Info  - 11:12:58 PM] [VSCode Telemetry] Emitting amazonq_addMessage telemetry: {"credentialStartUrl":"https://view.awsapps.com/start","cwsprChatConversationId":"dad6bc47-5923-48c7-97fe-dd0520b40f58","cwsprChatHasCodeSnippet":true,"cwsprChatTriggerInteraction":"click","cwsprChatMessageId":"72d08d64-f930-470a-80a3-0bb4208b62bc","cwsprChatResponseCode":200,"cwsprChatSourceLinkCount":0,"cwsprChatReferencesCount":0,"cwsprChatFollowUpCount":0,"cwsprChatTimeToFirstChunk":9938,"cwsprChatFullResponseLatency":273042,"cwsprChatTimeBetweenChunks":[2,2,1,1,294,1,1,58,16,123,2,7,77,4,849,105,1,146,62,112,73,1,1765998760094,30,720,1,79,5,1,5271,1,1,217,1,1,280,1,1,154,1,1,1,1,57,1,155,45,62,1,153,284,1,1,1,1,1,1,1,1,211,1,1,219,1,1,1,1,2,1,2,1765998775843,30,44,43,100,2,32,44,745,1,85,1,1,22,66,63,6,82,57,332,19,191,1,1,29,44,175,1,1,2],"cwsprChatRequestLength":170,"cwsprChatResponseLength":697,"cwsprChatConversationType":"AgenticChatWithToolUse","cwsprChatActiveEditorTotalCharacters":4737,"cwsprChatHasContextList":true,"cwsprChatFolderContextCount":0,"cwsprChatFileContextCount":0,"cwsprChatRuleContextCount":0,"cwsprChatPromptContextCount":0,"cwsprChatFileContextLength":0,"cwsprChatRuleContextLength":0,"cwsprChatTotalRuleContextCount":0,"cwsprChatPromptContextLength":0,"cwsprChatCodeContextCount":0,"cwsprChatCodeContextLength":0,"cwsprChatPinnedCodeContextCount":0,"cwsprChatPinnedFileContextCount":0,"cwsprChatPinnedFolderContextCount":0,"cwsprChatPinnedPromptContextCount":0,"result":"Succeeded","enabled":true,"languageServerVersion":"1.51.0","requestIds":["edad60ea-6a31-4c55-a879-dc65fd153c26","c56c988f-1715-4a7d-8220-ed90f0295d49","72d08d64-f930-470a-80a3-0bb4208b62bc"]}
2025-12-17 23:13:13.106 [info] [Info  - 11:13:13 PM] [VSCode Client]  Received {"command":"telemetry/event","params":{"name":"exitFocus"}} from chat
2025-12-17 23:13:13.108 [info] [Info  - 11:13:13 PM] [VSCode Telemetry] Emitting amazonq_exitFocusChat telemetry: {"credentialStartUrl":"https://view.awsapps.com/start","result":"Succeeded"}
2025-12-17 23:13:45.514 [info] [Info  - 11:13:45 PM] [VSCode Client]  Received {"command":"telemetry/event","params":{"name":"enterFocus"}} from chat
2025-12-17 23:13:45.522 [info] [Info  - 11:13:45 PM] [VSCode Telemetry] Emitting amazonq_enterFocusChat telemetry: {"credentialStartUrl":"https://view.awsapps.com/start","result":"Succeeded"}
2025-12-17 23:14:08.041 [info] [Info  - 11:14:08 PM] [VSCode Client]  Received {"command":"stopChatResponse","params":{"tabId":"fislw0"}} from chat
2025-12-17 23:14:08.041 [info] [Info  - 11:14:08 PM] [VSCode Client]  Received {"command":"aws/chat/sendChatPrompt","params":{"prompt":{"prompt":"make the video integrated like visible and also images also make them visible","escapedPrompt":"make the video integrated like visible and also images also make them visible","context":[],"options":{"pair-programmer-mode":"true","model-selection":"auto"}},"tabId":"fislw0","context":[]}} from chat
2025-12-17 23:14:08.042 [info] [Info  - 11:14:08 PM] [VSCode Client]  Received {"command":"telemetry/event","params":{"triggerType":"click","tabId":"fislw0","name":"addMessage"}} from chat
2025-12-17 23:14:08.057 [info] [Info  - 11:14:08 PM] [2025-12-17T19:14:08.055Z] lserver: remote workspaceId: undefined
2025-12-17 23:14:08.057 [info] [Info  - 11:14:08 PM] [2025-12-17T19:14:08.056Z] lserver: System Information: {"languageServerVersion":"1.51.0","clientName":"Visual Studio Code","clientVersion":"1.105.1","OS":"win32","OSVersion":"10.0.26200","ComputeEnv":"unknown","extensionVersion":"1.106.0"}
2025-12-17 23:14:08.057 [info] [Info  - 11:14:08 PM] [2025-12-17T19:14:08.056Z] lserver: Fixing history: tabId=fislw0
2025-12-17 23:14:10.004 [info] telemetry: sent batch (size=15)
2025-12-17 23:14:21.710 [info] [Info  - 11:14:21 PM] [VSCode Client]  Received {"command":"telemetry/event","params":{"name":"exitFocus"}} from chat
2025-12-17 23:14:21.712 [info] [Info  - 11:14:21 PM] [VSCode Telemetry] Emitting amazonq_exitFocusChat telemetry: {"credentialStartUrl":"https://view.awsapps.com/start","result":"Succeeded"}
2025-12-17 23:14:25.468 [info] [Info  - 11:14:25 PM] [2025-12-17T19:14:25.467Z] lserver: generateAssistantResponse/SendMessage ResponseMetadata: {
  "httpStatusCode": 200,
  "requestId": "e7bb26ae-c19a-4e8d-9bfc-22c02f361d2c",
  "attempts": 1,
  "totalRetryDelay": 0
}
2025-12-17 23:14:40.060 [info] [Info  - 11:14:40 PM] [VSCode Telemetry] Emitting amazonq_interactWithAgenticChat telemetry: {"cwsprChatConversationId":"dad6bc47-5923-48c7-97fe-dd0520b40f58","cwsprChatConversationType":"AgenticChatWithToolUse","credentialStartUrl":"https://view.awsapps.com/start","cwsprAgenticChatInteractionType":"GeneratedDiff","result":"Succeeded","enabled":true}
2025-12-17 23:14:40.060 [info] [Info  - 11:14:40 PM] [VSCode Telemetry] Emitting amazonq_interactWithMessage telemetry: {"cwsprChatMessageId":"tooluse_pQ8aMqFYSfSHKZz1xgRy1w","cwsprChatInteractionType":"agenticCodeAccepted","cwsprChatConversationId":"dad6bc47-5923-48c7-97fe-dd0520b40f58","credentialStartUrl":"https://view.awsapps.com/start","result":"Succeeded"}
2025-12-17 23:14:40.337 [info] [Info  - 11:14:40 PM] [VSCode Telemetry] Emitting amazonq_toolUseSuggested telemetry: {"cwsprChatConversationId":"dad6bc47-5923-48c7-97fe-dd0520b40f58","cwsprChatConversationType":"AgenticChatWithToolUse","credentialStartUrl":"https://view.awsapps.com/start","cwsprToolName":"fsReplace","cwsprToolUseId":"tooluse_pQ8aMqFYSfSHKZz1xgRy1w","perfE2ELatency":284,"result":"Succeeded","languageServerVersion":"1.51.0","enabled":true}
2025-12-17 23:14:40.337 [info] [Info  - 11:14:40 PM] [VSCode Telemetry] Emitting amazonq_invokeLLM telemetry: {"cwsprChatConversationId":"dad6bc47-5923-48c7-97fe-dd0520b40f58","cwsprChatConversationType":"AgenticChatWithToolUse","credentialStartUrl":"https://view.awsapps.com/start","cwsprToolName":"fsReplace","cwsprToolUseId":"tooluse_pQ8aMqFYSfSHKZz1xgRy1w","result":"Succeeded","languageServerVersion":"1.51.0","latency":31985,"toolCallLatency":"284","cwsprChatTimeToFirstChunk":17412,"cwsprChatTimeBetweenChunks":"37,38,43,100,2,312,1,0,1,0,0,1287,12752","requestId":"e7bb26ae-c19a-4e8d-9bfc-22c02f361d2c","enabled":true,"modelId":"auto"}
2025-12-17 23:14:40.337 [info] [Info  - 11:14:40 PM] [2025-12-17T19:14:40.336Z] lserver: Fixing history: tabId=fislw0
2025-12-17 23:14:57.276 [info] [Info  - 11:14:57 PM] [2025-12-17T19:14:57.273Z] lserver: generateAssistantResponse/SendMessage ResponseMetadata: {
  "httpStatusCode": 200,
  "requestId": "f309363a-0152-47c8-b883-0aa5a302d57b",
  "attempts": 1,
  "totalRetryDelay": 0
}
2025-12-17 23:15:01.249 [info] [Info  - 11:15:01 PM] [VSCode Telemetry] Emitting amazonq_invokeLLM telemetry: {"cwsprChatConversationId":"dad6bc47-5923-48c7-97fe-dd0520b40f58","cwsprChatConversationType":"AgenticChat","credentialStartUrl":"https://view.awsapps.com/start","cwsprToolName":"","cwsprToolUseId":"","result":"Succeeded","languageServerVersion":"1.51.0","latency":20911,"toolCallLatency":"","cwsprChatTimeToFirstChunk":16938,"cwsprChatTimeBetweenChunks":"1333,1,0,179,0,1,0,0,0,0,0,0,0,0,0,0,0,0,0,0,0,1,0,0,0,0,182,1,0,0,111,0,0,0,0,107,0,0,151,1,0,481,2,1,0,1,1,0,0,1,196,0,0,0,0,16,218,1,1,0,0,44,173,1,0,6,84,135,0,0,11,437,1,2,0,1,1,90","requestId":"f309363a-0152-47c8-b883-0aa5a302d57b","enabled":true,"modelId":"auto"}
2025-12-17 23:15:01.249 [info] [Info  - 11:15:01 PM] [VSCode Telemetry] Emitting amazonq_addMessage telemetry: {"credentialStartUrl":"https://view.awsapps.com/start","cwsprChatConversationId":"dad6bc47-5923-48c7-97fe-dd0520b40f58","cwsprChatHasCodeSnippet":true,"cwsprChatTriggerInteraction":"click","cwsprChatMessageId":"f309363a-0152-47c8-b883-0aa5a302d57b","cwsprChatResponseCode":200,"cwsprChatSourceLinkCount":0,"cwsprChatReferencesCount":0,"cwsprChatFollowUpCount":0,"cwsprChatTimeToFirstChunk":17412,"cwsprChatFullResponseLatency":53191,"cwsprChatTimeBetweenChunks":[37,38,43,100,1,312,1,1,1287,29,6409,2,216,1,1,283,1,1,216,1,150,67,1,51,155,1,1,338,1,422,14,1,203,67,1,203,1,1,1,57,418,1,1,58,157,939,1,217,1,1,216,46,1,1,212,1,45,1,1315,1,1,1,1,1,1,210,1,1765998897274,1333,1,179,1,1,182,1,111,107,151,1,481,2,1,1,1,1,196,16,218,1,1,44,173,1,6,84,135,11,437,1,1],"cwsprChatRequestLength":77,"cwsprChatResponseLength":935,"cwsprChatConversationType":"AgenticChatWithToolUse","cwsprChatActiveEditorTotalCharacters":4737,"cwsprChatHasContextList":true,"cwsprChatFolderContextCount":0,"cwsprChatFileContextCount":0,"cwsprChatRuleContextCount":0,"cwsprChatPromptContextCount":0,"cwsprChatFileContextLength":0,"cwsprChatRuleContextLength":0,"cwsprChatTotalRuleContextCount":0,"cwsprChatPromptContextLength":0,"cwsprChatCodeContextCount":0,"cwsprChatCodeContextLength":0,"cwsprChatPinnedCodeContextCount":0,"cwsprChatPinnedFileContextCount":0,"cwsprChatPinnedFolderContextCount":0,"cwsprChatPinnedPromptContextCount":0,"result":"Succeeded","enabled":true,"languageServerVersion":"1.51.0","requestIds":["e7bb26ae-c19a-4e8d-9bfc-22c02f361d2c","f309363a-0152-47c8-b883-0aa5a302d57b"]}
2025-12-17 23:15:08.739 [info] [Info  - 11:15:08 PM] [VSCode Client]  Received {"command":"telemetry/event","params":{"name":"enterFocus"}} from chat
2025-12-17 23:15:08.748 [info] [Info  - 11:15:08 PM] [VSCode Telemetry] Emitting amazonq_enterFocusChat telemetry: {"credentialStartUrl":"https://view.awsapps.com/start","result":"Succeeded"}
2025-12-17 23:15:14.957 [info] [Info  - 11:15:14 PM] [VSCode Client]  Received {"command":"stopChatResponse","params":{"tabId":"fislw0"}} from chat
2025-12-17 23:15:14.957 [info] [Info  - 11:15:14 PM] [VSCode Client]  Received {"command":"aws/chat/sendChatPrompt","params":{"prompt":{"prompt":"i uploaded","escapedPrompt":"i uploaded","context":[],"options":{"pair-programmer-mode":"true","model-selection":"auto"}},"tabId":"fislw0","context":[]}} from chat
2025-12-17 23:15:14.958 [info] [Info  - 11:15:14 PM] [VSCode Client]  Received {"command":"telemetry/event","params":{"triggerType":"click","tabId":"fislw0","name":"addMessage"}} from chat
2025-12-17 23:15:14.978 [info] [Info  - 11:15:14 PM] [2025-12-17T19:15:14.976Z] lserver: remote workspaceId: undefined
2025-12-17 23:15:14.979 [info] [Info  - 11:15:14 PM] [2025-12-17T19:15:14.977Z] lserver: System Information: {"languageServerVersion":"1.51.0","clientName":"Visual Studio Code","clientVersion":"1.105.1","OS":"win32","OSVersion":"10.0.26200","ComputeEnv":"unknown","extensionVersion":"1.106.0"}
2025-12-17 23:15:14.979 [info] [Info  - 11:15:14 PM] [2025-12-17T19:15:14.977Z] lserver: Fixing history: tabId=fislw0
2025-12-17 23:15:17.178 [info] [Info  - 11:15:17 PM] [VSCode Client]  Received {"command":"telemetry/event","params":{"name":"exitFocus"}} from chat
2025-12-17 23:15:17.182 [info] [Info  - 11:15:17 PM] [VSCode Telemetry] Emitting amazonq_exitFocusChat telemetry: {"credentialStartUrl":"https://view.awsapps.com/start","result":"Succeeded"}
2025-12-17 23:15:18.323 [info] [Info  - 11:15:18 PM] [VSCode Client]  Received {"command":"telemetry/event","params":{"name":"enterFocus"}} from chat
2025-12-17 23:15:18.327 [info] [Info  - 11:15:18 PM] [VSCode Telemetry] Emitting amazonq_enterFocusChat telemetry: {"credentialStartUrl":"https://view.awsapps.com/start","result":"Succeeded"}
2025-12-17 23:15:18.906 [info] [Info  - 11:15:18 PM] [VSCode Client]  Received {"command":"telemetry/event","params":{"name":"exitFocus"}} from chat
2025-12-17 23:15:18.908 [info] [Info  - 11:15:18 PM] [VSCode Telemetry] Emitting amazonq_exitFocusChat telemetry: {"credentialStartUrl":"https://view.awsapps.com/start","result":"Succeeded"}
2025-12-17 23:15:45.719 [info] [Info  - 11:15:45 PM] [2025-12-17T19:15:45.716Z] lserver: generateAssistantResponse/SendMessage ResponseMetadata: {
  "httpStatusCode": 200,
  "requestId": "70aeb203-919d-4aff-8f5c-7d5c91000bc2",
  "attempts": 1,
  "totalRetryDelay": 0
}
2025-12-17 23:15:48.603 [info] [Info  - 11:15:48 PM] [2025-12-17T19:15:48.602Z] lserver: Reading directory in tree like format: c:\Users\user\Desktop\Project_3\assets to max depth: 2
2025-12-17 23:15:48.614 [info] [Info  - 11:15:48 PM] [VSCode Telemetry] Emitting amazonq_toolUseSuggested telemetry: {"cwsprChatConversationId":"dad6bc47-5923-48c7-97fe-dd0520b40f58","cwsprChatConversationType":"AgenticChatWithToolUse","credentialStartUrl":"https://view.awsapps.com/start","cwsprToolName":"listDirectory","cwsprToolUseId":"tooluse__yRExqZySwePrmgA2t626Q","perfE2ELatency":235,"result":"Succeeded","languageServerVersion":"1.51.0","enabled":true}
2025-12-17 23:15:48.614 [info] [Info  - 11:15:48 PM] [VSCode Telemetry] Emitting amazonq_invokeLLM telemetry: {"cwsprChatConversationId":"dad6bc47-5923-48c7-97fe-dd0520b40f58","cwsprChatConversationType":"AgenticChatWithToolUse","credentialStartUrl":"https://view.awsapps.com/start","cwsprToolName":"listDirectory","cwsprToolUseId":"tooluse__yRExqZySwePrmgA2t626Q","result":"Succeeded","languageServerVersion":"1.51.0","latency":33389,"toolCallLatency":"235","cwsprChatTimeToFirstChunk":30740,"cwsprChatTimeBetweenChunks":"24,192,2,0,0,29,344,1,2029,26,2","requestId":"70aeb203-919d-4aff-8f5c-7d5c91000bc2","enabled":true,"modelId":"auto"}
2025-12-17 23:15:48.614 [info] [Info  - 11:15:48 PM] [2025-12-17T19:15:48.613Z] lserver: Fixing history: tabId=fislw0
2025-12-17 23:16:38.837 [info] [Info  - 11:16:38 PM] [2025-12-17T19:16:38.835Z] lserver: generateAssistantResponse/SendMessage ResponseMetadata: {
  "httpStatusCode": 200,
  "requestId": "5befdbc2-96a6-4386-8db2-d6d60302057f",
  "attempts": 1,
  "totalRetryDelay": 0
}
2025-12-17 23:16:43.962 [info] [Info  - 11:16:43 PM] [VSCode Telemetry] Emitting amazonq_interactWithAgenticChat telemetry: {"cwsprChatConversationId":"dad6bc47-5923-48c7-97fe-dd0520b40f58","cwsprChatConversationType":"AgenticChatWithToolUse","credentialStartUrl":"https://view.awsapps.com/start","cwsprAgenticChatInteractionType":"GeneratedDiff","result":"Succeeded","enabled":true}
2025-12-17 23:16:43.962 [info] [Info  - 11:16:43 PM] [VSCode Telemetry] Emitting amazonq_interactWithMessage telemetry: {"cwsprChatMessageId":"tooluse_QA27Zt65SoCU0mAQ8gRVGg","cwsprChatInteractionType":"agenticCodeAccepted","cwsprChatConversationId":"dad6bc47-5923-48c7-97fe-dd0520b40f58","credentialStartUrl":"https://view.awsapps.com/start","result":"Succeeded"}
2025-12-17 23:16:44.240 [info] [Info  - 11:16:44 PM] [VSCode Telemetry] Emitting amazonq_toolUseSuggested telemetry: {"cwsprChatConversationId":"dad6bc47-5923-48c7-97fe-dd0520b40f58","cwsprChatConversationType":"AgenticChatWithToolUse","credentialStartUrl":"https://view.awsapps.com/start","cwsprToolName":"fsReplace","cwsprToolUseId":"tooluse_QA27Zt65SoCU0mAQ8gRVGg","perfE2ELatency":291,"result":"Succeeded","languageServerVersion":"1.51.0","enabled":true}
2025-12-17 23:16:44.240 [info] [Info  - 11:16:44 PM] [VSCode Telemetry] Emitting amazonq_invokeLLM telemetry: {"cwsprChatConversationId":"dad6bc47-5923-48c7-97fe-dd0520b40f58","cwsprChatConversationType":"AgenticChatWithToolUse","credentialStartUrl":"https://view.awsapps.com/start","cwsprToolName":"fsReplace","cwsprToolUseId":"tooluse_QA27Zt65SoCU0mAQ8gRVGg","result":"Succeeded","languageServerVersion":"1.51.0","latency":55325,"toolCallLatency":"291","cwsprChatTimeToFirstChunk":50223,"cwsprChatTimeBetweenChunks":"1835,27,0,0,0,235,3005","requestId":"5befdbc2-96a6-4386-8db2-d6d60302057f","enabled":true,"modelId":"auto"}
2025-12-17 23:16:44.240 [info] [Info  - 11:16:44 PM] [2025-12-17T19:16:44.238Z] lserver: Fixing history: tabId=fislw0
2025-12-17 23:17:18.385 [info] [Info  - 11:17:18 PM] [2025-12-17T19:17:18.383Z] lserver: generateAssistantResponse/SendMessage ResponseMetadata: {
  "httpStatusCode": 200,
  "requestId": "93555ebf-f30b-4f59-a550-65eda836e015",
  "attempts": 1,
  "totalRetryDelay": 0
}
2025-12-17 23:17:21.101 [info] [Info  - 11:17:21 PM] [VSCode Telemetry] Emitting amazonq_invokeLLM telemetry: {"cwsprChatConversationId":"dad6bc47-5923-48c7-97fe-dd0520b40f58","cwsprChatConversationType":"AgenticChat","credentialStartUrl":"https://view.awsapps.com/start","cwsprToolName":"","cwsprToolUseId":"","result":"Succeeded","languageServerVersion":"1.51.0","latency":36626,"toolCallLatency":"","cwsprChatTimeToFirstChunk":34145,"cwsprChatTimeBetweenChunks":"0,1,0,0,0,183,0,161,113,2,1,0,1,0,0,1,1991,26,0,1,0","requestId":"93555ebf-f30b-4f59-a550-65eda836e015","enabled":true,"modelId":"auto"}
2025-12-17 23:17:21.101 [info] [Info  - 11:17:21 PM] [VSCode Telemetry] Emitting amazonq_addMessage telemetry: {"credentialStartUrl":"https://view.awsapps.com/start","cwsprChatConversationId":"dad6bc47-5923-48c7-97fe-dd0520b40f58","cwsprChatHasCodeSnippet":true,"cwsprChatTriggerInteraction":"click","cwsprChatMessageId":"93555ebf-f30b-4f59-a550-65eda836e015","cwsprChatResponseCode":200,"cwsprChatSourceLinkCount":0,"cwsprChatReferencesCount":0,"cwsprChatFollowUpCount":0,"cwsprChatTimeToFirstChunk":30741,"cwsprChatFullResponseLatency":125888,"cwsprChatTimeBetweenChunks":[24,192,2,30,343,1,2029,26,1,1765998998835,1835,27,235,1,433,1,219,481,219,1,1,1,216,1,51,1,214,1,44,1,1,214,1,1,44,1,172,2,675,3,1765999038383,1,183,161,113,2,1,1,1991,26,1],"cwsprChatRequestLength":10,"cwsprChatResponseLength":217,"cwsprChatConversationType":"AgenticChatWithToolUse","cwsprChatActiveEditorTotalCharacters":4737,"cwsprChatHasContextList":true,"cwsprChatFolderContextCount":0,"cwsprChatFileContextCount":0,"cwsprChatRuleContextCount":0,"cwsprChatPromptContextCount":0,"cwsprChatFileContextLength":0,"cwsprChatRuleContextLength":0,"cwsprChatTotalRuleContextCount":0,"cwsprChatPromptContextLength":0,"cwsprChatCodeContextCount":0,"cwsprChatCodeContextLength":0,"cwsprChatPinnedCodeContextCount":0,"cwsprChatPinnedFileContextCount":0,"cwsprChatPinnedFolderContextCount":0,"cwsprChatPinnedPromptContextCount":0,"result":"Succeeded","enabled":true,"languageServerVersion":"1.51.0","requestIds":["70aeb203-919d-4aff-8f5c-7d5c91000bc2","5befdbc2-96a6-4386-8db2-d6d60302057f","93555ebf-f30b-4f59-a550-65eda836e015"]}
2025-12-17 23:19:07.827 [info] auth: Connection is valid: 4e6c3a6e-f5d8-43ce-a343-23725b008698
2025-12-17 23:19:07.827 [info] auth: Updating connection state of 4e6c3a6e-f5d8-43ce-a343-23725b008698 to valid
2025-12-17 23:19:10.758 [info] telemetry: sent batch (size=19)
2025-12-17 23:21:59.642 [info] [Info  - 11:21:59 PM] [VSCode Client]  Received {"command":"telemetry/event","params":{"name":"enterFocus"}} from chat
2025-12-17 23:21:59.644 [info] [Info  - 11:21:59 PM] [VSCode Telemetry] Emitting amazonq_enterFocusChat telemetry: {"credentialStartUrl":"https://view.awsapps.com/start","result":"Succeeded"}
2025-12-17 23:22:02.915 [info] [Info  - 11:22:02 PM] [VSCode Client]  Received {"command":"telemetry/event","params":{"name":"exitFocus"}} from chat
2025-12-17 23:22:02.923 [info] [Info  - 11:22:02 PM] [VSCode Telemetry] Emitting amazonq_exitFocusChat telemetry: {"credentialStartUrl":"https://view.awsapps.com/start","result":"Succeeded"}
2025-12-17 23:22:06.789 [info] [Info  - 11:22:06 PM] [VSCode Client]  Received {"command":"telemetry/event","params":{"name":"enterFocus"}} from chat
2025-12-17 23:22:06.793 [info] [Info  - 11:22:06 PM] [VSCode Telemetry] Emitting amazonq_enterFocusChat telemetry: {"credentialStartUrl":"https://view.awsapps.com/start","result":"Succeeded"}
2025-12-17 23:22:25.167 [info] [Info  - 11:22:25 PM] [VSCode Client]  Received {"command":"stopChatResponse","params":{"tabId":"fislw0"}} from chat
2025-12-17 23:22:25.167 [info] [Info  - 11:22:25 PM] [VSCode Client]  Received {"command":"aws/chat/sendChatPrompt","params":{"prompt":{"prompt":"https://www.youtube.com/watch?v=GTZFTmrEjf8\n\ndo same but for project 1 \n\nimages 4 , 5 , 6","escapedPrompt":"https://www.youtube.com/watch?v=GTZFTmrEjf8\n\ndo same but for project 1 \n\nimages 4 , 5 , 6","context":[],"options":{"pair-programmer-mode":"true","model-selection":"auto"}},"tabId":"fislw0","context":[]}} from chat
2025-12-17 23:22:25.167 [info] [Info  - 11:22:25 PM] [VSCode Client]  Received {"command":"telemetry/event","params":{"triggerType":"click","tabId":"fislw0","name":"addMessage"}} from chat
2025-12-17 23:22:25.179 [info] [Info  - 11:22:25 PM] [2025-12-17T19:22:25.177Z] lserver: remote workspaceId: undefined
2025-12-17 23:22:25.179 [info] [Info  - 11:22:25 PM] [2025-12-17T19:22:25.177Z] lserver: System Information: {"languageServerVersion":"1.51.0","clientName":"Visual Studio Code","clientVersion":"1.105.1","OS":"win32","OSVersion":"10.0.26200","ComputeEnv":"unknown","extensionVersion":"1.106.0"}
2025-12-17 23:22:25.179 [info] [Info  - 11:22:25 PM] [2025-12-17T19:22:25.177Z] lserver: Fixing history: tabId=fislw0
2025-12-17 23:22:27.986 [info] [Info  - 11:22:27 PM] [VSCode Client]  Received {"command":"telemetry/event","params":{"name":"exitFocus"}} from chat
2025-12-17 23:22:27.987 [info] [Info  - 11:22:27 PM] [VSCode Telemetry] Emitting amazonq_exitFocusChat telemetry: {"credentialStartUrl":"https://view.awsapps.com/start","result":"Succeeded"}
2025-12-17 23:22:34.027 [info] [Info  - 11:22:34 PM] [VSCode Telemetry] Emitting amazonq_addMessage telemetry: {"credentialStartUrl":"https://view.awsapps.com/start","cwsprChatConversationId":"dad6bc47-5923-48c7-97fe-dd0520b40f58","cwsprChatHasCodeSnippet":true,"cwsprChatTriggerInteraction":"click","cwsprChatMessageId":"error-message-id-1b4e81d4-f6be-4800-8e53-a3aabc1a4321","cwsprChatResponseCode":400,"cwsprChatRequestLength":89,"cwsprChatConversationType":"AgenticChat","cwsprChatActiveEditorTotalCharacters":4737,"result":"Failed","enabled":true,"languageServerVersion":"1.51.0","requestIds":["5e4304f5-2095-4fcd-bd8a-1895d424db03"],"errorMessage":"Too much context loaded. I have cleared the conversation history. Please retry your request with smaller input.","errorCode":"InputTooLong"}
2025-12-17 23:22:34.027 [warning] telemetry: invalid Metric: "amazonq_addMessage" emitted with result=Failed but without the `reason` property. Consider using `.run()` instead of `.emit()`, which will set these properties automatically. See https://github.com/aws/aws-toolkit-vscode/blob/master/docs/telemetry.md#guidelines
2025-12-17 23:22:34.027 [warning] telemetry: invalid Metric:  "amazonq_addMessage" emitted with missing fields: cwsprChatFullResponseLatency,cwsprChatTimeBetweenChunks,cwsprChatTimeToFirstChunk
2025-12-17 23:22:34.275 [info] [Info  - 11:22:34 PM] [VSCode Telemetry] Emitting amazonq_messageResponseError telemetry: {"cwsprChatHasCodeSnippet":true,"cwsprChatTriggerInteraction":"click","cwsprChatActiveEditorTotalCharacters":4737,"cwsprChatResponseCode":400,"cwsprChatRequestLength":89,"cwsprChatConversationType":"AgenticChat","requestId":"5e4304f5-2095-4fcd-bd8a-1895d424db03","reasonDesc":"Too much context loaded. I have cleared the conversation history. Please retry your request with smaller input.","credentialStartUrl":"https://view.awsapps.com/start","result":"Succeeded","enabled":true,"cwsprChatConversationId":"dad6bc47-5923-48c7-97fe-dd0520b40f58","languageServerVersion":"1.51.0"}
2025-12-17 23:22:34.275 [info] [Error - 11:22:34 PM] [2025-12-17T19:22:34.274Z] lserver: {
  "code": "InputTooLong",
  "requestId": "5e4304f5-2095-4fcd-bd8a-1895d424db03",
  "name": "Error",
  "message": "Too much context loaded. I have cleared the conversation history. Please retry your request with smaller input.",
  "cause": {
    "$fault": "client",
    "$metadata": {
      "httpStatusCode": 400,
      "requestId": "5e4304f5-2095-4fcd-bd8a-1895d424db03",
      "attempts": 1,
      "totalRetryDelay": 0
    },
    "name": "ValidationException",
    "reason": "CONTENT_LENGTH_EXCEEDS_THRESHOLD"
  }
}
2025-12-17 23:22:34.275 [info] [Info  - 11:22:34 PM] Error occurred during chat request: Error: Too much context loaded. I have cleared the conversation history. Please retry your request with smaller input.
2025-12-17 23:22:34.275 [info] [Info  - 11:22:34 PM] Last result from langauge server: {
  "type": "answer",
  "body": "",
  "messageId": "error-message-id-1b4e81d4-f6be-4800-8e53-a3aabc1a4321",
  "buttons": []
}
2025-12-17 23:24:11.406 [info] telemetry: sent batch (size=6)
2025-12-17 23:27:52.508 [info] [Info  - 11:27:52 PM] [VSCode Client]  Received {"command":"telemetry/event","params":{"name":"enterFocus"}} from chat
2025-12-17 23:27:52.513 [info] [Info  - 11:27:52 PM] [VSCode Telemetry] Emitting amazonq_enterFocusChat telemetry: {"credentialStartUrl":"https://view.awsapps.com/start","result":"Succeeded"}
2025-12-17 23:28:07.354 [info] [Info  - 11:28:07 PM] [VSCode Client]  Received {"command":"stopChatResponse","params":{"tabId":"fislw0"}} from chat
2025-12-17 23:28:07.354 [info] [Info  - 11:28:07 PM] [VSCode Client]  Received {"command":"aws/chat/sendChatPrompt","params":{"prompt":{"prompt":"can you export conversation like json ?","escapedPrompt":"can you export conversation like json ?","context":[],"options":{"pair-programmer-mode":"true","model-selection":"auto"}},"tabId":"fislw0","context":[]}} from chat
2025-12-17 23:28:07.354 [info] [Info  - 11:28:07 PM] [VSCode Client]  Received {"command":"telemetry/event","params":{"triggerType":"click","tabId":"fislw0","name":"addMessage"}} from chat
2025-12-17 23:28:07.358 [info] [Info  - 11:28:07 PM] [2025-12-17T19:28:07.357Z] lserver: remote workspaceId: undefined
2025-12-17 23:28:07.358 [info] [Info  - 11:28:07 PM] [2025-12-17T19:28:07.357Z] lserver: System Information: {"languageServerVersion":"1.51.0","clientName":"Visual Studio Code","clientVersion":"1.105.1","OS":"win32","OSVersion":"10.0.26200","ComputeEnv":"unknown","extensionVersion":"1.106.0"}
2025-12-17 23:28:07.358 [info] [Info  - 11:28:07 PM] [2025-12-17T19:28:07.357Z] lserver: Fixing history: tabId=fislw0
2025-12-17 23:28:09.657 [info] [Info  - 11:28:09 PM] [2025-12-17T19:28:09.654Z] lserver: generateAssistantResponse/SendMessage ResponseMetadata: {
  "httpStatusCode": 200,
  "requestId": "21bbff89-7c8b-4a84-bc49-37163a1f10bd",
  "attempts": 1,
  "totalRetryDelay": 0
}
2025-12-17 23:28:17.387 [info] [Error - 11:28:17 PM] [2025-12-17T19:28:17.386Z] lserver: Unable to load from c:\Users\user\Desktop\Project_3\conversation-exporter.js: Error: ENOENT: no such file or directory, open 'c:\Users\user\Desktop\Project_3\conversation-exporter.js'
2025-12-17 23:28:17.415 [info] [Info  - 11:28:17 PM] [VSCode Telemetry] Emitting amazonq_interactWithAgenticChat telemetry: {"cwsprChatConversationId":"dad6bc47-5923-48c7-97fe-dd0520b40f58","cwsprChatConversationType":"AgenticChatWithToolUse","credentialStartUrl":"https://view.awsapps.com/start","cwsprAgenticChatInteractionType":"GeneratedDiff","result":"Succeeded","enabled":true}
2025-12-17 23:28:17.415 [info] [Info  - 11:28:17 PM] [VSCode Telemetry] Emitting amazonq_interactWithMessage telemetry: {"cwsprChatMessageId":"tooluse_VEGvvPpWRf25-vB8jMITlA","cwsprChatInteractionType":"agenticCodeAccepted","cwsprChatConversationId":"dad6bc47-5923-48c7-97fe-dd0520b40f58","credentialStartUrl":"https://view.awsapps.com/start","result":"Succeeded"}
2025-12-17 23:28:17.671 [info] [Info  - 11:28:17 PM] [VSCode Telemetry] Emitting amazonq_toolUseSuggested telemetry: {"cwsprChatConversationId":"dad6bc47-5923-48c7-97fe-dd0520b40f58","cwsprChatConversationType":"AgenticChatWithToolUse","credentialStartUrl":"https://view.awsapps.com/start","cwsprToolName":"fsWrite","cwsprToolUseId":"tooluse_VEGvvPpWRf25-vB8jMITlA","perfE2ELatency":285,"result":"Succeeded","languageServerVersion":"1.51.0","enabled":true}
2025-12-17 23:28:17.672 [info] [Info  - 11:28:17 PM] [VSCode Telemetry] Emitting amazonq_invokeLLM telemetry: {"cwsprChatConversationId":"dad6bc47-5923-48c7-97fe-dd0520b40f58","cwsprChatConversationType":"AgenticChatWithToolUse","credentialStartUrl":"https://view.awsapps.com/start","cwsprToolName":"fsWrite","cwsprToolUseId":"tooluse_VEGvvPpWRf25-vB8jMITlA","result":"Succeeded","languageServerVersion":"1.51.0","latency":10026,"toolCallLatency":"285","cwsprChatTimeToFirstChunk":2303,"cwsprChatTimeBetweenChunks":"1,49,157,23,415,2,183,2,6892","requestId":"21bbff89-7c8b-4a84-bc49-37163a1f10bd","enabled":true,"modelId":"auto"}
2025-12-17 23:28:17.672 [info] [Info  - 11:28:17 PM] [2025-12-17T19:28:17.670Z] lserver: Fixing history: tabId=fislw0
2025-12-17 23:28:19.317 [info] [Info  - 11:28:19 PM] [2025-12-17T19:28:19.315Z] lserver: generateAssistantResponse/SendMessage ResponseMetadata: {
  "httpStatusCode": 200,
  "requestId": "c21266d6-3105-4683-b612-6c375b34e1fe",
  "attempts": 1,
  "totalRetryDelay": 0
}
2025-12-17 23:28:20.296 [info] [Info  - 11:28:20 PM] [VSCode Client]  Received {"command":"telemetry/event","params":{"name":"exitFocus"}} from chat
2025-12-17 23:28:20.299 [info] [Info  - 11:28:20 PM] [VSCode Telemetry] Emitting amazonq_exitFocusChat telemetry: {"credentialStartUrl":"https://view.awsapps.com/start","result":"Succeeded"}
2025-12-17 23:28:21.894 [info] [Info  - 11:28:21 PM] [VSCode Telemetry] Emitting amazonq_invokeLLM telemetry: {"cwsprChatConversationId":"dad6bc47-5923-48c7-97fe-dd0520b40f58","cwsprChatConversationType":"AgenticChat","credentialStartUrl":"https://view.awsapps.com/start","cwsprToolName":"","cwsprToolUseId":"","result":"Succeeded","languageServerVersion":"1.51.0","latency":4221,"toolCallLatency":"","cwsprChatTimeToFirstChunk":1691,"cwsprChatTimeBetweenChunks":"1,46,69,62,70,64,132,355,1,1,0,131,1,475,1,0,0,0,8,0,0,205,1,0,0,0,693,0,0,0,0,0,1,212,1,0","requestId":"c21266d6-3105-4683-b612-6c375b34e1fe","enabled":true,"modelId":"auto"}
2025-12-17 23:28:21.894 [info] [Info  - 11:28:21 PM] [VSCode Telemetry] Emitting amazonq_addMessage telemetry: {"credentialStartUrl":"https://view.awsapps.com/start","cwsprChatConversationId":"dad6bc47-5923-48c7-97fe-dd0520b40f58","cwsprChatHasCodeSnippet":true,"cwsprChatTriggerInteraction":"click","cwsprChatMessageId":"c21266d6-3105-4683-b612-6c375b34e1fe","cwsprChatResponseCode":200,"cwsprChatSourceLinkCount":0,"cwsprChatReferencesCount":0,"cwsprChatFollowUpCount":0,"cwsprChatTimeToFirstChunk":2304,"cwsprChatFullResponseLatency":14535,"cwsprChatTimeBetweenChunks":[1,49,157,23,415,2,183,1,27,754,1,1,166,1,45,2955,1,215,1,1,45,1,1,165,785,215,1,214,1,1,213,1,1,212,1,1,213,1,1,212,1,1,213,1,1,214,1,1,1,1,1,1,1765999699362,1,46,69,62,70,64,131,354,1,1,131,1,475,1,8,205,1,693,1,212,1],"cwsprChatRequestLength":39,"cwsprChatResponseLength":784,"cwsprChatConversationType":"AgenticChatWithToolUse","cwsprChatActiveEditorTotalCharacters":4737,"cwsprChatHasContextList":true,"cwsprChatFolderContextCount":0,"cwsprChatFileContextCount":0,"cwsprChatRuleContextCount":0,"cwsprChatPromptContextCount":0,"cwsprChatFileContextLength":0,"cwsprChatRuleContextLength":0,"cwsprChatTotalRuleContextCount":0,"cwsprChatPromptContextLength":0,"cwsprChatFocusFileContextLength":4737,"cwsprChatCodeContextCount":0,"cwsprChatCodeContextLength":0,"cwsprChatPinnedCodeContextCount":0,"cwsprChatPinnedFileContextCount":0,"cwsprChatPinnedFolderContextCount":0,"cwsprChatPinnedPromptContextCount":0,"result":"Succeeded","enabled":true,"languageServerVersion":"1.51.0","requestIds":["21bbff89-7c8b-4a84-bc49-37163a1f10bd","c21266d6-3105-4683-b612-6c375b34e1fe"]}
2025-12-17 23:28:22.905 [info] _provideInlineCompletionItems called with: {
  documentUri: 'file:///c%3A/Users/user/Desktop/Project_3/_site/conversation-exporter.js',
  position: Oo { a: 0, b: 0 },
  context: {
    selectedCompletionInfo: undefined,
    triggerKind: 1,
    requestUuid: 'icr-c5fb8b56-02e4-42cc-9ccf-1e795a94aee8',
    requestIssuedDateTime: 1765999702891,
    earliestShownDateTime: 1765999702891
  },
  triggerKind: 'Automatic',
  options: undefined
}
2025-12-17 23:28:22.905 [info] Sending inline completion request: {
  method: 'aws/textDocument/inlineCompletionWithReferences',
  request: {
    textDocument: {
      uri: 'file:///c%3A/Users/user/Desktop/Project_3/_site/conversation-exporter.js'
    },
    position: Oo { a: 0, b: 0 },
    context: { triggerKind: 1, selectedCompletionInfo: undefined },
    nextToken: undefined
  }
}
2025-12-17 23:28:22.907 [info] Received inline completion response from LSP: { sessionId: '', latency: 2, itemCount: 0, items: [] }
2025-12-17 23:28:22.908 [info] GenerateCompletion activity:\n- number of suggestions: 0
- sessionId: 
- first suggestion content (next line):
no suggestion
- duration between trigger to before sending LSP call: 0ms
- duration between trigger to after receiving LSP response: 3ms
- duration between before sending LSP call to after receving LSP response: 3ms
Failed to produce inline suggestion results. Received 0 items from service
2025-12-17 23:28:31.269 [info] [Info  - 11:28:31 PM] [VSCode Client]  Received {"command":"telemetry/event","params":{"name":"enterFocus"}} from chat
2025-12-17 23:28:31.279 [info] [Info  - 11:28:31 PM] [VSCode Telemetry] Emitting amazonq_enterFocusChat telemetry: {"credentialStartUrl":"https://view.awsapps.com/start","result":"Succeeded"}
2025-12-17 23:28:38.921 [info] [Info  - 11:28:38 PM] [VSCode Client]  Received {"command":"stopChatResponse","params":{"tabId":"fislw0"}} from chat
2025-12-17 23:28:38.921 [info] [Info  - 11:28:38 PM] [VSCode Client]  Received {"command":"aws/chat/sendChatPrompt","params":{"prompt":{"prompt":"how can i export your chat ?","escapedPrompt":"how can i export your chat ?","context":[],"options":{"pair-programmer-mode":"true","model-selection":"auto"}},"tabId":"fislw0","context":[]}} from chat
2025-12-17 23:28:38.922 [info] [Info  - 11:28:38 PM] [VSCode Client]  Received {"command":"telemetry/event","params":{"triggerType":"click","tabId":"fislw0","name":"addMessage"}} from chat
2025-12-17 23:28:38.925 [info] [Info  - 11:28:38 PM] [2025-12-17T19:28:38.924Z] lserver: remote workspaceId: undefined
2025-12-17 23:28:38.925 [info] [Info  - 11:28:38 PM] [2025-12-17T19:28:38.924Z] lserver: System Information: {"languageServerVersion":"1.51.0","clientName":"Visual Studio Code","clientVersion":"1.105.1","OS":"win32","OSVersion":"10.0.26200","ComputeEnv":"unknown","extensionVersion":"1.106.0"}
2025-12-17 23:28:38.925 [info] [Info  - 11:28:38 PM] [2025-12-17T19:28:38.924Z] lserver: Fixing history: tabId=fislw0
2025-12-17 23:28:40.774 [info] [Info  - 11:28:40 PM] [2025-12-17T19:28:40.771Z] lserver: generateAssistantResponse/SendMessage ResponseMetadata: {
  "httpStatusCode": 200,
  "requestId": "e5bd2724-12cd-4c86-a269-40dfd424c62c",
  "attempts": 1,
  "totalRetryDelay": 0
}
2025-12-17 23:28:50.450 [info] [Info  - 11:28:50 PM] [VSCode Client]  Received {"command":"telemetry/event","params":{"name":"exitFocus"}} from chat
2025-12-17 23:28:50.453 [info] [Info  - 11:28:50 PM] [VSCode Telemetry] Emitting amazonq_exitFocusChat telemetry: {"credentialStartUrl":"https://view.awsapps.com/start","result":"Succeeded"}
2025-12-17 23:28:51.311 [info] [Error - 11:28:51 PM] [2025-12-17T19:28:51.310Z] lserver: Unable to load from c:\Users\user\Desktop\Project_3\chat-formatter.html: Error: ENOENT: no such file or directory, open 'c:\Users\user\Desktop\Project_3\chat-formatter.html'
2025-12-17 23:28:51.346 [info] [Info  - 11:28:51 PM] [VSCode Telemetry] Emitting amazonq_interactWithAgenticChat telemetry: {"cwsprChatConversationId":"dad6bc47-5923-48c7-97fe-dd0520b40f58","cwsprChatConversationType":"AgenticChatWithToolUse","credentialStartUrl":"https://view.awsapps.com/start","cwsprAgenticChatInteractionType":"GeneratedDiff","result":"Succeeded","enabled":true}
2025-12-17 23:28:51.346 [info] [Info  - 11:28:51 PM] [VSCode Telemetry] Emitting amazonq_interactWithMessage telemetry: {"cwsprChatMessageId":"tooluse_PsVZx6xsToye3DiP6yLlxg","cwsprChatInteractionType":"agenticCodeAccepted","cwsprChatConversationId":"dad6bc47-5923-48c7-97fe-dd0520b40f58","credentialStartUrl":"https://view.awsapps.com/start","result":"Succeeded"}
2025-12-17 23:28:51.602 [info] [Info  - 11:28:51 PM] [VSCode Telemetry] Emitting amazonq_toolUseSuggested telemetry: {"cwsprChatConversationId":"dad6bc47-5923-48c7-97fe-dd0520b40f58","cwsprChatConversationType":"AgenticChatWithToolUse","credentialStartUrl":"https://view.awsapps.com/start","cwsprToolName":"fsWrite","cwsprToolUseId":"tooluse_PsVZx6xsToye3DiP6yLlxg","perfE2ELatency":292,"result":"Succeeded","languageServerVersion":"1.51.0","enabled":true}
2025-12-17 23:28:51.602 [info] [Info  - 11:28:51 PM] [VSCode Telemetry] Emitting amazonq_invokeLLM telemetry: {"cwsprChatConversationId":"dad6bc47-5923-48c7-97fe-dd0520b40f58","cwsprChatConversationType":"AgenticChatWithToolUse","credentialStartUrl":"https://view.awsapps.com/start","cwsprToolName":"fsWrite","cwsprToolUseId":"tooluse_PsVZx6xsToye3DiP6yLlxg","result":"Succeeded","languageServerVersion":"1.51.0","latency":12385,"toolCallLatency":"292","cwsprChatTimeToFirstChunk":1849,"cwsprChatTimeBetweenChunks":"213,3,83,132,31,99,100,131,66,63,381,1,683,2,213,2,0,1,0,0,0,1,0,0,0,211,8120","requestId":"e5bd2724-12cd-4c86-a269-40dfd424c62c","enabled":true,"modelId":"auto"}
2025-12-17 23:28:51.602 [info] [Info  - 11:28:51 PM] [2025-12-17T19:28:51.601Z] lserver: Fixing history: tabId=fislw0
2025-12-17 23:28:53.297 [info] [Info  - 11:28:53 PM] [2025-12-17T19:28:53.295Z] lserver: generateAssistantResponse/SendMessage ResponseMetadata: {
  "httpStatusCode": 200,
  "requestId": "cc20d91e-812d-468e-a900-954a8850b143",
  "attempts": 1,
  "totalRetryDelay": 0
}
2025-12-17 23:28:54.428 [info] [Info  - 11:28:54 PM] [VSCode Telemetry] Emitting amazonq_invokeLLM telemetry: {"cwsprChatConversationId":"dad6bc47-5923-48c7-97fe-dd0520b40f58","cwsprChatConversationType":"AgenticChat","credentialStartUrl":"https://view.awsapps.com/start","cwsprToolName":"","cwsprToolUseId":"","result":"Succeeded","languageServerVersion":"1.51.0","latency":2824,"toolCallLatency":"","cwsprChatTimeToFirstChunk":1694,"cwsprChatTimeBetweenChunks":"214,1,21,215,0,1,25,49,94,71,438,0,1,0","requestId":"cc20d91e-812d-468e-a900-954a8850b143","enabled":true,"modelId":"auto"}
2025-12-17 23:28:54.428 [info] [Info  - 11:28:54 PM] [VSCode Telemetry] Emitting amazonq_addMessage telemetry: {"credentialStartUrl":"https://view.awsapps.com/start","cwsprChatConversationId":"dad6bc47-5923-48c7-97fe-dd0520b40f58","cwsprChatHasCodeSnippet":true,"cwsprChatTriggerInteraction":"click","cwsprChatMessageId":"cc20d91e-812d-468e-a900-954a8850b143","cwsprChatResponseCode":200,"cwsprChatSourceLinkCount":0,"cwsprChatReferencesCount":0,"cwsprChatFollowUpCount":0,"cwsprChatTimeToFirstChunk":1849,"cwsprChatFullResponseLatency":15502,"cwsprChatTimeBetweenChunks":[213,3,83,132,30,99,100,130,66,63,381,1,683,2,213,2,1,1,211,250,469,429,1,2436,214,1,1,1,212,1,214,51,163,1,374,1,1,1,1,1,211,1,471,1,1,176,1,37,1,1,211,1,213,879,1085,1,1,1,1,1765999733296,214,1,21,214,1,25,49,94,71,438,1],"cwsprChatRequestLength":28,"cwsprChatResponseLength":260,"cwsprChatConversationType":"AgenticChatWithToolUse","cwsprChatActiveEditorTotalCharacters":4737,"cwsprChatHasContextList":true,"cwsprChatFolderContextCount":0,"cwsprChatFileContextCount":0,"cwsprChatRuleContextCount":0,"cwsprChatPromptContextCount":0,"cwsprChatFileContextLength":0,"cwsprChatRuleContextLength":0,"cwsprChatTotalRuleContextCount":0,"cwsprChatPromptContextLength":0,"cwsprChatFocusFileContextLength":4737,"cwsprChatCodeContextCount":0,"cwsprChatCodeContextLength":0,"cwsprChatPinnedCodeContextCount":0,"cwsprChatPinnedFileContextCount":0,"cwsprChatPinnedFolderContextCount":0,"cwsprChatPinnedPromptContextCount":0,"result":"Succeeded","enabled":true,"languageServerVersion":"1.51.0","requestIds":["e5bd2724-12cd-4c86-a269-40dfd424c62c","cc20d91e-812d-468e-a900-954a8850b143"]}
2025-12-17 23:29:07.844 [info] auth: Connection is valid: 4e6c3a6e-f5d8-43ce-a343-23725b008698
2025-12-17 23:29:07.844 [info] auth: Updating connection state of 4e6c3a6e-f5d8-43ce-a343-23725b008698 to valid
2025-12-17 23:29:11.954 [info] telemetry: sent batch (size=18)
2025-12-17 23:29:29.531 [info] [Info  - 11:29:29 PM] [VSCode Client]  Received {"command":"telemetry/event","params":{"name":"enterFocus"}} from chat
2025-12-17 23:29:29.540 [info] [Info  - 11:29:29 PM] [VSCode Telemetry] Emitting amazonq_enterFocusChat telemetry: {"credentialStartUrl":"https://view.awsapps.com/start","result":"Succeeded"}
2025-12-17 23:29:31.584 [info] [Info  - 11:29:31 PM] [VSCode Client]  Received {"command":"aws/chat/listConversations","params":{}} from chat
2025-12-17 23:29:31.584 [info] [Info  - 11:29:31 PM] [VSCode Client]  Received {"command":"telemetry/event","params":{"triggerType":"click","name":"historyButtonClick"}} from chat
2025-12-17 23:29:31.591 [info] [Info  - 11:29:31 PM] [VSCode Telemetry] Emitting ui_click telemetry: {"elementId":"amazonq_historyTabButton"}
2025-12-17 23:29:33.309 [info] [Info  - 11:29:33 PM] [VSCode Client]  Received {"command":"aws/chat/conversationClick","params":{"id":"77989fe7-0fdf-45cd-8f46-7679e7abd108"}} from chat
2025-12-17 23:29:33.313 [info] [Info  - 11:29:33 PM] [VSCode Client]  Received {"requestId":"1a5f6d3e-2c01-4997-b434-53a26c8ab051","command":"aws/chat/openTab","params":{"success":true,"result":{"tabId":"fislw0"}}} from chat
2025-12-17 23:29:33.314 [info] [Info  - 11:29:33 PM] [VSCode Telemetry] Emitting amazonq_performChatHistoryAction telemetry: {"action":"open","languageServerVersion":"1.51.0","result":"Succeeded"}
2025-12-17 23:29:34.758 [info] [Info  - 11:29:34 PM] [VSCode Client]  Received {"command":"aws/chat/listConversations","params":{}} from chat
2025-12-17 23:29:34.759 [info] [Info  - 11:29:34 PM] [VSCode Client]  Received {"command":"telemetry/event","params":{"triggerType":"click","name":"historyButtonClick"}} from chat
2025-12-17 23:29:34.760 [info] [Info  - 11:29:34 PM] [VSCode Telemetry] Emitting ui_click telemetry: {"elementId":"amazonq_historyTabButton"}
2025-12-17 23:29:37.353 [info] [Info  - 11:29:37 PM] [VSCode Client]  Received {"command":"aws/chat/conversationClick","params":{"id":"77989fe7-0fdf-45cd-8f46-7679e7abd108"}} from chat
2025-12-17 23:29:37.355 [info] [Info  - 11:29:37 PM] [VSCode Client]  Received {"requestId":"7dc55986-ce73-4aed-9e3d-5c0fdb02091f","command":"aws/chat/openTab","params":{"success":true,"result":{"tabId":"fislw0"}}} from chat
2025-12-17 23:29:37.356 [info] [Info  - 11:29:37 PM] [VSCode Telemetry] Emitting amazonq_performChatHistoryAction telemetry: {"action":"open","languageServerVersion":"1.51.0","result":"Succeeded"}
2025-12-17 23:29:50.752 [info] [Info  - 11:29:50 PM] [VSCode Client]  Received {"command":"aws/chat/tabBarAction","params":{"tabId":"fislw0","action":"show_logs"}} from chat
2025-12-17 23:29:50.752 [info] [Info  - 11:29:50 PM] [VSCode Client] Received show_logs action, showing disclaimer
2025-12-17 23:29:50.752 [info] [Info  - 11:29:50 PM] [VSCode Client] Opening logs directory
2025-12-17 23:29:50.783 [info] [Info  - 11:29:50 PM] [VSCode Client]  Received {"command":"telemetry/event","params":{"name":"exitFocus"}} from chat
2025-12-17 23:29:50.786 [info] [Info  - 11:29:50 PM] [VSCode Telemetry] Emitting amazonq_exitFocusChat telemetry: {"credentialStartUrl":"https://view.awsapps.com/start","result":"Succeeded"}
2025-12-17 23:30:00.416 [info] [Info  - 11:30:00 PM] [VSCode Client]  Received {"command":"telemetry/event","params":{"name":"enterFocus"}} from chat
2025-12-17 23:30:00.418 [info] [Info  - 11:30:00 PM] [VSCode Telemetry] Emitting amazonq_enterFocusChat telemetry: {"credentialStartUrl":"https://view.awsapps.com/start","result":"Succeeded"}
2025-12-17 23:30:00.476 [info] [Info  - 11:30:00 PM] [VSCode Client]  Received {"command":"telemetry/event","params":{"name":"exitFocus"}} from chat
2025-12-17 23:30:00.479 [info] [Info  - 11:30:00 PM] [VSCode Telemetry] Emitting amazonq_exitFocusChat telemetry: {"credentialStartUrl":"https://view.awsapps.com/start","result":"Succeeded"}
2025-12-17 23:30:11.314 [info] [Info  - 11:30:11 PM] [VSCode Client]  Received {"command":"telemetry/event","params":{"name":"enterFocus"}} from chat
2025-12-17 23:30:11.315 [info] [Info  - 11:30:11 PM] [VSCode Telemetry] Emitting amazonq_enterFocusChat telemetry: {"credentialStartUrl":"https://view.awsapps.com/start","result":"Succeeded"}
2025-12-17 23:30:18.665 [info] [Info  - 11:30:18 PM] [VSCode Client]  Received {"command":"telemetry/event","params":{"name":"exitFocus"}} from chat
2025-12-17 23:30:18.672 [info] [Info  - 11:30:18 PM] [VSCode Telemetry] Emitting amazonq_exitFocusChat telemetry: {"credentialStartUrl":"https://view.awsapps.com/start","result":"Succeeded"}
2025-12-17 23:30:21.570 [info] [Info  - 11:30:21 PM] [VSCode Client]  Received {"command":"telemetry/event","params":{"name":"enterFocus"}} from chat
2025-12-17 23:30:21.572 [info] [Info  - 11:30:21 PM] [VSCode Telemetry] Emitting amazonq_enterFocusChat telemetry: {"credentialStartUrl":"https://view.awsapps.com/start","result":"Succeeded"}
2025-12-17 23:30:24.676 [info] [Info  - 11:30:24 PM] [VSCode Client]  Received {"command":"telemetry/event","params":{"name":"exitFocus"}} from chat
2025-12-17 23:30:24.680 [info] [Info  - 11:30:24 PM] [VSCode Telemetry] Emitting amazonq_exitFocusChat telemetry: {"credentialStartUrl":"https://view.awsapps.com/start","result":"Succeeded"}
2025-12-17 23:30:27.817 [info] [Info  - 11:30:27 PM] [VSCode Client]  Received {"command":"telemetry/event","params":{"name":"enterFocus"}} from chat
2025-12-17 23:30:27.821 [info] [Info  - 11:30:27 PM] [VSCode Telemetry] Emitting amazonq_enterFocusChat telemetry: {"credentialStartUrl":"https://view.awsapps.com/start","result":"Succeeded"}
2025-12-17 23:30:28.252 [info] [Info  - 11:30:28 PM] [VSCode Client]  Received {"command":"telemetry/event","params":{"name":"exitFocus"}} from chat
2025-12-17 23:30:28.257 [info] [Info  - 11:30:28 PM] [VSCode Telemetry] Emitting amazonq_exitFocusChat telemetry: {"credentialStartUrl":"https://view.awsapps.com/start","result":"Succeeded"}
2025-12-17 23:30:48.132 [info] [Info  - 11:30:48 PM] [VSCode Client]  Received {"command":"telemetry/event","params":{"name":"enterFocus"}} from chat
2025-12-17 23:30:48.138 [info] [Info  - 11:30:48 PM] [VSCode Telemetry] Emitting amazonq_enterFocusChat telemetry: {"credentialStartUrl":"https://view.awsapps.com/start","result":"Succeeded"}
2025-12-17 23:30:50.881 [info] [Info  - 11:30:50 PM] [VSCode Client]  Received {"command":"stopChatResponse","params":{"tabId":"fislw0"}} from chat
2025-12-17 23:30:50.881 [info] [Info  - 11:30:50 PM] [VSCode Client]  Received {"command":"aws/chat/sendChatPrompt","params":{"prompt":{"prompt":"https://www.youtube.com/watch?v=GTZFTmrEjf8do same but for project 1 images 4 , 5 , 6","escapedPrompt":"https://www.youtube.com/watch?v=GTZFTmrEjf8do same but for project 1 images 4 , 5 , 6","context":[],"options":{"pair-programmer-mode":"true","model-selection":"auto"}},"tabId":"fislw0","context":[]}} from chat
2025-12-17 23:30:50.882 [info] [Info  - 11:30:50 PM] [VSCode Client]  Received {"command":"telemetry/event","params":{"triggerType":"click","tabId":"fislw0","name":"addMessage"}} from chat
2025-12-17 23:30:50.885 [info] [Info  - 11:30:50 PM] [2025-12-17T19:30:50.884Z] lserver: remote workspaceId: undefined
2025-12-17 23:30:50.885 [info] [Info  - 11:30:50 PM] [2025-12-17T19:30:50.884Z] lserver: System Information: {"languageServerVersion":"1.51.0","clientName":"Visual Studio Code","clientVersion":"1.105.1","OS":"win32","OSVersion":"10.0.26200","ComputeEnv":"unknown","extensionVersion":"1.106.0"}
2025-12-17 23:30:50.885 [info] [Info  - 11:30:50 PM] [2025-12-17T19:30:50.884Z] lserver: Fixing history: tabId=fislw0
2025-12-17 23:30:52.196 [info] [Info  - 11:30:52 PM] [2025-12-17T19:30:52.194Z] lserver: generateAssistantResponse/SendMessage ResponseMetadata: {
  "httpStatusCode": 200,
  "requestId": "cc8f1141-b8fb-4c58-8e94-8daf2d734389",
  "attempts": 1,
  "totalRetryDelay": 0
}
2025-12-17 23:31:03.423 [info] [Error - 11:31:03 PM] [2025-12-17T19:31:03.423Z] lserver: Unable to load from c:\Users\user\Desktop\Project_3\project1-gallery.html: Error: ENOENT: no such file or directory, open 'c:\Users\user\Desktop\Project_3\project1-gallery.html'
2025-12-17 23:31:03.455 [info] [Info  - 11:31:03 PM] [VSCode Telemetry] Emitting amazonq_interactWithAgenticChat telemetry: {"cwsprChatConversationId":"dad6bc47-5923-48c7-97fe-dd0520b40f58","cwsprChatConversationType":"AgenticChatWithToolUse","credentialStartUrl":"https://view.awsapps.com/start","cwsprAgenticChatInteractionType":"GeneratedDiff","result":"Succeeded","enabled":true}
2025-12-17 23:31:03.455 [info] [Info  - 11:31:03 PM] [VSCode Telemetry] Emitting amazonq_interactWithMessage telemetry: {"cwsprChatMessageId":"tooluse_SX3ViwVjRXqxszYL8pDowA","cwsprChatInteractionType":"agenticCodeAccepted","cwsprChatConversationId":"dad6bc47-5923-48c7-97fe-dd0520b40f58","credentialStartUrl":"https://view.awsapps.com/start","result":"Succeeded"}
2025-12-17 23:31:03.720 [info] [Info  - 11:31:03 PM] [VSCode Telemetry] Emitting amazonq_toolUseSuggested telemetry: {"cwsprChatConversationId":"dad6bc47-5923-48c7-97fe-dd0520b40f58","cwsprChatConversationType":"AgenticChatWithToolUse","credentialStartUrl":"https://view.awsapps.com/start","cwsprToolName":"fsWrite","cwsprToolUseId":"tooluse_SX3ViwVjRXqxszYL8pDowA","perfE2ELatency":297,"result":"Succeeded","languageServerVersion":"1.51.0","enabled":true}
2025-12-17 23:31:03.720 [info] [Info  - 11:31:03 PM] [VSCode Telemetry] Emitting amazonq_invokeLLM telemetry: {"cwsprChatConversationId":"dad6bc47-5923-48c7-97fe-dd0520b40f58","cwsprChatConversationType":"AgenticChatWithToolUse","credentialStartUrl":"https://view.awsapps.com/start","cwsprToolName":"fsWrite","cwsprToolUseId":"tooluse_SX3ViwVjRXqxszYL8pDowA","result":"Succeeded","languageServerVersion":"1.51.0","latency":12538,"toolCallLatency":"297","cwsprChatTimeToFirstChunk":1311,"cwsprChatTimeBetweenChunks":"213,1,33,117,138,22,360,1,10342","requestId":"cc8f1141-b8fb-4c58-8e94-8daf2d734389","enabled":true,"modelId":"auto"}
2025-12-17 23:31:03.720 [info] [Info  - 11:31:03 PM] [2025-12-17T19:31:03.719Z] lserver: Fixing history: tabId=fislw0
2025-12-17 23:31:07.151 [info] [Info  - 11:31:07 PM] [VSCode Client]  Received {"command":"telemetry/event","params":{"name":"exitFocus"}} from chat
2025-12-17 23:31:07.154 [info] [Info  - 11:31:07 PM] [VSCode Telemetry] Emitting amazonq_exitFocusChat telemetry: {"credentialStartUrl":"https://view.awsapps.com/start","result":"Succeeded"}
2025-12-17 23:31:09.310 [info] [Info  - 11:31:09 PM] [2025-12-17T19:31:09.309Z] lserver: generateAssistantResponse/SendMessage ResponseMetadata: {
  "httpStatusCode": 200,
  "requestId": "f10b2099-f839-47a3-8e78-79036a7d0467",
  "attempts": 1,
  "totalRetryDelay": 0
}
2025-12-17 23:31:10.184 [info] [Info  - 11:31:10 PM] [VSCode Client]  Received {"command":"telemetry/event","params":{"name":"enterFocus"}} from chat
2025-12-17 23:31:10.186 [info] [Info  - 11:31:10 PM] [VSCode Telemetry] Emitting amazonq_enterFocusChat telemetry: {"credentialStartUrl":"https://view.awsapps.com/start","result":"Succeeded"}
2025-12-17 23:31:11.879 [info] [Info  - 11:31:11 PM] [VSCode Telemetry] Emitting amazonq_invokeLLM telemetry: {"cwsprChatConversationId":"dad6bc47-5923-48c7-97fe-dd0520b40f58","cwsprChatConversationType":"AgenticChat","credentialStartUrl":"https://view.awsapps.com/start","cwsprToolName":"","cwsprToolUseId":"","result":"Succeeded","languageServerVersion":"1.51.0","latency":8158,"toolCallLatency":"","cwsprChatTimeToFirstChunk":5590,"cwsprChatTimeBetweenChunks":"356,1,117,1,95,1,0,0,1,0,117,139,2,1,10,168,318,1,0,1,1,1,0,2,153,1,1,82,181,0,0,1,75,139,0,0,7,45,70,99,22,355,1,2,0,1","requestId":"f10b2099-f839-47a3-8e78-79036a7d0467","enabled":true,"modelId":"auto"}
2025-12-17 23:31:11.879 [info] [Info  - 11:31:11 PM] [VSCode Telemetry] Emitting amazonq_addMessage telemetry: {"credentialStartUrl":"https://view.awsapps.com/start","cwsprChatConversationId":"dad6bc47-5923-48c7-97fe-dd0520b40f58","cwsprChatHasCodeSnippet":true,"cwsprChatTriggerInteraction":"click","cwsprChatMessageId":"f10b2099-f839-47a3-8e78-79036a7d0467","cwsprChatResponseCode":200,"cwsprChatSourceLinkCount":0,"cwsprChatReferencesCount":0,"cwsprChatFollowUpCount":0,"cwsprChatTimeToFirstChunk":1311,"cwsprChatFullResponseLatency":20993,"cwsprChatTimeBetweenChunks":[213,1,33,116,138,22,360,1,523,214,1,1,4993,1,213,1,1,47,1,1,164,1,1,47,1,1,1,164,1,1,45,1,166,1,1,46,1,1,1,164,1,46,1,1,380,1,1,1,1,424,1,213,1,213,1,51,1,1,858,1,1,213,1,1,212,1,46,1,214,1,1,1,1,1,1,1,207,1,1,1,211,215,1,1,1,1,1765999869309,356,1,117,1,95,1,1,117,139,2,1,10,168],"cwsprChatRequestLength":85,"cwsprChatResponseLength":423,"cwsprChatConversationType":"AgenticChatWithToolUse","cwsprChatActiveEditorTotalCharacters":4737,"cwsprChatHasContextList":true,"cwsprChatFolderContextCount":0,"cwsprChatFileContextCount":0,"cwsprChatRuleContextCount":0,"cwsprChatPromptContextCount":0,"cwsprChatFileContextLength":0,"cwsprChatRuleContextLength":0,"cwsprChatTotalRuleContextCount":0,"cwsprChatPromptContextLength":0,"cwsprChatFocusFileContextLength":4737,"cwsprChatCodeContextCount":0,"cwsprChatCodeContextLength":0,"cwsprChatPinnedCodeContextCount":0,"cwsprChatPinnedFileContextCount":0,"cwsprChatPinnedFolderContextCount":0,"cwsprChatPinnedPromptContextCount":0,"result":"Succeeded","enabled":true,"languageServerVersion":"1.51.0","requestIds":["cc8f1141-b8fb-4c58-8e94-8daf2d734389","f10b2099-f839-47a3-8e78-79036a7d0467"]}
2025-12-17 23:31:13.348 [info] [Info  - 11:31:13 PM] [VSCode Client]  Received {"command":"aws/chat/buttonClick","params":{"tabId":"fislw0","messageId":"tooluse_SX3ViwVjRXqxszYL8pDowA","buttonId":"undo-changes"}} from chat
2025-12-17 23:31:13.354 [info] [Info  - 11:31:13 PM] [VSCode Telemetry] Emitting amazonq_interactWithAgenticChat telemetry: {"cwsprChatConversationId":"dad6bc47-5923-48c7-97fe-dd0520b40f58","cwsprChatConversationType":"AgenticChatWithToolUse","credentialStartUrl":"https://view.awsapps.com/start","cwsprAgenticChatInteractionType":"RejectDiff","result":"Succeeded","enabled":true}
2025-12-17 23:31:56.418 [info] [Info  - 11:31:56 PM] [VSCode Client]  Received {"command":"stopChatResponse","params":{"tabId":"fislw0"}} from chat
2025-12-17 23:31:56.418 [info] [Info  - 11:31:56 PM] [VSCode Client]  Received {"command":"aws/chat/sendChatPrompt","params":{"prompt":{"prompt":"wait just add images to the project page to the project 1 same as in project 2 \n\nhttps://www.youtube.com/watch?v=GTZFTmrEjf8\n\nthis is video link","escapedPrompt":"wait just add images to the project page to the project 1 same as in project 2 \n\nhttps://www.youtube.com/watch?v=GTZFTmrEjf8\n\nthis is video link","context":[],"options":{"pair-programmer-mode":"true","model-selection":"auto"}},"tabId":"fislw0","context":[]}} from chat
2025-12-17 23:31:56.418 [info] [Info  - 11:31:56 PM] [VSCode Client]  Received {"command":"telemetry/event","params":{"triggerType":"click","tabId":"fislw0","name":"addMessage"}} from chat
2025-12-17 23:31:56.422 [info] [Info  - 11:31:56 PM] [2025-12-17T19:31:56.420Z] lserver: remote workspaceId: undefined
2025-12-17 23:31:56.422 [info] [Info  - 11:31:56 PM] [2025-12-17T19:31:56.420Z] lserver: System Information: {"languageServerVersion":"1.51.0","clientName":"Visual Studio Code","clientVersion":"1.105.1","OS":"win32","OSVersion":"10.0.26200","ComputeEnv":"unknown","extensionVersion":"1.106.0"}
2025-12-17 23:31:56.422 [info] [Info  - 11:31:56 PM] [2025-12-17T19:31:56.421Z] lserver: Fixing history: tabId=fislw0
2025-12-17 23:31:57.946 [info] [Info  - 11:31:57 PM] [2025-12-17T19:31:57.943Z] lserver: generateAssistantResponse/SendMessage ResponseMetadata: {
  "httpStatusCode": 200,
  "requestId": "87e41a9a-e4fd-44b1-84c1-37fe095bbeab",
  "attempts": 1,
  "totalRetryDelay": 0
}
2025-12-17 23:31:57.992 [info] [Info  - 11:31:57 PM] [VSCode Client]  Received {"command":"telemetry/event","params":{"name":"exitFocus"}} from chat
2025-12-17 23:31:57.996 [info] [Info  - 11:31:57 PM] [VSCode Telemetry] Emitting amazonq_exitFocusChat telemetry: {"credentialStartUrl":"https://view.awsapps.com/start","result":"Succeeded"}
2025-12-17 23:31:58.949 [info] [Info  - 11:31:58 PM] [VSCode Telemetry] Emitting amazonq_toolUseSuggested telemetry: {"cwsprChatConversationId":"dad6bc47-5923-48c7-97fe-dd0520b40f58","cwsprChatConversationType":"AgenticChatWithToolUse","credentialStartUrl":"https://view.awsapps.com/start","cwsprToolName":"fsRead","cwsprToolUseId":"tooluse_xeGJWN30SsusluhyeMXDMA","result":"Failed","languageServerVersion":"1.51.0","enabled":true}
2025-12-17 23:31:58.949 [warning] telemetry: invalid Metric: "amazonq_toolUseSuggested" emitted with result=Failed but without the `reason` property. Consider using `.run()` instead of `.emit()`, which will set these properties automatically. See https://github.com/aws/aws-toolkit-vscode/blob/master/docs/telemetry.md#guidelines
2025-12-17 23:31:58.950 [info] [Info  - 11:31:58 PM] [VSCode Telemetry] Emitting amazonq_invokeLLM telemetry: {"cwsprChatConversationId":"dad6bc47-5923-48c7-97fe-dd0520b40f58","cwsprChatConversationType":"AgenticChatWithToolUse","credentialStartUrl":"https://view.awsapps.com/start","cwsprToolName":"","cwsprToolUseId":"","result":"Succeeded","languageServerVersion":"1.51.0","latency":2525,"toolCallLatency":"2","cwsprChatTimeToFirstChunk":1525,"cwsprChatTimeBetweenChunks":"2,152,0,57,570,0,219","requestId":"87e41a9a-e4fd-44b1-84c1-37fe095bbeab","enabled":true,"modelId":"auto"}
2025-12-17 23:31:58.950 [info] [Info  - 11:31:58 PM] [2025-12-17T19:31:58.948Z] lserver: Fixing history: tabId=fislw0
2025-12-17 23:32:01.634 [info] [Info  - 11:32:01 PM] [2025-12-17T19:32:01.632Z] lserver: generateAssistantResponse/SendMessage ResponseMetadata: {
  "httpStatusCode": 200,
  "requestId": "6ea9ffea-470b-43e0-8db2-1531a67a1240",
  "attempts": 1,
  "totalRetryDelay": 0
}
2025-12-17 23:32:01.635 [info] [Info  - 11:32:01 PM] [2025-12-17T19:32:01.634Z] lserver: Reading directory in tree like format: c:\Users\user\Desktop\Project_3 to max depth: unlimited
2025-12-17 23:32:01.640 [info] [Info  - 11:32:01 PM] [VSCode Telemetry] Emitting amazonq_toolUseSuggested telemetry: {"cwsprChatConversationId":"dad6bc47-5923-48c7-97fe-dd0520b40f58","cwsprChatConversationType":"AgenticChatWithToolUse","credentialStartUrl":"https://view.awsapps.com/start","cwsprToolName":"listDirectory","cwsprToolUseId":"tooluse_KbgBqWkDSAmfU8YwZBAKkg","perfE2ELatency":5,"result":"Succeeded","languageServerVersion":"1.51.0","enabled":true}
2025-12-17 23:32:01.640 [info] [Info  - 11:32:01 PM] [VSCode Telemetry] Emitting amazonq_invokeLLM telemetry: {"cwsprChatConversationId":"dad6bc47-5923-48c7-97fe-dd0520b40f58","cwsprChatConversationType":"AgenticChatWithToolUse","credentialStartUrl":"https://view.awsapps.com/start","cwsprToolName":"listDirectory","cwsprToolUseId":"tooluse_KbgBqWkDSAmfU8YwZBAKkg","result":"Succeeded","languageServerVersion":"1.51.0","latency":2685,"toolCallLatency":"5","cwsprChatTimeToFirstChunk":2685,"cwsprChatTimeBetweenChunks":"","requestId":"6ea9ffea-470b-43e0-8db2-1531a67a1240","enabled":true,"modelId":"auto"}
2025-12-17 23:32:01.640 [info] [Info  - 11:32:01 PM] [2025-12-17T19:32:01.638Z] lserver: Fixing history: tabId=fislw0
2025-12-17 23:32:02.524 [info] [Info  - 11:32:02 PM] [VSCode Client]  Received {"command":"telemetry/event","params":{"name":"enterFocus"}} from chat
2025-12-17 23:32:02.526 [info] [Info  - 11:32:02 PM] [VSCode Telemetry] Emitting amazonq_enterFocusChat telemetry: {"credentialStartUrl":"https://view.awsapps.com/start","result":"Succeeded"}
2025-12-17 23:32:03.004 [info] [Info  - 11:32:03 PM] [2025-12-17T19:32:03.003Z] lserver: generateAssistantResponse/SendMessage ResponseMetadata: {
  "httpStatusCode": 200,
  "requestId": "690c25d8-1a6c-4212-b2c3-4b3cb40be6a2",
  "attempts": 1,
  "totalRetryDelay": 0
}
2025-12-17 23:32:03.965 [info] [Info  - 11:32:03 PM] [2025-12-17T19:32:03.964Z] lserver: Reading file: c:\Users\user\Desktop\Project_3\projects.markdown
2025-12-17 23:32:03.967 [info] [Info  - 11:32:03 PM] [2025-12-17T19:32:03.965Z] lserver: Read file: c:\Users\user\Desktop\Project_3\projects.markdown, size: 1863
2025-12-17 23:32:03.968 [info] [Info  - 11:32:03 PM] [VSCode Telemetry] Emitting amazonq_toolUseSuggested telemetry: {"cwsprChatConversationId":"dad6bc47-5923-48c7-97fe-dd0520b40f58","cwsprChatConversationType":"AgenticChatWithToolUse","credentialStartUrl":"https://view.awsapps.com/start","cwsprToolName":"fsRead","cwsprToolUseId":"tooluse_13qzULNbTG-fjFkLng8YRQ","perfE2ELatency":3,"result":"Succeeded","languageServerVersion":"1.51.0","enabled":true}
2025-12-17 23:32:03.968 [info] [Info  - 11:32:03 PM] [VSCode Telemetry] Emitting amazonq_invokeLLM telemetry: {"cwsprChatConversationId":"dad6bc47-5923-48c7-97fe-dd0520b40f58","cwsprChatConversationType":"AgenticChatWithToolUse","credentialStartUrl":"https://view.awsapps.com/start","cwsprToolName":"fsRead","cwsprToolUseId":"tooluse_13qzULNbTG-fjFkLng8YRQ","result":"Succeeded","languageServerVersion":"1.51.0","latency":2323,"toolCallLatency":"3","cwsprChatTimeToFirstChunk":2324,"cwsprChatTimeBetweenChunks":"","requestId":"690c25d8-1a6c-4212-b2c3-4b3cb40be6a2","enabled":true,"modelId":"auto"}
2025-12-17 23:32:03.968 [info] [Info  - 11:32:03 PM] [2025-12-17T19:32:03.966Z] lserver: Fixing history: tabId=fislw0
2025-12-17 23:32:05.743 [info] [Info  - 11:32:05 PM] [2025-12-17T19:32:05.741Z] lserver: generateAssistantResponse/SendMessage ResponseMetadata: {
  "httpStatusCode": 200,
  "requestId": "4bb74c73-64f8-414f-b8a2-76a5a1b7adb1",
  "attempts": 1,
  "totalRetryDelay": 0
}
2025-12-17 23:32:14.005 [info] [Info  - 11:32:14 PM] [VSCode Client]  Received {"command":"telemetry/event","params":{"name":"exitFocus"}} from chat
2025-12-17 23:32:14.007 [info] [Info  - 11:32:14 PM] [VSCode Telemetry] Emitting amazonq_exitFocusChat telemetry: {"credentialStartUrl":"https://view.awsapps.com/start","result":"Succeeded"}
2025-12-17 23:32:14.388 [info] [Info  - 11:32:14 PM] [VSCode Telemetry] Emitting amazonq_interactWithAgenticChat telemetry: {"cwsprChatConversationId":"dad6bc47-5923-48c7-97fe-dd0520b40f58","cwsprChatConversationType":"AgenticChatWithToolUse","credentialStartUrl":"https://view.awsapps.com/start","cwsprAgenticChatInteractionType":"GeneratedDiff","result":"Succeeded","enabled":true}
2025-12-17 23:32:14.388 [info] [Info  - 11:32:14 PM] [VSCode Telemetry] Emitting amazonq_interactWithMessage telemetry: {"cwsprChatMessageId":"tooluse_uuZ3qhVASIKFrFL98XS5Eg","cwsprChatInteractionType":"agenticCodeAccepted","cwsprChatConversationId":"dad6bc47-5923-48c7-97fe-dd0520b40f58","credentialStartUrl":"https://view.awsapps.com/start","result":"Succeeded"}
2025-12-17 23:32:14.648 [info] [Info  - 11:32:14 PM] [VSCode Telemetry] Emitting amazonq_toolUseSuggested telemetry: {"cwsprChatConversationId":"dad6bc47-5923-48c7-97fe-dd0520b40f58","cwsprChatConversationType":"AgenticChatWithToolUse","credentialStartUrl":"https://view.awsapps.com/start","cwsprToolName":"fsReplace","cwsprToolUseId":"tooluse_uuZ3qhVASIKFrFL98XS5Eg","perfE2ELatency":282,"result":"Succeeded","languageServerVersion":"1.51.0","enabled":true}
2025-12-17 23:32:14.648 [info] [Info  - 11:32:14 PM] [VSCode Telemetry] Emitting amazonq_invokeLLM telemetry: {"cwsprChatConversationId":"dad6bc47-5923-48c7-97fe-dd0520b40f58","cwsprChatConversationType":"AgenticChatWithToolUse","credentialStartUrl":"https://view.awsapps.com/start","cwsprToolName":"fsReplace","cwsprToolUseId":"tooluse_uuZ3qhVASIKFrFL98XS5Eg","result":"Succeeded","languageServerVersion":"1.51.0","latency":10398,"toolCallLatency":"282","cwsprChatTimeToFirstChunk":1774,"cwsprChatTimeBetweenChunks":"2,0,150,1,60,195,2,0,8214","requestId":"4bb74c73-64f8-414f-b8a2-76a5a1b7adb1","enabled":true,"modelId":"auto"}
2025-12-17 23:32:14.648 [info] [Info  - 11:32:14 PM] [2025-12-17T19:32:14.647Z] lserver: Fixing history: tabId=fislw0
2025-12-17 23:32:16.404 [info] [Info  - 11:32:16 PM] [2025-12-17T19:32:16.403Z] lserver: generateAssistantResponse/SendMessage ResponseMetadata: {
  "httpStatusCode": 200,
  "requestId": "42c0a040-0ed8-4e11-a6e7-e5e8f24cf1ae",
  "attempts": 1,
  "totalRetryDelay": 0
}
2025-12-17 23:32:16.850 [info] [Info  - 11:32:16 PM] [VSCode Telemetry] Emitting amazonq_invokeLLM telemetry: {"cwsprChatConversationId":"dad6bc47-5923-48c7-97fe-dd0520b40f58","cwsprChatConversationType":"AgenticChat","credentialStartUrl":"https://view.awsapps.com/start","cwsprToolName":"","cwsprToolUseId":"","result":"Succeeded","languageServerVersion":"1.51.0","latency":2201,"toolCallLatency":"","cwsprChatTimeToFirstChunk":1755,"cwsprChatTimeBetweenChunks":"214,1,0,0,0,0,1,0,0,213,0,17","requestId":"42c0a040-0ed8-4e11-a6e7-e5e8f24cf1ae","enabled":true,"modelId":"auto"}
2025-12-17 23:32:16.850 [info] [Info  - 11:32:16 PM] [VSCode Telemetry] Emitting amazonq_addMessage telemetry: {"credentialStartUrl":"https://view.awsapps.com/start","cwsprChatConversationId":"dad6bc47-5923-48c7-97fe-dd0520b40f58","cwsprChatHasCodeSnippet":true,"cwsprChatTriggerInteraction":"click","cwsprChatMessageId":"42c0a040-0ed8-4e11-a6e7-e5e8f24cf1ae","cwsprChatResponseCode":200,"cwsprChatSourceLinkCount":0,"cwsprChatReferencesCount":0,"cwsprChatFollowUpCount":0,"cwsprChatTimeToFirstChunk":1526,"cwsprChatFullResponseLatency":20429,"cwsprChatTimeBetweenChunks":[2,152,57,569,1,214,1,1,1765999921632,1765999923003,479,479,1765999925741,2,150,1,60,195,2,130,295,430,1,2500,214,1,213,1,1,51,1,160,1,315,1,1,1,151,61,1,201,1,1,59,1,153,1,1,1,1,103,1,106,1,1,152,1,60,1,1,1,196,1,13,1,47,1,1,165,1,96,1,1,1,1128,1,1179,1765999936403,214,1,1,213],"cwsprChatRequestLength":144,"cwsprChatResponseLength":196,"cwsprChatConversationType":"AgenticChatWithToolUse","cwsprChatActiveEditorTotalCharacters":4737,"cwsprChatHasContextList":true,"cwsprChatFolderContextCount":0,"cwsprChatFileContextCount":0,"cwsprChatRuleContextCount":0,"cwsprChatPromptContextCount":0,"cwsprChatFileContextLength":0,"cwsprChatRuleContextLength":0,"cwsprChatTotalRuleContextCount":0,"cwsprChatPromptContextLength":0,"cwsprChatFocusFileContextLength":4737,"cwsprChatCodeContextCount":0,"cwsprChatCodeContextLength":0,"cwsprChatPinnedCodeContextCount":0,"cwsprChatPinnedFileContextCount":0,"cwsprChatPinnedFolderContextCount":0,"cwsprChatPinnedPromptContextCount":0,"result":"Succeeded","enabled":true,"languageServerVersion":"1.51.0","requestIds":["87e41a9a-e4fd-44b1-84c1-37fe095bbeab","6ea9ffea-470b-43e0-8db2-1531a67a1240","690c25d8-1a6c-4212-b2c3-4b3cb40be6a2","4bb74c73-64f8-414f-b8a2-76a5a1b7adb1","42c0a040-0ed8-4e11-a6e7-e5e8f24cf1ae"]}
2025-12-17 23:32:41.143 [info] [Info  - 11:32:41 PM] [VSCode Client]  Received {"command":"telemetry/event","params":{"name":"enterFocus"}} from chat
2025-12-17 23:32:41.147 [info] [Info  - 11:32:41 PM] [VSCode Telemetry] Emitting amazonq_enterFocusChat telemetry: {"credentialStartUrl":"https://view.awsapps.com/start","result":"Succeeded"}
2025-12-17 23:32:48.004 [info] [Info  - 11:32:48 PM] [VSCode Client]  Received {"command":"telemetry/event","params":{"name":"exitFocus"}} from chat
2025-12-17 23:32:48.009 [info] [Info  - 11:32:48 PM] [VSCode Telemetry] Emitting amazonq_exitFocusChat telemetry: {"credentialStartUrl":"https://view.awsapps.com/start","result":"Succeeded"}
2025-12-17 23:32:53.737 [info] [Info  - 11:32:53 PM] [VSCode Client]  Received {"command":"telemetry/event","params":{"name":"enterFocus"}} from chat
2025-12-17 23:32:53.740 [info] [Info  - 11:32:53 PM] [VSCode Telemetry] Emitting amazonq_enterFocusChat telemetry: {"credentialStartUrl":"https://view.awsapps.com/start","result":"Succeeded"}
2025-12-17 23:33:08.244 [info] [Info  - 11:33:08 PM] [VSCode Client]  Received {"command":"telemetry/event","params":{"name":"exitFocus"}} from chat
2025-12-17 23:33:08.248 [info] [Info  - 11:33:08 PM] [VSCode Telemetry] Emitting amazonq_exitFocusChat telemetry: {"credentialStartUrl":"https://view.awsapps.com/start","result":"Succeeded"}
2025-12-17 23:33:11.851 [info] [Info  - 11:33:11 PM] [VSCode Client]  Received {"command":"telemetry/event","params":{"name":"enterFocus"}} from chat
2025-12-17 23:33:11.858 [info] [Info  - 11:33:11 PM] [VSCode Telemetry] Emitting amazonq_enterFocusChat telemetry: {"credentialStartUrl":"https://view.awsapps.com/start","result":"Succeeded"}
2025-12-17 23:33:20.090 [info] [Info  - 11:33:20 PM] [VSCode Client]  Received {"command":"telemetry/event","params":{"name":"exitFocus"}} from chat
2025-12-17 23:33:20.099 [info] [Info  - 11:33:20 PM] [VSCode Telemetry] Emitting amazonq_exitFocusChat telemetry: {"credentialStartUrl":"https://view.awsapps.com/start","result":"Succeeded"}
2025-12-17 23:33:22.323 [info] [Info  - 11:33:22 PM] [VSCode Client]  Received {"command":"telemetry/event","params":{"name":"enterFocus"}} from chat
2025-12-17 23:33:22.328 [info] [Info  - 11:33:22 PM] [VSCode Telemetry] Emitting amazonq_enterFocusChat telemetry: {"credentialStartUrl":"https://view.awsapps.com/start","result":"Succeeded"}
2025-12-17 23:33:22.974 [info] [Info  - 11:33:22 PM] [VSCode Client]  Received {"command":"telemetry/event","params":{"name":"exitFocus"}} from chat
2025-12-17 23:33:22.976 [info] [Info  - 11:33:22 PM] [VSCode Telemetry] Emitting amazonq_exitFocusChat telemetry: {"credentialStartUrl":"https://view.awsapps.com/start","result":"Succeeded"}
2025-12-17 23:33:26.261 [info] [Info  - 11:33:26 PM] [VSCode Client]  Received {"command":"telemetry/event","params":{"name":"enterFocus"}} from chat
2025-12-17 23:33:26.266 [info] [Info  - 11:33:26 PM] [VSCode Telemetry] Emitting amazonq_enterFocusChat telemetry: {"credentialStartUrl":"https://view.awsapps.com/start","result":"Succeeded"}
2025-12-17 23:33:27.018 [info] [Info  - 11:33:27 PM] [VSCode Client]  Received {"command":"stopChatResponse","params":{"tabId":"fislw0"}} from chat
2025-12-17 23:33:27.019 [info] [Info  - 11:33:27 PM] [VSCode Client]  Received {"command":"aws/chat/sendChatPrompt","params":{"prompt":{"prompt":"what about the video \n\nand also correct the description , key fetures ,","escapedPrompt":"what about the video \n\nand also correct the description , key fetures ,","context":[],"options":{"pair-programmer-mode":"true","model-selection":"auto"}},"tabId":"fislw0","context":[]}} from chat
2025-12-17 23:33:27.019 [info] [Info  - 11:33:27 PM] [VSCode Client]  Received {"command":"telemetry/event","params":{"triggerType":"click","tabId":"fislw0","name":"addMessage"}} from chat
2025-12-17 23:33:27.021 [info] [Info  - 11:33:27 PM] [2025-12-17T19:33:27.020Z] lserver: remote workspaceId: undefined
2025-12-17 23:33:27.021 [info] [Info  - 11:33:27 PM] [2025-12-17T19:33:27.020Z] lserver: System Information: {"languageServerVersion":"1.51.0","clientName":"Visual Studio Code","clientVersion":"1.105.1","OS":"win32","OSVersion":"10.0.26200","ComputeEnv":"unknown","extensionVersion":"1.106.0"}
2025-12-17 23:33:27.022 [info] [Info  - 11:33:27 PM] [2025-12-17T19:33:27.020Z] lserver: Fixing history: tabId=fislw0
2025-12-17 23:33:28.557 [info] [Info  - 11:33:28 PM] [2025-12-17T19:33:28.555Z] lserver: generateAssistantResponse/SendMessage ResponseMetadata: {
  "httpStatusCode": 200,
  "requestId": "b75cfebd-fb5e-49b8-a9d8-30dfd0ebd647",
  "attempts": 1,
  "totalRetryDelay": 0
}
2025-12-17 23:33:35.632 [info] [Info  - 11:33:35 PM] [VSCode Telemetry] Emitting amazonq_interactWithAgenticChat telemetry: {"cwsprChatConversationId":"dad6bc47-5923-48c7-97fe-dd0520b40f58","cwsprChatConversationType":"AgenticChatWithToolUse","credentialStartUrl":"https://view.awsapps.com/start","cwsprAgenticChatInteractionType":"GeneratedDiff","result":"Succeeded","enabled":true}
2025-12-17 23:33:35.632 [info] [Info  - 11:33:35 PM] [VSCode Telemetry] Emitting amazonq_interactWithMessage telemetry: {"cwsprChatMessageId":"tooluse_kk_Iiy9MS3arq1KnPyb7oA","cwsprChatInteractionType":"agenticCodeAccepted","cwsprChatConversationId":"dad6bc47-5923-48c7-97fe-dd0520b40f58","credentialStartUrl":"https://view.awsapps.com/start","result":"Succeeded"}
2025-12-17 23:33:35.911 [info] [Info  - 11:33:35 PM] [VSCode Telemetry] Emitting amazonq_toolUseSuggested telemetry: {"cwsprChatConversationId":"dad6bc47-5923-48c7-97fe-dd0520b40f58","cwsprChatConversationType":"AgenticChatWithToolUse","credentialStartUrl":"https://view.awsapps.com/start","cwsprToolName":"fsReplace","cwsprToolUseId":"tooluse_kk_Iiy9MS3arq1KnPyb7oA","perfE2ELatency":296,"result":"Succeeded","languageServerVersion":"1.51.0","enabled":true}
2025-12-17 23:33:35.911 [info] [Info  - 11:33:35 PM] [VSCode Telemetry] Emitting amazonq_invokeLLM telemetry: {"cwsprChatConversationId":"dad6bc47-5923-48c7-97fe-dd0520b40f58","cwsprChatConversationType":"AgenticChatWithToolUse","credentialStartUrl":"https://view.awsapps.com/start","cwsprToolName":"fsReplace","cwsprToolUseId":"tooluse_kk_Iiy9MS3arq1KnPyb7oA","result":"Succeeded","languageServerVersion":"1.51.0","latency":8593,"toolCallLatency":"296","cwsprChatTimeToFirstChunk":8593,"cwsprChatTimeBetweenChunks":"","requestId":"b75cfebd-fb5e-49b8-a9d8-30dfd0ebd647","enabled":true,"modelId":"auto"}
2025-12-17 23:33:35.911 [info] [Info  - 11:33:35 PM] [2025-12-17T19:33:35.909Z] lserver: Fixing history: tabId=fislw0
2025-12-17 23:33:37.313 [info] [Info  - 11:33:37 PM] [2025-12-17T19:33:37.311Z] lserver: generateAssistantResponse/SendMessage ResponseMetadata: {
  "httpStatusCode": 200,
  "requestId": "2867cfd7-564b-470f-9a44-c308d6aff6f6",
  "attempts": 1,
  "totalRetryDelay": 0
}
2025-12-17 23:33:38.323 [info] [Info  - 11:33:38 PM] [VSCode Telemetry] Emitting amazonq_invokeLLM telemetry: {"cwsprChatConversationId":"dad6bc47-5923-48c7-97fe-dd0520b40f58","cwsprChatConversationType":"AgenticChat","credentialStartUrl":"https://view.awsapps.com/start","cwsprToolName":"","cwsprToolUseId":"","result":"Succeeded","languageServerVersion":"1.51.0","latency":2408,"toolCallLatency":"","cwsprChatTimeToFirstChunk":1403,"cwsprChatTimeBetweenChunks":"3,14,20,391,1,0,1,0,1,358,2,112,1,101","requestId":"2867cfd7-564b-470f-9a44-c308d6aff6f6","enabled":true,"modelId":"auto"}
2025-12-17 23:33:38.323 [info] [Info  - 11:33:38 PM] [VSCode Telemetry] Emitting amazonq_addMessage telemetry: {"credentialStartUrl":"https://view.awsapps.com/start","cwsprChatConversationId":"dad6bc47-5923-48c7-97fe-dd0520b40f58","cwsprChatHasCodeSnippet":true,"cwsprChatTriggerInteraction":"click","cwsprChatMessageId":"2867cfd7-564b-470f-9a44-c308d6aff6f6","cwsprChatResponseCode":200,"cwsprChatSourceLinkCount":0,"cwsprChatReferencesCount":0,"cwsprChatFollowUpCount":0,"cwsprChatTimeToFirstChunk":1536,"cwsprChatFullResponseLatency":11297,"cwsprChatTimeBetweenChunks":[4476,428,1,215,215,1,1,1,212,1,1,1,1,1,210,1,1,1,1,211,1,1,1,1,1,210,1,1,1,1,1,1,1,422,1,1,1,1,1,1,1,1,206,1,1,1,212,1,1,1766000017313,3,14,20,391,1,1,1,358,2,112,1],"cwsprChatRequestLength":71,"cwsprChatResponseLength":243,"cwsprChatConversationType":"AgenticChatWithToolUse","cwsprChatActiveEditorTotalCharacters":4737,"cwsprChatHasContextList":true,"cwsprChatFolderContextCount":0,"cwsprChatFileContextCount":0,"cwsprChatRuleContextCount":0,"cwsprChatPromptContextCount":0,"cwsprChatFileContextLength":0,"cwsprChatRuleContextLength":0,"cwsprChatTotalRuleContextCount":0,"cwsprChatPromptContextLength":0,"cwsprChatFocusFileContextLength":4737,"cwsprChatCodeContextCount":0,"cwsprChatCodeContextLength":0,"cwsprChatPinnedCodeContextCount":0,"cwsprChatPinnedFileContextCount":0,"cwsprChatPinnedFolderContextCount":0,"cwsprChatPinnedPromptContextCount":0,"result":"Succeeded","enabled":true,"languageServerVersion":"1.51.0","requestIds":["b75cfebd-fb5e-49b8-a9d8-30dfd0ebd647","2867cfd7-564b-470f-9a44-c308d6aff6f6"]}
2025-12-17 23:33:41.171 [info] [Info  - 11:33:41 PM] [VSCode Client]  Received {"command":"telemetry/event","params":{"name":"exitFocus"}} from chat
2025-12-17 23:33:41.175 [info] [Info  - 11:33:41 PM] [VSCode Telemetry] Emitting amazonq_exitFocusChat telemetry: {"credentialStartUrl":"https://view.awsapps.com/start","result":"Succeeded"}
2025-12-17 23:33:59.685 [info] [Info  - 11:33:59 PM] [VSCode Client]  Received {"command":"telemetry/event","params":{"name":"enterFocus"}} from chat
2025-12-17 23:33:59.688 [info] [Info  - 11:33:59 PM] [VSCode Telemetry] Emitting amazonq_enterFocusChat telemetry: {"credentialStartUrl":"https://view.awsapps.com/start","result":"Succeeded"}
2025-12-17 23:34:02.481 [info] [Info  - 11:34:02 PM] [VSCode Client]  Received {"command":"telemetry/event","params":{"name":"exitFocus"}} from chat
2025-12-17 23:34:02.486 [info] [Info  - 11:34:02 PM] [VSCode Telemetry] Emitting amazonq_exitFocusChat telemetry: {"credentialStartUrl":"https://view.awsapps.com/start","result":"Succeeded"}
2025-12-17 23:34:13.025 [info] telemetry: sent batch (size=20)
2025-12-17 23:34:14.009 [info] telemetry: sent batch (size=20)
2025-12-17 23:34:14.615 [info] telemetry: sent batch (size=17)
2025-12-17 23:37:40.484 [info] _provideInlineCompletionItems called with: {
  documentUri: 'file:///c%3A/Users/user/Desktop/Project_3/_config.yml',
  position: Oo { a: 24, b: 10 },
  context: {
    selectedCompletionInfo: undefined,
    triggerKind: 1,
    requestUuid: 'icr-14502764-95b7-4c16-b083-77c1b602d9d6',
    requestIssuedDateTime: 1766000260475,
    earliestShownDateTime: 1766000260475
  },
  triggerKind: 'Automatic',
  options: undefined
}
2025-12-17 23:37:40.484 [info] Sending inline completion request: {
  method: 'aws/textDocument/inlineCompletionWithReferences',
  request: {
    textDocument: { uri: 'file:///c%3A/Users/user/Desktop/Project_3/_config.yml' },
    position: Oo { a: 24, b: 10 },
    context: { triggerKind: 1, selectedCompletionInfo: undefined },
    nextToken: undefined
  }
}
2025-12-17 23:37:40.485 [info] Received inline completion response from LSP: { sessionId: '', latency: 1, itemCount: 0, items: [] }
2025-12-17 23:37:40.485 [info] GenerateCompletion activity:\n- number of suggestions: 0
- sessionId: 
- first suggestion content (next line):
no suggestion
- duration between trigger to before sending LSP call: 1ms
- duration between trigger to after receiving LSP response: 2ms
- duration between before sending LSP call to after receving LSP response: 1ms
Failed to produce inline suggestion results. Received 0 items from service
2025-12-17 23:37:42.487 [info] _provideInlineCompletionItems called with: {
  documentUri: 'file:///c%3A/Users/user/Desktop/Project_3/_config.yml',
  position: Oo { a: 24, b: 9 },
  context: {
    selectedCompletionInfo: undefined,
    triggerKind: 1,
    requestUuid: 'icr-dd3e7a5d-0fdf-4adc-96e1-0fb7d696efd8',
    requestIssuedDateTime: 1766000262477,
    earliestShownDateTime: 1766000262477
  },
  triggerKind: 'Automatic',
  options: undefined
}
2025-12-17 23:37:42.487 [info] Sending inline completion request: {
  method: 'aws/textDocument/inlineCompletionWithReferences',
  request: {
    textDocument: { uri: 'file:///c%3A/Users/user/Desktop/Project_3/_config.yml' },
    position: Oo { a: 24, b: 9 },
    context: { triggerKind: 1, selectedCompletionInfo: undefined },
    nextToken: undefined
  }
}
2025-12-17 23:37:42.489 [info] Received inline completion response from LSP: { sessionId: '', latency: 1, itemCount: 0, items: [] }
2025-12-17 23:37:42.489 [info] GenerateCompletion activity:\n- number of suggestions: 0
- sessionId: 
- first suggestion content (next line):
no suggestion
- duration between trigger to before sending LSP call: 0ms
- duration between trigger to after receiving LSP response: 1ms
- duration between before sending LSP call to after receving LSP response: 1ms
Failed to produce inline suggestion results. Received 0 items from service
2025-12-17 23:37:42.864 [info] _provideInlineCompletionItems called with: {
  documentUri: 'file:///c%3A/Users/user/Desktop/Project_3/_config.yml',
  position: Oo { a: 24, b: 10 },
  context: {
    selectedCompletionInfo: undefined,
    triggerKind: 1,
    requestUuid: 'icr-fdeb7988-cf56-4265-a712-7a66d36ea4da',
    requestIssuedDateTime: 1766000262851,
    earliestShownDateTime: 1766000262851
  },
  triggerKind: 'Automatic',
  options: undefined
}
2025-12-17 23:37:42.865 [info] Sending inline completion request: {
  method: 'aws/textDocument/inlineCompletionWithReferences',
  request: {
    textDocument: { uri: 'file:///c%3A/Users/user/Desktop/Project_3/_config.yml' },
    position: Oo { a: 24, b: 10 },
    context: { triggerKind: 1, selectedCompletionInfo: undefined },
    nextToken: undefined
  }
}
2025-12-17 23:37:42.866 [info] Received inline completion response from LSP: { sessionId: '', latency: 1, itemCount: 0, items: [] }
2025-12-17 23:37:42.866 [info] GenerateCompletion activity:\n- number of suggestions: 0
- sessionId: 
- first suggestion content (next line):
no suggestion
- duration between trigger to before sending LSP call: 0ms
- duration between trigger to after receiving LSP response: 2ms
- duration between before sending LSP call to after receving LSP response: 2ms
Failed to produce inline suggestion results. Received 0 items from service
2025-12-17 23:37:45.217 [info] _provideInlineCompletionItems called with: {
  documentUri: 'file:///c%3A/Users/user/Desktop/Project_3/_config.yml',
  position: Oo { a: 24, b: 21 },
  context: {
    selectedCompletionInfo: undefined,
    triggerKind: 1,
    requestUuid: 'icr-77bbe5fe-62c2-423f-98cd-51ce2d3a547d',
    requestIssuedDateTime: 1766000265205,
    earliestShownDateTime: 1766000265205
  },
  triggerKind: 'Automatic',
  options: undefined
}
2025-12-17 23:37:45.217 [info] Sending inline completion request: {
  method: 'aws/textDocument/inlineCompletionWithReferences',
  request: {
    textDocument: { uri: 'file:///c%3A/Users/user/Desktop/Project_3/_config.yml' },
    position: Oo { a: 24, b: 21 },
    context: { triggerKind: 1, selectedCompletionInfo: undefined },
    nextToken: undefined
  }
}
2025-12-17 23:37:45.219 [info] Received inline completion response from LSP: { sessionId: '', latency: 1, itemCount: 0, items: [] }
2025-12-17 23:37:45.219 [info] GenerateCompletion activity:\n- number of suggestions: 0
- sessionId: 
- first suggestion content (next line):
no suggestion
- duration between trigger to before sending LSP call: 0ms
- duration between trigger to after receiving LSP response: 2ms
- duration between before sending LSP call to after receving LSP response: 2ms
Failed to produce inline suggestion results. Received 0 items from service
2025-12-17 23:37:45.752 [info] _provideInlineCompletionItems called with: {
  documentUri: 'file:///c%3A/Users/user/Desktop/Project_3/_config.yml',
  position: Oo { a: 25, b: 21 },
  context: {
    selectedCompletionInfo: undefined,
    triggerKind: 1,
    requestUuid: 'icr-dca8fbeb-5fc4-485f-b94a-0e65474c9fd6',
    requestIssuedDateTime: 1766000265749,
    earliestShownDateTime: 1766000265749
  },
  triggerKind: 'Automatic',
  options: undefined
}
2025-12-17 23:37:45.752 [info] Sending inline completion request: {
  method: 'aws/textDocument/inlineCompletionWithReferences',
  request: {
    textDocument: { uri: 'file:///c%3A/Users/user/Desktop/Project_3/_config.yml' },
    position: Oo { a: 25, b: 21 },
    context: { triggerKind: 1, selectedCompletionInfo: undefined },
    nextToken: undefined
  }
}
2025-12-17 23:37:45.753 [info] Received inline completion response from LSP: { sessionId: '', latency: 1, itemCount: 0, items: [] }
2025-12-17 23:37:45.753 [info] GenerateCompletion activity:\n- number of suggestions: 0
- sessionId: 
- first suggestion content (next line):
no suggestion
- duration between trigger to before sending LSP call: 0ms
- duration between trigger to after receiving LSP response: 2ms
- duration between before sending LSP call to after receving LSP response: 2ms
Failed to produce inline suggestion results. Received 0 items from service
2025-12-17 23:37:47.263 [info] _provideInlineCompletionItems called with: {
  documentUri: 'file:///c%3A/Users/user/Desktop/Project_3/_config.yml',
  position: Oo { a: 25, b: 42 },
  context: {
    selectedCompletionInfo: undefined,
    triggerKind: 1,
    requestUuid: 'icr-d2f2f8ca-f715-4672-9981-298362fa5e0f',
    requestIssuedDateTime: 1766000267249,
    earliestShownDateTime: 1766000267249
  },
  triggerKind: 'Automatic',
  options: undefined
}
2025-12-17 23:37:47.263 [info] Sending inline completion request: {
  method: 'aws/textDocument/inlineCompletionWithReferences',
  request: {
    textDocument: { uri: 'file:///c%3A/Users/user/Desktop/Project_3/_config.yml' },
    position: Oo { a: 25, b: 42 },
    context: { triggerKind: 1, selectedCompletionInfo: undefined },
    nextToken: undefined
  }
}
2025-12-17 23:37:47.265 [info] Received inline completion response from LSP: { sessionId: '', latency: 1, itemCount: 0, items: [] }
2025-12-17 23:37:47.265 [info] GenerateCompletion activity:\n- number of suggestions: 0
- sessionId: 
- first suggestion content (next line):
no suggestion
- duration between trigger to before sending LSP call: 0ms
- duration between trigger to after receiving LSP response: 2ms
- duration between before sending LSP call to after receving LSP response: 2ms
Failed to produce inline suggestion results. Received 0 items from service
2025-12-17 23:39:07.883 [info] auth: Connection is valid: 4e6c3a6e-f5d8-43ce-a343-23725b008698
2025-12-17 23:39:07.883 [info] auth: Updating connection state of 4e6c3a6e-f5d8-43ce-a343-23725b008698 to valid
2025-12-17 23:39:09.071 [info] Refreshing indexes...
2025-12-17 23:39:09.486 [info] Refreshing indexes...
2025-12-17 23:39:15.280 [info] telemetry: sent batch (size=4)
2025-12-17 23:41:09.008 [info] [Info  - 11:41:09 PM] [VSCode Client]  Received {"command":"telemetry/event","params":{"name":"enterFocus"}} from chat
2025-12-17 23:41:09.014 [info] [Info  - 11:41:09 PM] [VSCode Telemetry] Emitting amazonq_enterFocusChat telemetry: {"credentialStartUrl":"https://view.awsapps.com/start","result":"Succeeded"}
2025-12-17 23:41:33.090 [info] [Info  - 11:41:33 PM] [VSCode Client]  Received {"command":"stopChatResponse","params":{"tabId":"fislw0"}} from chat
2025-12-17 23:41:33.090 [info] [Info  - 11:41:33 PM] [VSCode Client]  Received {"command":"aws/chat/sendChatPrompt","params":{"prompt":{"prompt":"when i pushed my web to the github css is not connected \n\nhow can i solve this issue","escapedPrompt":"when i pushed my web to the github css is not connected \n\nhow can i solve this issue","context":[],"options":{"pair-programmer-mode":"true","model-selection":"auto"}},"tabId":"fislw0","context":[]}} from chat
2025-12-17 23:41:33.091 [info] [Info  - 11:41:33 PM] [VSCode Client]  Received {"command":"telemetry/event","params":{"triggerType":"click","tabId":"fislw0","name":"addMessage"}} from chat
2025-12-17 23:41:33.094 [info] [Info  - 11:41:33 PM] [2025-12-17T19:41:33.093Z] lserver: remote workspaceId: undefined
2025-12-17 23:41:33.094 [info] [Info  - 11:41:33 PM] [2025-12-17T19:41:33.093Z] lserver: System Information: {"languageServerVersion":"1.51.0","clientName":"Visual Studio Code","clientVersion":"1.105.1","OS":"win32","OSVersion":"10.0.26200","ComputeEnv":"unknown","extensionVersion":"1.106.0"}
2025-12-17 23:41:33.094 [info] [Info  - 11:41:33 PM] [2025-12-17T19:41:33.093Z] lserver: Fixing history: tabId=fislw0
2025-12-17 23:41:36.376 [info] [Info  - 11:41:36 PM] [2025-12-17T19:41:36.373Z] lserver: generateAssistantResponse/SendMessage ResponseMetadata: {
  "httpStatusCode": 200,
  "requestId": "5d6aa40e-3a4a-468a-9799-44f3c54f4ee5",
  "attempts": 1,
  "totalRetryDelay": 0
}
2025-12-17 23:41:38.831 [info] [Info  - 11:41:38 PM] [VSCode Telemetry] Emitting amazonq_interactWithAgenticChat telemetry: {"cwsprChatConversationId":"dad6bc47-5923-48c7-97fe-dd0520b40f58","cwsprChatConversationType":"AgenticChatWithToolUse","credentialStartUrl":"https://view.awsapps.com/start","cwsprAgenticChatInteractionType":"GeneratedDiff","result":"Succeeded","enabled":true}
2025-12-17 23:41:38.831 [info] [Info  - 11:41:38 PM] [VSCode Telemetry] Emitting amazonq_interactWithMessage telemetry: {"cwsprChatMessageId":"tooluse_f_dTEm8iQMSgBgO57VRwjg","cwsprChatInteractionType":"agenticCodeAccepted","cwsprChatConversationId":"dad6bc47-5923-48c7-97fe-dd0520b40f58","credentialStartUrl":"https://view.awsapps.com/start","result":"Succeeded"}
2025-12-17 23:41:39.111 [info] [Info  - 11:41:39 PM] [VSCode Telemetry] Emitting amazonq_toolUseSuggested telemetry: {"cwsprChatConversationId":"dad6bc47-5923-48c7-97fe-dd0520b40f58","cwsprChatConversationType":"AgenticChatWithToolUse","credentialStartUrl":"https://view.awsapps.com/start","cwsprToolName":"fsReplace","cwsprToolUseId":"tooluse_f_dTEm8iQMSgBgO57VRwjg","perfE2ELatency":290,"result":"Succeeded","languageServerVersion":"1.51.0","enabled":true}
2025-12-17 23:41:39.111 [info] [Info  - 11:41:39 PM] [VSCode Telemetry] Emitting amazonq_invokeLLM telemetry: {"cwsprChatConversationId":"dad6bc47-5923-48c7-97fe-dd0520b40f58","cwsprChatConversationType":"AgenticChatWithToolUse","credentialStartUrl":"https://view.awsapps.com/start","cwsprToolName":"fsReplace","cwsprToolUseId":"tooluse_f_dTEm8iQMSgBgO57VRwjg","result":"Succeeded","languageServerVersion":"1.51.0","latency":5722,"toolCallLatency":"291","cwsprChatTimeToFirstChunk":3281,"cwsprChatTimeBetweenChunks":"126,100,98,66,2051","requestId":"5d6aa40e-3a4a-468a-9799-44f3c54f4ee5","enabled":true,"modelId":"auto"}
2025-12-17 23:41:39.111 [info] [Info  - 11:41:39 PM] [2025-12-17T19:41:39.108Z] lserver: Fixing history: tabId=fislw0
2025-12-17 23:41:40.436 [info] [Info  - 11:41:40 PM] [2025-12-17T19:41:40.433Z] lserver: generateAssistantResponse/SendMessage ResponseMetadata: {
  "httpStatusCode": 200,
  "requestId": "bf2bde0d-37a9-4ebb-ac7d-1ab05fd3fa87",
  "attempts": 1,
  "totalRetryDelay": 0
}
2025-12-17 23:41:42.979 [info] [Info  - 11:41:42 PM] [VSCode Telemetry] Emitting amazonq_invokeLLM telemetry: {"cwsprChatConversationId":"dad6bc47-5923-48c7-97fe-dd0520b40f58","cwsprChatConversationType":"AgenticChat","credentialStartUrl":"https://view.awsapps.com/start","cwsprToolName":"","cwsprToolUseId":"","result":"Succeeded","languageServerVersion":"1.51.0","latency":3865,"toolCallLatency":"","cwsprChatTimeToFirstChunk":1324,"cwsprChatTimeBetweenChunks":"54,65,32,43,24,36,57,52,21,45,294,1,1,1,71,0,92,73,99,65,67,131,65,100,98,98,131,380,1,0,0,0,101,30,80,133","requestId":"bf2bde0d-37a9-4ebb-ac7d-1ab05fd3fa87","enabled":true,"modelId":"auto"}
2025-12-17 23:41:42.980 [info] [Info  - 11:41:42 PM] [VSCode Telemetry] Emitting amazonq_addMessage telemetry: {"credentialStartUrl":"https://view.awsapps.com/start","cwsprChatConversationId":"dad6bc47-5923-48c7-97fe-dd0520b40f58","cwsprChatHasCodeSnippet":true,"cwsprChatTriggerInteraction":"click","cwsprChatMessageId":"bf2bde0d-37a9-4ebb-ac7d-1ab05fd3fa87","cwsprChatProgrammingLanguage":"yaml","cwsprChatResponseCode":200,"cwsprChatSourceLinkCount":0,"cwsprChatReferencesCount":0,"cwsprChatFollowUpCount":0,"cwsprChatTimeToFirstChunk":3282,"cwsprChatFullResponseLatency":9882,"cwsprChatTimeBetweenChunks":[126,100,98,66,199,995,3,423,1,211,1,1,1,1,1,207,1,1,2,1,1,1766000500434,54,65,32,43,24,36,57,52,20,45,294,1,1,1,71,92,73,99,65,67,131,65,100,98,98,131,380,1,101,30,80],"cwsprChatRequestLength":84,"cwsprChatResponseLength":670,"cwsprChatConversationType":"AgenticChatWithToolUse","cwsprChatActiveEditorTotalCharacters":2152,"cwsprChatHasContextList":true,"cwsprChatFolderContextCount":0,"cwsprChatFileContextCount":0,"cwsprChatRuleContextCount":0,"cwsprChatPromptContextCount":0,"cwsprChatFileContextLength":0,"cwsprChatRuleContextLength":0,"cwsprChatTotalRuleContextCount":0,"cwsprChatPromptContextLength":0,"cwsprChatFocusFileContextLength":2152,"cwsprChatCodeContextCount":0,"cwsprChatCodeContextLength":0,"cwsprChatPinnedCodeContextCount":0,"cwsprChatPinnedFileContextCount":0,"cwsprChatPinnedFolderContextCount":0,"cwsprChatPinnedPromptContextCount":0,"result":"Succeeded","enabled":true,"languageServerVersion":"1.51.0","requestIds":["5d6aa40e-3a4a-468a-9799-44f3c54f4ee5","bf2bde0d-37a9-4ebb-ac7d-1ab05fd3fa87"]}
2025-12-17 23:41:49.535 [info] [Info  - 11:41:49 PM] [VSCode Client]  Received {"command":"telemetry/event","params":{"name":"exitFocus"}} from chat
2025-12-17 23:41:49.539 [info] [Info  - 11:41:49 PM] [VSCode Telemetry] Emitting amazonq_exitFocusChat telemetry: {"credentialStartUrl":"https://view.awsapps.com/start","result":"Succeeded"}
2025-12-17 23:43:51.666 [info] [Info  - 11:43:51 PM] [VSCode Client]  Received {"command":"telemetry/event","params":{"name":"enterFocus"}} from chat
2025-12-17 23:43:51.675 [info] [Info  - 11:43:51 PM] [VSCode Telemetry] Emitting amazonq_enterFocusChat telemetry: {"credentialStartUrl":"https://view.awsapps.com/start","result":"Succeeded"}
2025-12-17 23:43:54.553 [info] [Info  - 11:43:54 PM] [VSCode Client]  Received {"command":"telemetry/event","params":{"name":"exitFocus"}} from chat
2025-12-17 23:43:54.555 [info] [Info  - 11:43:54 PM] [VSCode Telemetry] Emitting amazonq_exitFocusChat telemetry: {"credentialStartUrl":"https://view.awsapps.com/start","result":"Succeeded"}
2025-12-17 23:44:07.169 [info] [Info  - 11:44:07 PM] [VSCode Telemetry] Emitting codewhisperer_codePercentage telemetry: {"codewhispererTotalTokens":0,"codewhispererLanguage":"yaml","codewhispererSuggestedTokens":0}
2025-12-17 23:44:07.169 [info] [Info  - 11:44:07 PM] [2025-12-17T19:44:07.163Z] lserver: Invoking SendTelemetryEvent:CodeCoverageEvent with:
            "acceptedCharacterCount": 0
            "totalCharacterCount": 0
            "addedCharacterCount": 0
2025-12-17 23:44:16.468 [info] telemetry: sent batch (size=12)
2025-12-17 23:44:55.894 [info] _provideInlineCompletionItems called with: {
  documentUri: 'file:///c%3A/Users/user/Desktop/Project_3/_config.yml',
  position: Oo { a: 24, b: 19 },
  context: {
    selectedCompletionInfo: undefined,
    triggerKind: 1,
    requestUuid: 'icr-01e4d7bc-0607-4ed0-a901-ff7f49a1bc6c',
    requestIssuedDateTime: 1766000695877,
    earliestShownDateTime: 1766000695877
  },
  triggerKind: 'Automatic',
  options: undefined
}
2025-12-17 23:44:55.894 [info] Sending inline completion request: {
  method: 'aws/textDocument/inlineCompletionWithReferences',
  request: {
    textDocument: { uri: 'file:///c%3A/Users/user/Desktop/Project_3/_config.yml' },
    position: Oo { a: 24, b: 19 },
    context: { triggerKind: 1, selectedCompletionInfo: undefined },
    nextToken: undefined
  }
}
2025-12-17 23:44:55.895 [info] Received inline completion response from LSP: { sessionId: '', latency: 0, itemCount: 0, items: [] }
2025-12-17 23:44:55.895 [info] GenerateCompletion activity:\n- number of suggestions: 0
- sessionId: 
- first suggestion content (next line):
no suggestion
- duration between trigger to before sending LSP call: 0ms
- duration between trigger to after receiving LSP response: 2ms
- duration between before sending LSP call to after receving LSP response: 2ms
Failed to produce inline suggestion results. Received 0 items from service
2025-12-17 23:44:56.066 [info] _provideInlineCompletionItems called with: {
  documentUri: 'file:///c%3A/Users/user/Desktop/Project_3/_config.yml',
  position: Oo { a: 24, b: 18 },
  context: {
    selectedCompletionInfo: undefined,
    triggerKind: 1,
    requestUuid: 'icr-46c8bd5d-3471-4dcd-ab38-a9ac5b2880cd',
    requestIssuedDateTime: 1766000696044,
    earliestShownDateTime: 1766000696044
  },
  triggerKind: 'Automatic',
  options: undefined
}
2025-12-17 23:44:56.066 [info] Sending inline completion request: {
  method: 'aws/textDocument/inlineCompletionWithReferences',
  request: {
    textDocument: { uri: 'file:///c%3A/Users/user/Desktop/Project_3/_config.yml' },
    position: Oo { a: 24, b: 18 },
    context: { triggerKind: 1, selectedCompletionInfo: undefined },
    nextToken: undefined
  }
}
2025-12-17 23:44:56.067 [info] Received inline completion response from LSP: { sessionId: '', latency: 1, itemCount: 0, items: [] }
2025-12-17 23:44:56.067 [info] GenerateCompletion activity:\n- number of suggestions: 0
- sessionId: 
- first suggestion content (next line):
no suggestion
- duration between trigger to before sending LSP call: 0ms
- duration between trigger to after receiving LSP response: 1ms
- duration between before sending LSP call to after receving LSP response: 1ms
Failed to produce inline suggestion results. Received 0 items from service
2025-12-17 23:44:56.200 [info] _provideInlineCompletionItems called with: {
  documentUri: 'file:///c%3A/Users/user/Desktop/Project_3/_config.yml',
  position: Oo { a: 24, b: 17 },
  context: {
    selectedCompletionInfo: undefined,
    triggerKind: 1,
    requestUuid: 'icr-f6c76534-3aaa-49ee-9b27-b2ee81664f4c',
    requestIssuedDateTime: 1766000696189,
    earliestShownDateTime: 1766000696189
  },
  triggerKind: 'Automatic',
  options: undefined
}
2025-12-17 23:44:56.201 [info] Sending inline completion request: {
  method: 'aws/textDocument/inlineCompletionWithReferences',
  request: {
    textDocument: { uri: 'file:///c%3A/Users/user/Desktop/Project_3/_config.yml' },
    position: Oo { a: 24, b: 17 },
    context: { triggerKind: 1, selectedCompletionInfo: undefined },
    nextToken: undefined
  }
}
2025-12-17 23:44:56.202 [info] Received inline completion response from LSP: { sessionId: '', latency: 1, itemCount: 0, items: [] }
2025-12-17 23:44:56.202 [info] GenerateCompletion activity:\n- number of suggestions: 0
- sessionId: 
- first suggestion content (next line):
no suggestion
- duration between trigger to before sending LSP call: 0ms
- duration between trigger to after receiving LSP response: 2ms
- duration between before sending LSP call to after receving LSP response: 2ms
Failed to produce inline suggestion results. Received 0 items from service
2025-12-17 23:44:56.350 [info] _provideInlineCompletionItems called with: {
  documentUri: 'file:///c%3A/Users/user/Desktop/Project_3/_config.yml',
  position: Oo { a: 24, b: 16 },
  context: {
    selectedCompletionInfo: undefined,
    triggerKind: 1,
    requestUuid: 'icr-0d5cb3b9-2768-4789-9323-8a36958023ab',
    requestIssuedDateTime: 1766000696338,
    earliestShownDateTime: 1766000696338
  },
  triggerKind: 'Automatic',
  options: undefined
}
2025-12-17 23:44:56.350 [info] Sending inline completion request: {
  method: 'aws/textDocument/inlineCompletionWithReferences',
  request: {
    textDocument: { uri: 'file:///c%3A/Users/user/Desktop/Project_3/_config.yml' },
    position: Oo { a: 24, b: 16 },
    context: { triggerKind: 1, selectedCompletionInfo: undefined },
    nextToken: undefined
  }
}
2025-12-17 23:44:56.351 [info] Received inline completion response from LSP: { sessionId: '', latency: 1, itemCount: 0, items: [] }
2025-12-17 23:44:56.351 [info] GenerateCompletion activity:\n- number of suggestions: 0
- sessionId: 
- first suggestion content (next line):
no suggestion
- duration between trigger to before sending LSP call: 0ms
- duration between trigger to after receiving LSP response: 2ms
- duration between before sending LSP call to after receving LSP response: 2ms
Failed to produce inline suggestion results. Received 0 items from service
2025-12-17 23:44:56.500 [info] _provideInlineCompletionItems called with: {
  documentUri: 'file:///c%3A/Users/user/Desktop/Project_3/_config.yml',
  position: Oo { a: 24, b: 15 },
  context: {
    selectedCompletionInfo: undefined,
    triggerKind: 1,
    requestUuid: 'icr-694138a7-d5bd-4858-b78f-5cb613778d53',
    requestIssuedDateTime: 1766000696486,
    earliestShownDateTime: 1766000696486
  },
  triggerKind: 'Automatic',
  options: undefined
}
2025-12-17 23:44:56.501 [info] Sending inline completion request: {
  method: 'aws/textDocument/inlineCompletionWithReferences',
  request: {
    textDocument: { uri: 'file:///c%3A/Users/user/Desktop/Project_3/_config.yml' },
    position: Oo { a: 24, b: 15 },
    context: { triggerKind: 1, selectedCompletionInfo: undefined },
    nextToken: undefined
  }
}
2025-12-17 23:44:56.502 [info] Received inline completion response from LSP: { sessionId: '', latency: 1, itemCount: 0, items: [] }
2025-12-17 23:44:56.502 [info] GenerateCompletion activity:\n- number of suggestions: 0
- sessionId: 
- first suggestion content (next line):
no suggestion
- duration between trigger to before sending LSP call: 0ms
- duration between trigger to after receiving LSP response: 1ms
- duration between before sending LSP call to after receving LSP response: 1ms
Failed to produce inline suggestion results. Received 0 items from service
2025-12-17 23:44:56.634 [info] _provideInlineCompletionItems called with: {
  documentUri: 'file:///c%3A/Users/user/Desktop/Project_3/_config.yml',
  position: Oo { a: 24, b: 14 },
  context: {
    selectedCompletionInfo: undefined,
    triggerKind: 1,
    requestUuid: 'icr-4876e0d1-4b9c-4351-bb0b-09362d5206d3',
    requestIssuedDateTime: 1766000696627,
    earliestShownDateTime: 1766000696627
  },
  triggerKind: 'Automatic',
  options: undefined
}
2025-12-17 23:44:56.634 [info] Sending inline completion request: {
  method: 'aws/textDocument/inlineCompletionWithReferences',
  request: {
    textDocument: { uri: 'file:///c%3A/Users/user/Desktop/Project_3/_config.yml' },
    position: Oo { a: 24, b: 14 },
    context: { triggerKind: 1, selectedCompletionInfo: undefined },
    nextToken: undefined
  }
}
2025-12-17 23:44:56.635 [info] Received inline completion response from LSP: { sessionId: '', latency: 1, itemCount: 0, items: [] }
2025-12-17 23:44:56.635 [info] GenerateCompletion activity:\n- number of suggestions: 0
- sessionId: 
- first suggestion content (next line):
no suggestion
- duration between trigger to before sending LSP call: 0ms
- duration between trigger to after receiving LSP response: 1ms
- duration between before sending LSP call to after receving LSP response: 1ms
Failed to produce inline suggestion results. Received 0 items from service
2025-12-17 23:44:56.769 [info] _provideInlineCompletionItems called with: {
  documentUri: 'file:///c%3A/Users/user/Desktop/Project_3/_config.yml',
  position: Oo { a: 24, b: 13 },
  context: {
    selectedCompletionInfo: undefined,
    triggerKind: 1,
    requestUuid: 'icr-b87f3226-a47f-4f9a-a4e7-a5d61760ee66',
    requestIssuedDateTime: 1766000696759,
    earliestShownDateTime: 1766000696759
  },
  triggerKind: 'Automatic',
  options: undefined
}
2025-12-17 23:44:56.769 [info] Sending inline completion request: {
  method: 'aws/textDocument/inlineCompletionWithReferences',
  request: {
    textDocument: { uri: 'file:///c%3A/Users/user/Desktop/Project_3/_config.yml' },
    position: Oo { a: 24, b: 13 },
    context: { triggerKind: 1, selectedCompletionInfo: undefined },
    nextToken: undefined
  }
}
2025-12-17 23:44:56.770 [info] Received inline completion response from LSP: { sessionId: '', latency: 1, itemCount: 0, items: [] }
2025-12-17 23:44:56.770 [info] GenerateCompletion activity:\n- number of suggestions: 0
- sessionId: 
- first suggestion content (next line):
no suggestion
- duration between trigger to before sending LSP call: 0ms
- duration between trigger to after receiving LSP response: 2ms
- duration between before sending LSP call to after receving LSP response: 2ms
Failed to produce inline suggestion results. Received 0 items from service
2025-12-17 23:44:56.919 [info] _provideInlineCompletionItems called with: {
  documentUri: 'file:///c%3A/Users/user/Desktop/Project_3/_config.yml',
  position: Oo { a: 24, b: 12 },
  context: {
    selectedCompletionInfo: undefined,
    triggerKind: 1,
    requestUuid: 'icr-2623b177-3dca-44eb-91a5-8dc31affbc74',
    requestIssuedDateTime: 1766000696904,
    earliestShownDateTime: 1766000696904
  },
  triggerKind: 'Automatic',
  options: undefined
}
2025-12-17 23:44:56.919 [info] Sending inline completion request: {
  method: 'aws/textDocument/inlineCompletionWithReferences',
  request: {
    textDocument: { uri: 'file:///c%3A/Users/user/Desktop/Project_3/_config.yml' },
    position: Oo { a: 24, b: 12 },
    context: { triggerKind: 1, selectedCompletionInfo: undefined },
    nextToken: undefined
  }
}
2025-12-17 23:44:56.921 [info] Received inline completion response from LSP: { sessionId: '', latency: 1, itemCount: 0, items: [] }
2025-12-17 23:44:56.921 [info] GenerateCompletion activity:\n- number of suggestions: 0
- sessionId: 
- first suggestion content (next line):
no suggestion
- duration between trigger to before sending LSP call: 0ms
- duration between trigger to after receiving LSP response: 1ms
- duration between before sending LSP call to after receving LSP response: 1ms
Failed to produce inline suggestion results. Received 0 items from service
2025-12-17 23:44:57.053 [info] _provideInlineCompletionItems called with: {
  documentUri: 'file:///c%3A/Users/user/Desktop/Project_3/_config.yml',
  position: Oo { a: 24, b: 11 },
  context: {
    selectedCompletionInfo: undefined,
    triggerKind: 1,
    requestUuid: 'icr-4e25b8bb-1c82-4810-be85-4211bd39aed9',
    requestIssuedDateTime: 1766000697036,
    earliestShownDateTime: 1766000697036
  },
  triggerKind: 'Automatic',
  options: undefined
}
2025-12-17 23:44:57.053 [info] Sending inline completion request: {
  method: 'aws/textDocument/inlineCompletionWithReferences',
  request: {
    textDocument: { uri: 'file:///c%3A/Users/user/Desktop/Project_3/_config.yml' },
    position: Oo { a: 24, b: 11 },
    context: { triggerKind: 1, selectedCompletionInfo: undefined },
    nextToken: undefined
  }
}
2025-12-17 23:44:57.054 [info] Received inline completion response from LSP: { sessionId: '', latency: 1, itemCount: 0, items: [] }
2025-12-17 23:44:57.054 [info] GenerateCompletion activity:\n- number of suggestions: 0
- sessionId: 
- first suggestion content (next line):
no suggestion
- duration between trigger to before sending LSP call: 0ms
- duration between trigger to after receiving LSP response: 1ms
- duration between before sending LSP call to after receving LSP response: 1ms
Failed to produce inline suggestion results. Received 0 items from service
2025-12-17 23:45:04.856 [info] _provideInlineCompletionItems called with: {
  documentUri: 'file:///c%3A/Users/user/Desktop/Project_3/_config.yml',
  position: Oo { a: 24, b: 12 },
  context: {
    selectedCompletionInfo: undefined,
    triggerKind: 1,
    requestUuid: 'icr-05507a70-0ad2-4883-a325-d813788de224',
    requestIssuedDateTime: 1766000704848,
    earliestShownDateTime: 1766000704848
  },
  triggerKind: 'Automatic',
  options: undefined
}
2025-12-17 23:45:04.856 [info] Sending inline completion request: {
  method: 'aws/textDocument/inlineCompletionWithReferences',
  request: {
    textDocument: { uri: 'file:///c%3A/Users/user/Desktop/Project_3/_config.yml' },
    position: Oo { a: 24, b: 12 },
    context: { triggerKind: 1, selectedCompletionInfo: undefined },
    nextToken: undefined
  }
}
2025-12-17 23:45:04.867 [info] _provideInlineCompletionItems called with: {
  documentUri: 'file:///c%3A/Users/user/Desktop/Project_3/_config.yml',
  position: Oo { a: 24, b: 12 },
  context: {
    selectedCompletionInfo: { range: [Hs], text: 's' },
    triggerKind: 1,
    requestUuid: 'icr-a7ecdbbd-9322-4b11-9e54-107659bc16c0',
    requestIssuedDateTime: 1766000704863,
    earliestShownDateTime: 1766000704863
  },
  triggerKind: 'Automatic',
  options: undefined
}
2025-12-17 23:45:04.867 [info] Reusing pending inline completion request to avoid race condition
2025-12-17 23:45:05.126 [info] _provideInlineCompletionItems called with: {
  documentUri: 'file:///c%3A/Users/user/Desktop/Project_3/_config.yml',
  position: Oo { a: 24, b: 13 },
  context: {
    selectedCompletionInfo: { range: [Hs], text: 'SITE' },
    triggerKind: 1,
    requestUuid: 'icr-8bfc7101-f88e-4367-a3fb-f918a4c3b4f5',
    requestIssuedDateTime: 1766000705111,
    earliestShownDateTime: 1766000705111
  },
  triggerKind: 'Automatic',
  options: undefined
}
2025-12-17 23:45:05.126 [info] Reusing pending inline completion request to avoid race condition
2025-12-17 23:45:05.928 [info] [Info  - 11:45:05 PM] [2025-12-17T19:45:05.924Z] lserver: GenerateCompletion activity:
@@request metadata@@
    "endpoint": https://codewhisperer.us-east-1.amazonaws.com/,
    "predictionType": Not specified (COMPLETIONS),
    "filename": _config.yml,
    "leftContextLength": 1196,
    rightContextLength: 941,
    "language": yaml,
    "supplementalContextCount": 0,
    "request.nextToken": undefined,
@@response metadata@@
    "requestId": b69a4f8a-38f0-4b6b-bab5-f5527ec266fd,
    "sessionId": c025be28-8b49-46cd-ae46-910046167f3e,
    "response.completions.length": 1,
    "response.predictions.length": 0,
    "predictionType": Not specified (COMPLETIONS),
    "latency": 1068,
    "response.nextToken": AQICAHiYv83f2hWtVUDSDMc+rudruCrDuxDN1w74u9tXAFSWFQEZXWYcWKYrNrvdg/PN7XYqAAABrDCCAagGCSqGSIb3DQEHBqCCAZkwggGVAgEAMIIBjgYJKoZIhvcNAQcBMB4GCWCGSAFlAwQBLjARBAxi0nDhhqplJW5H/V4CARCAggFfAW1D/rfqqZSu20Jbu2dYXRMO85OOqcZYtcS9+G4PCsqWmFPPz/9fQ5FiL0M6ikdm9sB1N6+j0mjpJGxkd2/QDSdVYdigsBa1uBEdoPDMI8hHDJcURCKml6KQWm8SKn3tokIf3Su00SJQ4RLWLE2R+iHrlgcgNbnf+Mug+6+6Vl2RUkmdGu4lFQ1RdMRwU4auN0F/m44NzKL6HG5B5QOW55+cHS9FgKsXUPeQsCRfLq5YirRaIzKDyDF8hv40aMbvs10R5So5anfofURkFskK11vsPo7nOm3IDksCzkBPR05vsKtkM0IHS9Nk40ycgvs/mAGi/FSB/kq31YpD6XtMadhETlQzZ0qAESYCdPiMPYFWe0544sINGJMWu8T4uARPkzdhaMirxUovfVbz9w6NFw8VZ7a9AbR4il5KEWVxe0IwUHBzaFkZkW+3GkBTjiPoIO1m76s7ADNrEO8ZIq8C,
    "firstSuggestion": 
ITE_Project_3"
2025-12-17 23:45:05.929 [info] [Info  - 11:45:05 PM] [VSCode Telemetry] Emitting codewhisperer_serviceInvocation telemetry: {"codewhispererRequestId":"b69a4f8a-38f0-4b6b-bab5-f5527ec266fd","codewhispererSessionId":"c025be28-8b49-46cd-ae46-910046167f3e","codewhispererLastSuggestionIndex":0,"codewhispererCompletionType":"Line","codewhispererTriggerType":"AutoTrigger","codewhispererAutomatedTriggerType":"Classifier","duration":1068,"codewhispererLineNumber":24,"codewhispererCursorOffset":12,"codewhispererLanguage":"yaml","credentialStartUrl":"https://view.awsapps.com/start","result":"Succeeded","codewhispererImportRecommendationEnabled":true}
2025-12-17 23:45:05.933 [info] Received inline completion response from LSP: {
  sessionId: '9880efa8-cd5a-44fb-9c84-d1c18c841bd1',
  latency: 1076,
  itemCount: 1,
  items: [
    {
      itemId: '2d908f30-daa4-4cf3-bd82-0bab619dab11',
      insertText: 'ITE_Project_3"...'
    }
  ]
}
2025-12-17 23:45:05.933 [info] found non null next token; Suggestion type is COMPLETIONS. Start pulling more items
2025-12-17 23:45:05.933 [info] GenerateCompletion activity:\n- number of suggestions: 1
- sessionId: 9880efa8-cd5a-44fb-9c84-d1c18c841bd1
- first suggestion content (next line):
ITE_Project_3"
- duration between trigger to before sending LSP call: 0ms
- duration between trigger to after receiving LSP response: 1076ms
- duration between before sending LSP call to after receving LSP response: 1076ms
- duration between trigger to completion suggestion is displayed: 1077ms
2025-12-17 23:45:05.933 [info] Reused request completed but this call was cancelled
2025-12-17 23:45:05.937 [info] _provideInlineCompletionItems called with: {
  documentUri: 'file:///c%3A/Users/user/Desktop/Project_3/_config.yml',
  position: Oo { a: 24, b: 13 },
  context: {
    selectedCompletionInfo: { range: [Hs], text: 'SITE' },
    triggerKind: 0,
    requestUuid: 'icr-a354d5c3-737d-4a50-8976-0d37cc493077',
    requestIssuedDateTime: 1766000705933,
    earliestShownDateTime: 1766000705933
  },
  triggerKind: 'Invoke',
  options: undefined
}
2025-12-17 23:45:05.937 [info] GenerateCompletion activity:\n- not call LSP and reuse previous suggestions that match user typed characters
                    - duration between trigger to completion suggestion is displayed 0
2025-12-17 23:45:06.342 [info] [Info  - 11:45:06 PM] [2025-12-17T19:45:06.341Z] lserver: GenerateCompletion activity:
@@request metadata@@
    "endpoint": https://codewhisperer.us-east-1.amazonaws.com/,
    "predictionType": Not specified (COMPLETIONS),
    "filename": _config.yml,
    "leftContextLength": 1196,
    rightContextLength: 941,
    "language": yaml,
    "supplementalContextCount": 0,
    "request.nextToken": AQICAHiYv83f2hWtVUDSDMc+rudruCrDuxDN1w74u9tXAFSWFQEZXWYcWKYrNrvdg/PN7XYqAAABrDCCAagGCSqGSIb3DQEHBqCCAZkwggGVAgEAMIIBjgYJKoZIhvcNAQcBMB4GCWCGSAFlAwQBLjARBAxi0nDhhqplJW5H/V4CARCAggFfAW1D/rfqqZSu20Jbu2dYXRMO85OOqcZYtcS9+G4PCsqWmFPPz/9fQ5FiL0M6ikdm9sB1N6+j0mjpJGxkd2/QDSdVYdigsBa1uBEdoPDMI8hHDJcURCKml6KQWm8SKn3tokIf3Su00SJQ4RLWLE2R+iHrlgcgNbnf+Mug+6+6Vl2RUkmdGu4lFQ1RdMRwU4auN0F/m44NzKL6HG5B5QOW55+cHS9FgKsXUPeQsCRfLq5YirRaIzKDyDF8hv40aMbvs10R5So5anfofURkFskK11vsPo7nOm3IDksCzkBPR05vsKtkM0IHS9Nk40ycgvs/mAGi/FSB/kq31YpD6XtMadhETlQzZ0qAESYCdPiMPYFWe0544sINGJMWu8T4uARPkzdhaMirxUovfVbz9w6NFw8VZ7a9AbR4il5KEWVxe0IwUHBzaFkZkW+3GkBTjiPoIO1m76s7ADNrEO8ZIq8C,
@@response metadata@@
    "requestId": 4b7f2b69-cda2-4bb4-b194-513212da3100,
    "sessionId": c025be28-8b49-46cd-ae46-910046167f3e,
    "response.completions.length": 2,
    "response.predictions.length": 0,
    "predictionType": Not specified (COMPLETIONS),
    "latency": 404,
    "response.nextToken": ,
    "firstSuggestion": 
ITE_project_3"
2025-12-17 23:45:06.343 [info] [Info  - 11:45:06 PM] [VSCode Telemetry] Emitting codewhisperer_serviceInvocation telemetry: {"codewhispererRequestId":"4b7f2b69-cda2-4bb4-b194-513212da3100","codewhispererSessionId":"c025be28-8b49-46cd-ae46-910046167f3e","codewhispererLastSuggestionIndex":2,"codewhispererCompletionType":"Line","codewhispererTriggerType":"AutoTrigger","codewhispererAutomatedTriggerType":"Classifier","duration":1485,"codewhispererLineNumber":24,"codewhispererCursorOffset":12,"codewhispererLanguage":"yaml","credentialStartUrl":"https://view.awsapps.com/start","result":"Succeeded","codewhispererImportRecommendationEnabled":true}
2025-12-17 23:45:06.531 [info] _provideInlineCompletionItems called with: {
  documentUri: 'file:///c%3A/Users/user/Desktop/Project_3/_config.yml',
  position: Oo { a: 24, b: 14 },
  context: {
    selectedCompletionInfo: { range: [Hs], text: 'SITE' },
    triggerKind: 1,
    requestUuid: 'icr-18e0b186-b2df-43f4-a4e6-71caaa535e6e',
    requestIssuedDateTime: 1766000706512,
    earliestShownDateTime: 1766000706512
  },
  triggerKind: 'Automatic',
  options: undefined
}
2025-12-17 23:45:06.531 [info] GenerateCompletion activity:\n- not call LSP and reuse previous suggestions that match user typed characters
                    - duration between trigger to completion suggestion is displayed 0
2025-12-17 23:45:06.534 [info] _provideInlineCompletionItems called with: {
  documentUri: 'file:///c%3A/Users/user/Desktop/Project_3/_config.yml',
  position: Oo { a: 24, b: 14 },
  context: {
    selectedCompletionInfo: { range: [Hs], text: 'SITE' },
    triggerKind: 0,
    requestUuid: 'icr-f848387c-f142-477d-bf1e-b8ed0054a7f4',
    requestIssuedDateTime: 1766000706531,
    earliestShownDateTime: 1766000706531
  },
  triggerKind: 'Invoke',
  options: undefined
}
2025-12-17 23:45:06.534 [info] GenerateCompletion activity:\n- not call LSP and reuse previous suggestions that match user typed characters
                    - duration between trigger to completion suggestion is displayed 0
2025-12-17 23:45:06.643 [info] _provideInlineCompletionItems called with: {
  documentUri: 'file:///c%3A/Users/user/Desktop/Project_3/_config.yml',
  position: Oo { a: 24, b: 15 },
  context: {
    selectedCompletionInfo: { range: [Hs], text: 'SITE' },
    triggerKind: 1,
    requestUuid: 'icr-c4547ce1-9c52-4cb2-ace3-b00a1f554fad',
    requestIssuedDateTime: 1766000706632,
    earliestShownDateTime: 1766000706632
  },
  triggerKind: 'Automatic',
  options: undefined
}
2025-12-17 23:45:06.643 [info] GenerateCompletion activity:\n- not call LSP and reuse previous suggestions that match user typed characters
                    - duration between trigger to completion suggestion is displayed 0
2025-12-17 23:45:06.645 [info] _provideInlineCompletionItems called with: {
  documentUri: 'file:///c%3A/Users/user/Desktop/Project_3/_config.yml',
  position: Oo { a: 24, b: 15 },
  context: {
    selectedCompletionInfo: { range: [Hs], text: 'SITE' },
    triggerKind: 0,
    requestUuid: 'icr-da75d732-2eeb-4889-aa30-7fdc07331e42',
    requestIssuedDateTime: 1766000706643,
    earliestShownDateTime: 1766000706643
  },
  triggerKind: 'Invoke',
  options: undefined
}
2025-12-17 23:45:06.646 [info] GenerateCompletion activity:\n- not call LSP and reuse previous suggestions that match user typed characters
                    - duration between trigger to completion suggestion is displayed 0
2025-12-17 23:45:08.930 [info] _provideInlineCompletionItems called with: {
  documentUri: 'file:///c%3A/Users/user/Desktop/Project_3/_config.yml',
  position: Oo { a: 32, b: 13 },
  context: {
    selectedCompletionInfo: undefined,
    triggerKind: 1,
    requestUuid: 'icr-23e32195-ebe9-4d21-8283-5c23fcd92ca5',
    requestIssuedDateTime: 1766000708914,
    earliestShownDateTime: 1766000708914
  },
  triggerKind: 'Automatic',
  options: undefined
}
2025-12-17 23:45:08.938 [info] GenerateCompletion activity:\n
2025-12-17 23:45:08.940 [info] [Info  - 11:45:08 PM] [VSCode Telemetry] Emitting codewhisperer_perceivedLatency telemetry: {"codewhispererRequestId":"b69a4f8a-38f0-4b6b-bab5-f5527ec266fd","codewhispererSessionId":"c025be28-8b49-46cd-ae46-910046167f3e","codewhispererCompletionType":"Line","codewhispererTriggerType":"AutoTrigger","duration":1076,"codewhispererLanguage":"yaml","credentialStartUrl":"https://view.awsapps.com/start","result":"Succeeded","passive":true}
2025-12-17 23:45:08.940 [info] [Info  - 11:45:08 PM] [VSCode Telemetry] Emitting codewhisperer_userTriggerDecision telemetry: {"codewhispererSessionId":"c025be28-8b49-46cd-ae46-910046167f3e","codewhispererFirstRequestId":"b69a4f8a-38f0-4b6b-bab5-f5527ec266fd","credentialStartUrl":"https://view.awsapps.com/start","codewhispererSuggestionState":"Reject","codewhispererCompletionType":"Line","codewhispererLanguage":"yaml","codewhispererTriggerType":"AutoTrigger","codewhispererAutomatedTriggerType":"Classifier","codewhispererLineNumber":24,"codewhispererCursorOffset":12,"codewhispererSuggestionCount":3,"codewhispererClassifierResult":0.5076398385664259,"codewhispererClassifierThreshold":0.43,"codewhispererTotalShownTime":4075,"codewhispererTypeaheadLength":0,"codewhispererTimeSinceLastDocumentChange":116,"codewhispererTimeSinceLastUserDecision":3688083,"codewhispererTimeToFirstRecommendation":1068,"codewhispererPreviousSuggestionState":"Empty","codewhispererCharactersAccepted":0,"codewhispererSuggestionImportCount":0}
2025-12-17 23:45:08.940 [info] [Info  - 11:45:08 PM] [2025-12-17T19:45:08.938Z] lserver: Invoking SendTelemetryEvent:UserTriggerDecisionEvent:
            "requestId": b69a4f8a-38f0-4b6b-bab5-f5527ec266fd
            "suggestionState": REJECT
            "acceptedCharacterCount": 0
            "addedCharacterCount": 0
            "deletedCharacterCount": 0
            "streakLength": -1,
            "preprocessLatency": 0,
            "triggerToResponseLatencyMilliseconds: 1068",
            "firstCompletionDisplayLatency: 1076,
            "suggestionType": COMPLETIONS
            "userDecisionReason": IMPLICIT_REJECT
2025-12-17 23:45:12.573 [info] _provideInlineCompletionItems called with: {
  documentUri: 'file:///c%3A/Users/user/Desktop/Project_3/_config.yml',
  position: Oo { a: 24, b: 16 },
  context: {
    selectedCompletionInfo: undefined,
    triggerKind: 1,
    requestUuid: 'icr-b2b442b3-e5b3-4e5d-9744-f7773366468d',
    requestIssuedDateTime: 1766000712544,
    earliestShownDateTime: 1766000712544
  },
  triggerKind: 'Automatic',
  options: undefined
}
2025-12-17 23:45:12.574 [info] Sending inline completion request: {
  method: 'aws/textDocument/inlineCompletionWithReferences',
  request: {
    textDocument: { uri: 'file:///c%3A/Users/user/Desktop/Project_3/_config.yml' },
    position: Oo { a: 24, b: 16 },
    context: { triggerKind: 1, selectedCompletionInfo: undefined },
    nextToken: undefined
  }
}
2025-12-17 23:45:12.575 [info] Received inline completion response from LSP: { sessionId: '', latency: 2, itemCount: 0, items: [] }
2025-12-17 23:45:12.575 [info] GenerateCompletion activity:\n- number of suggestions: 0
- sessionId: 
- first suggestion content (next line):
no suggestion
- duration between trigger to before sending LSP call: 0ms
- duration between trigger to after receiving LSP response: 2ms
- duration between before sending LSP call to after receving LSP response: 2ms
Failed to produce inline suggestion results. Received 0 items from service
2025-12-17 23:45:14.657 [info] _provideInlineCompletionItems called with: {
  documentUri: 'file:///c%3A/Users/user/Desktop/Project_3/_config.yml',
  position: Oo { a: 24, b: 15 },
  context: {
    selectedCompletionInfo: undefined,
    triggerKind: 1,
    requestUuid: 'icr-4be1fa1e-4e07-4187-be34-3043916d05cc',
    requestIssuedDateTime: 1766000714646,
    earliestShownDateTime: 1766000714646
  },
  triggerKind: 'Automatic',
  options: undefined
}
2025-12-17 23:45:14.657 [info] Sending inline completion request: {
  method: 'aws/textDocument/inlineCompletionWithReferences',
  request: {
    textDocument: { uri: 'file:///c%3A/Users/user/Desktop/Project_3/_config.yml' },
    position: Oo { a: 24, b: 15 },
    context: { triggerKind: 1, selectedCompletionInfo: undefined },
    nextToken: undefined
  }
}
2025-12-17 23:45:14.658 [info] Received inline completion response from LSP: { sessionId: '', latency: 1, itemCount: 0, items: [] }
2025-12-17 23:45:14.659 [info] GenerateCompletion activity:\n- number of suggestions: 0
- sessionId: 
- first suggestion content (next line):
no suggestion
- duration between trigger to before sending LSP call: 0ms
- duration between trigger to after receiving LSP response: 2ms
- duration between before sending LSP call to after receving LSP response: 2ms
Failed to produce inline suggestion results. Received 0 items from service
2025-12-17 23:45:17.984 [info] _provideInlineCompletionItems called with: {
  documentUri: 'file:///c%3A/Users/user/Desktop/Project_3/_config.yml',
  position: Oo { a: 24, b: 11 },
  context: {
    selectedCompletionInfo: undefined,
    triggerKind: 1,
    requestUuid: 'icr-aab1f274-9c2e-4aac-b6b4-ee606b460b78',
    requestIssuedDateTime: 1766000717960,
    earliestShownDateTime: 1766000717960
  },
  triggerKind: 'Automatic',
  options: undefined
}
2025-12-17 23:45:17.984 [info] Sending inline completion request: {
  method: 'aws/textDocument/inlineCompletionWithReferences',
  request: {
    textDocument: { uri: 'file:///c%3A/Users/user/Desktop/Project_3/_config.yml' },
    position: Oo { a: 24, b: 11 },
    context: { triggerKind: 1, selectedCompletionInfo: undefined },
    nextToken: undefined
  }
}
2025-12-17 23:45:17.985 [info] Received inline completion response from LSP: { sessionId: '', latency: 2, itemCount: 0, items: [] }
2025-12-17 23:45:17.985 [info] GenerateCompletion activity:\n- number of suggestions: 0
- sessionId: 
- first suggestion content (next line):
no suggestion
- duration between trigger to before sending LSP call: 0ms
- duration between trigger to after receiving LSP response: 2ms
- duration between before sending LSP call to after receving LSP response: 2ms
Failed to produce inline suggestion results. Received 0 items from service
2025-12-17 23:45:22.312 [info] _provideInlineCompletionItems called with: {
  documentUri: 'file:///c%3A/Users/user/Desktop/Project_3/_config.yml',
  position: Oo { a: 24, b: 12 },
  context: {
    selectedCompletionInfo: undefined,
    triggerKind: 1,
    requestUuid: 'icr-8d545737-3f17-4e3b-9629-19b81fcc366c',
    requestIssuedDateTime: 1766000722302,
    earliestShownDateTime: 1766000722302
  },
  triggerKind: 'Automatic',
  options: undefined
}
2025-12-17 23:45:22.313 [info] Sending inline completion request: {
  method: 'aws/textDocument/inlineCompletionWithReferences',
  request: {
    textDocument: { uri: 'file:///c%3A/Users/user/Desktop/Project_3/_config.yml' },
    position: Oo { a: 24, b: 12 },
    context: { triggerKind: 1, selectedCompletionInfo: undefined },
    nextToken: undefined
  }
}
2025-12-17 23:45:22.314 [info] Received inline completion response from LSP: { sessionId: '', latency: 1, itemCount: 0, items: [] }
2025-12-17 23:45:22.314 [info] GenerateCompletion activity:\n- number of suggestions: 0
- sessionId: 
- first suggestion content (next line):
no suggestion
- duration between trigger to before sending LSP call: 0ms
- duration between trigger to after receiving LSP response: 2ms
- duration between before sending LSP call to after receving LSP response: 2ms
Failed to produce inline suggestion results. Received 0 items from service
2025-12-17 23:45:23.079 [info] _provideInlineCompletionItems called with: {
  documentUri: 'file:///c%3A/Users/user/Desktop/Project_3/_config.yml',
  position: Oo { a: 24, b: 14 },
  context: {
    selectedCompletionInfo: undefined,
    triggerKind: 1,
    requestUuid: 'icr-945ad2bc-7476-4d0b-878e-4758b6d84c5c',
    requestIssuedDateTime: 1766000723066,
    earliestShownDateTime: 1766000723066
  },
  triggerKind: 'Automatic',
  options: undefined
}
2025-12-17 23:45:23.079 [info] Sending inline completion request: {
  method: 'aws/textDocument/inlineCompletionWithReferences',
  request: {
    textDocument: { uri: 'file:///c%3A/Users/user/Desktop/Project_3/_config.yml' },
    position: Oo { a: 24, b: 14 },
    context: { triggerKind: 1, selectedCompletionInfo: undefined },
    nextToken: undefined
  }
}
2025-12-17 23:45:23.081 [info] Received inline completion response from LSP: { sessionId: '', latency: 1, itemCount: 0, items: [] }
2025-12-17 23:45:23.081 [info] GenerateCompletion activity:\n- number of suggestions: 0
- sessionId: 
- first suggestion content (next line):
no suggestion
- duration between trigger to before sending LSP call: 0ms
- duration between trigger to after receiving LSP response: 2ms
- duration between before sending LSP call to after receving LSP response: 2ms
Failed to produce inline suggestion results. Received 0 items from service
2025-12-17 23:45:23.422 [info] _provideInlineCompletionItems called with: {
  documentUri: 'file:///c%3A/Users/user/Desktop/Project_3/_config.yml',
  position: Oo { a: 24, b: 11 },
  context: {
    selectedCompletionInfo: undefined,
    triggerKind: 1,
    requestUuid: 'icr-10244b9d-8052-4c0f-bd37-3de7b8ce35c8',
    requestIssuedDateTime: 1766000723407,
    earliestShownDateTime: 1766000723407
  },
  triggerKind: 'Automatic',
  options: undefined
}
2025-12-17 23:45:23.422 [info] Sending inline completion request: {
  method: 'aws/textDocument/inlineCompletionWithReferences',
  request: {
    textDocument: { uri: 'file:///c%3A/Users/user/Desktop/Project_3/_config.yml' },
    position: Oo { a: 24, b: 11 },
    context: { triggerKind: 1, selectedCompletionInfo: undefined },
    nextToken: undefined
  }
}
2025-12-17 23:45:23.423 [info] Received inline completion response from LSP: { sessionId: '', latency: 1, itemCount: 0, items: [] }
2025-12-17 23:45:23.423 [info] GenerateCompletion activity:\n- number of suggestions: 0
- sessionId: 
- first suggestion content (next line):
no suggestion
- duration between trigger to before sending LSP call: 0ms
- duration between trigger to after receiving LSP response: 2ms
- duration between before sending LSP call to after receving LSP response: 2ms
Failed to produce inline suggestion results. Received 0 items from service
2025-12-17 23:45:26.028 [info] _provideInlineCompletionItems called with: {
  documentUri: 'file:///c%3A/Users/user/Desktop/Project_3/_config.yml',
  position: Oo { a: 25, b: 59 },
  context: {
    selectedCompletionInfo: undefined,
    triggerKind: 1,
    requestUuid: 'icr-b569336c-428b-4258-9f2d-cf41255fd5fd',
    requestIssuedDateTime: 1766000726025,
    earliestShownDateTime: 1766000726025
  },
  triggerKind: 'Automatic',
  options: undefined
}
2025-12-17 23:45:26.028 [info] Sending inline completion request: {
  method: 'aws/textDocument/inlineCompletionWithReferences',
  request: {
    textDocument: { uri: 'file:///c%3A/Users/user/Desktop/Project_3/_config.yml' },
    position: Oo { a: 25, b: 59 },
    context: { triggerKind: 1, selectedCompletionInfo: undefined },
    nextToken: undefined
  }
}
2025-12-17 23:45:26.030 [info] Received inline completion response from LSP: { sessionId: '', latency: 1, itemCount: 0, items: [] }
2025-12-17 23:45:26.030 [info] GenerateCompletion activity:\n- number of suggestions: 0
- sessionId: 
- first suggestion content (next line):
no suggestion
- duration between trigger to before sending LSP call: 0ms
- duration between trigger to after receiving LSP response: 1ms
- duration between before sending LSP call to after receving LSP response: 1ms
Failed to produce inline suggestion results. Received 0 items from service
2025-12-17 23:45:50.568 [info] _provideInlineCompletionItems called with: {
  documentUri: 'file:///c%3A/Users/user/Desktop/Project_3/_config.yml',
  position: Oo { a: 24, b: 12 },
  context: {
    selectedCompletionInfo: undefined,
    triggerKind: 1,
    requestUuid: 'icr-8dd5eb64-afef-4120-a03e-c0f3e7252056',
    requestIssuedDateTime: 1766000750551,
    earliestShownDateTime: 1766000750551
  },
  triggerKind: 'Automatic',
  options: undefined
}
2025-12-17 23:45:50.568 [info] _provideInlineCompletionItems called with: {
  documentUri: 'file:///c%3A/Users/user/Desktop/Project_3/_config.yml',
  position: Oo { a: 24, b: 12 },
  context: {
    selectedCompletionInfo: { range: [Hs], text: 's' },
    triggerKind: 1,
    requestUuid: 'icr-1828c501-68b1-4dfb-8e4f-f6ff0dd22d4a',
    requestIssuedDateTime: 1766000750562,
    earliestShownDateTime: 1766000750562
  },
  triggerKind: 'Automatic',
  options: undefined
}
2025-12-17 23:45:50.568 [info] Reusing pending inline completion request to avoid race condition
2025-12-17 23:45:50.568 [info] Sending inline completion request: {
  method: 'aws/textDocument/inlineCompletionWithReferences',
  request: {
    textDocument: { uri: 'file:///c%3A/Users/user/Desktop/Project_3/_config.yml' },
    position: Oo { a: 24, b: 12 },
    context: { triggerKind: 1, selectedCompletionInfo: undefined },
    nextToken: undefined
  }
}
2025-12-17 23:45:50.570 [info] Received inline completion response from LSP: { sessionId: '', latency: 1, itemCount: 0, items: [] }
2025-12-17 23:45:50.570 [info] GenerateCompletion activity:\n- number of suggestions: 0
- sessionId: 
- first suggestion content (next line):
no suggestion
- duration between trigger to before sending LSP call: 0ms
- duration between trigger to after receiving LSP response: 2ms
- duration between before sending LSP call to after receving LSP response: 2ms
Failed to produce inline suggestion results. Received 0 items from service
2025-12-17 23:45:50.732 [info] _provideInlineCompletionItems called with: {
  documentUri: 'file:///c%3A/Users/user/Desktop/Project_3/_config.yml',
  position: Oo { a: 24, b: 13 },
  context: {
    selectedCompletionInfo: { range: [Hs], text: 'SITE' },
    triggerKind: 1,
    requestUuid: 'icr-02b8079c-2790-4427-8df7-4e84d0d666c7',
    requestIssuedDateTime: 1766000750711,
    earliestShownDateTime: 1766000750711
  },
  triggerKind: 'Automatic',
  options: undefined
}
2025-12-17 23:45:50.734 [info] Sending inline completion request: {
  method: 'aws/textDocument/inlineCompletionWithReferences',
  request: {
    textDocument: { uri: 'file:///c%3A/Users/user/Desktop/Project_3/_config.yml' },
    position: Oo { a: 24, b: 13 },
    context: { triggerKind: 1, selectedCompletionInfo: [Object] },
    nextToken: undefined
  }
}
2025-12-17 23:45:50.736 [info] Received inline completion response from LSP: { sessionId: '', latency: 3, itemCount: 0, items: [] }
2025-12-17 23:45:50.736 [info] GenerateCompletion activity:\n- number of suggestions: 0
- sessionId: 
- first suggestion content (next line):
no suggestion
- duration between trigger to before sending LSP call: 0ms
- duration between trigger to after receiving LSP response: 3ms
- duration between before sending LSP call to after receving LSP response: 3ms
Failed to produce inline suggestion results. Received 0 items from service
2025-12-17 23:45:50.858 [info] _provideInlineCompletionItems called with: {
  documentUri: 'file:///c%3A/Users/user/Desktop/Project_3/_config.yml',
  position: Oo { a: 24, b: 14 },
  context: {
    selectedCompletionInfo: { range: [Hs], text: 'SITE' },
    triggerKind: 1,
    requestUuid: 'icr-d3e2124d-85fd-4862-bf81-efd1ac917b5c',
    requestIssuedDateTime: 1766000750846,
    earliestShownDateTime: 1766000750846
  },
  triggerKind: 'Automatic',
  options: undefined
}
2025-12-17 23:45:50.858 [info] Sending inline completion request: {
  method: 'aws/textDocument/inlineCompletionWithReferences',
  request: {
    textDocument: { uri: 'file:///c%3A/Users/user/Desktop/Project_3/_config.yml' },
    position: Oo { a: 24, b: 14 },
    context: { triggerKind: 1, selectedCompletionInfo: [Object] },
    nextToken: undefined
  }
}
2025-12-17 23:45:50.859 [info] Received inline completion response from LSP: { sessionId: '', latency: 2, itemCount: 0, items: [] }
2025-12-17 23:45:50.859 [info] GenerateCompletion activity:\n- number of suggestions: 0
- sessionId: 
- first suggestion content (next line):
no suggestion
- duration between trigger to before sending LSP call: 0ms
- duration between trigger to after receiving LSP response: 2ms
- duration between before sending LSP call to after receving LSP response: 2ms
Failed to produce inline suggestion results. Received 0 items from service
2025-12-17 23:45:50.927 [info] _provideInlineCompletionItems called with: {
  documentUri: 'file:///c%3A/Users/user/Desktop/Project_3/_config.yml',
  position: Oo { a: 24, b: 15 },
  context: {
    selectedCompletionInfo: { range: [Hs], text: 'SITE' },
    triggerKind: 1,
    requestUuid: 'icr-73661ca3-5147-4bd6-b0a1-e99b1bc2e21a',
    requestIssuedDateTime: 1766000750913,
    earliestShownDateTime: 1766000750913
  },
  triggerKind: 'Automatic',
  options: undefined
}
2025-12-17 23:45:50.928 [info] Sending inline completion request: {
  method: 'aws/textDocument/inlineCompletionWithReferences',
  request: {
    textDocument: { uri: 'file:///c%3A/Users/user/Desktop/Project_3/_config.yml' },
    position: Oo { a: 24, b: 15 },
    context: { triggerKind: 1, selectedCompletionInfo: [Object] },
    nextToken: undefined
  }
}
2025-12-17 23:45:50.929 [info] Received inline completion response from LSP: { sessionId: '', latency: 1, itemCount: 0, items: [] }
2025-12-17 23:45:50.929 [info] GenerateCompletion activity:\n- number of suggestions: 0
- sessionId: 
- first suggestion content (next line):
no suggestion
- duration between trigger to before sending LSP call: 0ms
- duration between trigger to after receiving LSP response: 1ms
- duration between before sending LSP call to after receving LSP response: 1ms
Failed to produce inline suggestion results. Received 0 items from service
2025-12-17 23:45:52.277 [info] _provideInlineCompletionItems called with: {
  documentUri: 'file:///c%3A/Users/user/Desktop/Project_3/_config.yml',
  position: Oo { a: 24, b: 15 },
  context: {
    selectedCompletionInfo: undefined,
    triggerKind: 1,
    requestUuid: 'icr-ff6ef9d6-474b-45dc-95bb-a26565eddbaa',
    requestIssuedDateTime: 1766000752271,
    earliestShownDateTime: 1766000752271
  },
  triggerKind: 'Automatic',
  options: undefined
}
2025-12-17 23:45:52.278 [info] Sending inline completion request: {
  method: 'aws/textDocument/inlineCompletionWithReferences',
  request: {
    textDocument: { uri: 'file:///c%3A/Users/user/Desktop/Project_3/_config.yml' },
    position: Oo { a: 24, b: 15 },
    context: { triggerKind: 1, selectedCompletionInfo: undefined },
    nextToken: undefined
  }
}
2025-12-17 23:45:52.279 [info] Received inline completion response from LSP: { sessionId: '', latency: 1, itemCount: 0, items: [] }
2025-12-17 23:45:52.279 [info] GenerateCompletion activity:\n- number of suggestions: 0
- sessionId: 
- first suggestion content (next line):
no suggestion
- duration between trigger to before sending LSP call: 0ms
- duration between trigger to after receiving LSP response: 1ms
- duration between before sending LSP call to after receving LSP response: 1ms
Failed to produce inline suggestion results. Received 0 items from service
2025-12-17 23:49:06.902 [info] [Info  - 11:49:06 PM] [VSCode Telemetry] Emitting codewhisperer_codePercentage telemetry: {"codewhispererTotalTokens":22,"codewhispererLanguage":"yaml","codewhispererSuggestedTokens":0,"codewhispererPercentage":0,"successCount":0}
2025-12-17 23:49:06.902 [info] [Info  - 11:49:06 PM] [2025-12-17T19:49:06.893Z] lserver: Invoking SendTelemetryEvent:CodeCoverageEvent with:
            "acceptedCharacterCount": 0
            "totalCharacterCount": 22
            "addedCharacterCount": 0
2025-12-17 23:49:07.881 [info] auth: Connection is valid: 4e6c3a6e-f5d8-43ce-a343-23725b008698
2025-12-17 23:49:07.882 [info] auth: Updating connection state of 4e6c3a6e-f5d8-43ce-a343-23725b008698 to valid
2025-12-17 23:49:17.126 [info] telemetry: sent batch (size=9)
2025-12-17 23:53:41.854 [info] _provideInlineCompletionItems called with: {
  documentUri: 'file:///c%3A/Users/user/Desktop/Project_3/_config.yml',
  position: Oo { a: 24, b: 14 },
  context: {
    selectedCompletionInfo: undefined,
    triggerKind: 1,
    requestUuid: 'icr-53c55c35-22fe-4d04-9140-873ffe832e25',
    requestIssuedDateTime: 1766001221842,
    earliestShownDateTime: 1766001221842
  },
  triggerKind: 'Automatic',
  options: undefined
}
2025-12-17 23:53:41.855 [info] Sending inline completion request: {
  method: 'aws/textDocument/inlineCompletionWithReferences',
  request: {
    textDocument: { uri: 'file:///c%3A/Users/user/Desktop/Project_3/_config.yml' },
    position: Oo { a: 24, b: 14 },
    context: { triggerKind: 1, selectedCompletionInfo: undefined },
    nextToken: undefined
  }
}
2025-12-17 23:53:41.863 [info] Received inline completion response from LSP: { sessionId: '', latency: 8, itemCount: 0, items: [] }
2025-12-17 23:53:41.863 [info] GenerateCompletion activity:\n- number of suggestions: 0
- sessionId: 
- first suggestion content (next line):
no suggestion
- duration between trigger to before sending LSP call: 0ms
- duration between trigger to after receiving LSP response: 9ms
- duration between before sending LSP call to after receving LSP response: 9ms
Failed to produce inline suggestion results. Received 0 items from service
2025-12-17 23:53:42.009 [info] _provideInlineCompletionItems called with: {
  documentUri: 'file:///c%3A/Users/user/Desktop/Project_3/_config.yml',
  position: Oo { a: 24, b: 13 },
  context: {
    selectedCompletionInfo: undefined,
    triggerKind: 1,
    requestUuid: 'icr-a54c6243-3a33-4b5b-9805-96430cec2bb5',
    requestIssuedDateTime: 1766001221997,
    earliestShownDateTime: 1766001221997
  },
  triggerKind: 'Automatic',
  options: undefined
}
2025-12-17 23:53:42.010 [info] Sending inline completion request: {
  method: 'aws/textDocument/inlineCompletionWithReferences',
  request: {
    textDocument: { uri: 'file:///c%3A/Users/user/Desktop/Project_3/_config.yml' },
    position: Oo { a: 24, b: 13 },
    context: { triggerKind: 1, selectedCompletionInfo: undefined },
    nextToken: undefined
  }
}
2025-12-17 23:53:42.011 [info] Received inline completion response from LSP: { sessionId: '', latency: 1, itemCount: 0, items: [] }
2025-12-17 23:53:42.011 [info] GenerateCompletion activity:\n- number of suggestions: 0
- sessionId: 
- first suggestion content (next line):
no suggestion
- duration between trigger to before sending LSP call: 0ms
- duration between trigger to after receiving LSP response: 1ms
- duration between before sending LSP call to after receving LSP response: 1ms
Failed to produce inline suggestion results. Received 0 items from service
2025-12-17 23:53:42.163 [info] _provideInlineCompletionItems called with: {
  documentUri: 'file:///c%3A/Users/user/Desktop/Project_3/_config.yml',
  position: Oo { a: 24, b: 12 },
  context: {
    selectedCompletionInfo: undefined,
    triggerKind: 1,
    requestUuid: 'icr-f033c431-adc7-47c2-83e9-93b3cee8429c',
    requestIssuedDateTime: 1766001222149,
    earliestShownDateTime: 1766001222149
  },
  triggerKind: 'Automatic',
  options: undefined
}
2025-12-17 23:53:42.163 [info] Sending inline completion request: {
  method: 'aws/textDocument/inlineCompletionWithReferences',
  request: {
    textDocument: { uri: 'file:///c%3A/Users/user/Desktop/Project_3/_config.yml' },
    position: Oo { a: 24, b: 12 },
    context: { triggerKind: 1, selectedCompletionInfo: undefined },
    nextToken: undefined
  }
}
2025-12-17 23:53:42.164 [info] Received inline completion response from LSP: { sessionId: '', latency: 1, itemCount: 0, items: [] }
2025-12-17 23:53:42.164 [info] GenerateCompletion activity:\n- number of suggestions: 0
- sessionId: 
- first suggestion content (next line):
no suggestion
- duration between trigger to before sending LSP call: 0ms
- duration between trigger to after receiving LSP response: 1ms
- duration between before sending LSP call to after receving LSP response: 1ms
Failed to produce inline suggestion results. Received 0 items from service
2025-12-17 23:53:42.286 [info] _provideInlineCompletionItems called with: {
  documentUri: 'file:///c%3A/Users/user/Desktop/Project_3/_config.yml',
  position: Oo { a: 24, b: 11 },
  context: {
    selectedCompletionInfo: undefined,
    triggerKind: 1,
    requestUuid: 'icr-29268716-6182-49bf-b972-1034aa3198a6',
    requestIssuedDateTime: 1766001222270,
    earliestShownDateTime: 1766001222270
  },
  triggerKind: 'Automatic',
  options: undefined
}
2025-12-17 23:53:42.286 [info] Sending inline completion request: {
  method: 'aws/textDocument/inlineCompletionWithReferences',
  request: {
    textDocument: { uri: 'file:///c%3A/Users/user/Desktop/Project_3/_config.yml' },
    position: Oo { a: 24, b: 11 },
    context: { triggerKind: 1, selectedCompletionInfo: undefined },
    nextToken: undefined
  }
}
2025-12-17 23:53:42.287 [info] Received inline completion response from LSP: { sessionId: '', latency: 1, itemCount: 0, items: [] }
2025-12-17 23:53:42.287 [info] GenerateCompletion activity:\n- number of suggestions: 0
- sessionId: 
- first suggestion content (next line):
no suggestion
- duration between trigger to before sending LSP call: 0ms
- duration between trigger to after receiving LSP response: 1ms
- duration between before sending LSP call to after receving LSP response: 1ms
Failed to produce inline suggestion results. Received 0 items from service
2025-12-17 23:53:42.828 [info] _provideInlineCompletionItems called with: {
  documentUri: 'file:///c%3A/Users/user/Desktop/Project_3/_config.yml',
  position: Oo { a: 24, b: 11 },
  context: {
    selectedCompletionInfo: undefined,
    triggerKind: 1,
    requestUuid: 'icr-c6e9220c-59b7-43de-a7a7-0eb24a237042',
    requestIssuedDateTime: 1766001222819,
    earliestShownDateTime: 1766001222819
  },
  triggerKind: 'Automatic',
  options: undefined
}
2025-12-17 23:53:42.828 [info] Sending inline completion request: {
  method: 'aws/textDocument/inlineCompletionWithReferences',
  request: {
    textDocument: { uri: 'file:///c%3A/Users/user/Desktop/Project_3/_config.yml' },
    position: Oo { a: 24, b: 11 },
    context: { triggerKind: 1, selectedCompletionInfo: undefined },
    nextToken: undefined
  }
}
2025-12-17 23:53:42.829 [info] Received inline completion response from LSP: { sessionId: '', latency: 1, itemCount: 0, items: [] }
2025-12-17 23:53:42.829 [info] GenerateCompletion activity:\n- number of suggestions: 0
- sessionId: 
- first suggestion content (next line):
no suggestion
- duration between trigger to before sending LSP call: 0ms
- duration between trigger to after receiving LSP response: 1ms
- duration between before sending LSP call to after receving LSP response: 1ms
Failed to produce inline suggestion results. Received 0 items from service
2025-12-17 23:53:43.508 [info] _provideInlineCompletionItems called with: {
  documentUri: 'file:///c%3A/Users/user/Desktop/Project_3/_config.yml',
  position: Oo { a: 25, b: 11 },
  context: {
    selectedCompletionInfo: undefined,
    triggerKind: 1,
    requestUuid: 'icr-606c6dcd-1a0b-41fb-af67-c8ba089302b1',
    requestIssuedDateTime: 1766001223507,
    earliestShownDateTime: 1766001223507
  },
  triggerKind: 'Automatic',
  options: undefined
}
2025-12-17 23:53:43.511 [info] Sending inline completion request: {
  method: 'aws/textDocument/inlineCompletionWithReferences',
  request: {
    textDocument: { uri: 'file:///c%3A/Users/user/Desktop/Project_3/_config.yml' },
    position: Oo { a: 25, b: 11 },
    context: { triggerKind: 1, selectedCompletionInfo: undefined },
    nextToken: undefined
  }
}
2025-12-17 23:53:43.512 [info] Received inline completion response from LSP: { sessionId: '', latency: 1, itemCount: 0, items: [] }
2025-12-17 23:53:43.512 [info] GenerateCompletion activity:\n- number of suggestions: 0
- sessionId: 
- first suggestion content (next line):
no suggestion
- duration between trigger to before sending LSP call: 0ms
- duration between trigger to after receiving LSP response: 1ms
- duration between before sending LSP call to after receving LSP response: 1ms
Failed to produce inline suggestion results. Received 0 items from service
2025-12-17 23:53:44.778 [info] _provideInlineCompletionItems called with: {
  documentUri: 'file:///c%3A/Users/user/Desktop/Project_3/_config.yml',
  position: Oo { a: 24, b: 11 },
  context: {
    selectedCompletionInfo: undefined,
    triggerKind: 1,
    requestUuid: 'icr-19cf7317-2713-4a84-b674-56a9d0ef2821',
    requestIssuedDateTime: 1766001224775,
    earliestShownDateTime: 1766001224775
  },
  triggerKind: 'Automatic',
  options: undefined
}
2025-12-17 23:53:44.778 [info] Sending inline completion request: {
  method: 'aws/textDocument/inlineCompletionWithReferences',
  request: {
    textDocument: { uri: 'file:///c%3A/Users/user/Desktop/Project_3/_config.yml' },
    position: Oo { a: 24, b: 11 },
    context: { triggerKind: 1, selectedCompletionInfo: undefined },
    nextToken: undefined
  }
}
2025-12-17 23:53:44.780 [info] Received inline completion response from LSP: { sessionId: '', latency: 1, itemCount: 0, items: [] }
2025-12-17 23:53:44.780 [info] GenerateCompletion activity:\n- number of suggestions: 0
- sessionId: 
- first suggestion content (next line):
no suggestion
- duration between trigger to before sending LSP call: 0ms
- duration between trigger to after receiving LSP response: 2ms
- duration between before sending LSP call to after receving LSP response: 2ms
Failed to produce inline suggestion results. Received 0 items from service
2025-12-17 23:53:45.750 [info] _provideInlineCompletionItems called with: {
  documentUri: 'file:///c%3A/Users/user/Desktop/Project_3/_config.yml',
  position: Oo { a: 24, b: 11 },
  context: {
    selectedCompletionInfo: undefined,
    triggerKind: 0,
    requestUuid: 'icr-c22387c1-ead2-4d6c-a812-9407b1c792b1',
    requestIssuedDateTime: 1766001225746,
    earliestShownDateTime: 1766001225746
  },
  triggerKind: 'Invoke',
  options: undefined
}
2025-12-17 23:53:45.751 [info] Sending inline completion request: {
  method: 'aws/textDocument/inlineCompletionWithReferences',
  request: {
    textDocument: { uri: 'file:///c%3A/Users/user/Desktop/Project_3/_config.yml' },
    position: Oo { a: 24, b: 11 },
    context: { triggerKind: 1, selectedCompletionInfo: undefined },
    nextToken: undefined
  }
}
2025-12-17 23:53:45.753 [info] Received inline completion response from LSP: { sessionId: '', latency: 2, itemCount: 0, items: [] }
2025-12-17 23:53:45.753 [info] GenerateCompletion activity:\n- number of suggestions: 0
- sessionId: 
- first suggestion content (next line):
no suggestion
- duration between trigger to before sending LSP call: 0ms
- duration between trigger to after receiving LSP response: 3ms
- duration between before sending LSP call to after receving LSP response: 3ms
Failed to produce inline suggestion results. Received 0 items from service
2025-12-17 23:53:46.195 [info] _provideInlineCompletionItems called with: {
  documentUri: 'file:///c%3A/Users/user/Desktop/Project_3/_config.yml',
  position: Oo { a: 24, b: 10 },
  context: {
    selectedCompletionInfo: undefined,
    triggerKind: 1,
    requestUuid: 'icr-5aa89e9a-2c4b-4f02-9288-ab7d710663b0',
    requestIssuedDateTime: 1766001226180,
    earliestShownDateTime: 1766001226180
  },
  triggerKind: 'Automatic',
  options: undefined
}
2025-12-17 23:53:46.195 [info] Sending inline completion request: {
  method: 'aws/textDocument/inlineCompletionWithReferences',
  request: {
    textDocument: { uri: 'file:///c%3A/Users/user/Desktop/Project_3/_config.yml' },
    position: Oo { a: 24, b: 10 },
    context: { triggerKind: 1, selectedCompletionInfo: undefined },
    nextToken: undefined
  }
}
2025-12-17 23:53:46.196 [info] Received inline completion response from LSP: { sessionId: '', latency: 1, itemCount: 0, items: [] }
2025-12-17 23:53:46.196 [info] GenerateCompletion activity:\n- number of suggestions: 0
- sessionId: 
- first suggestion content (next line):
no suggestion
- duration between trigger to before sending LSP call: 0ms
- duration between trigger to after receiving LSP response: 1ms
- duration between before sending LSP call to after receving LSP response: 1ms
Failed to produce inline suggestion results. Received 0 items from service
2025-12-17 23:53:46.677 [info] _provideInlineCompletionItems called with: {
  documentUri: 'file:///c%3A/Users/user/Desktop/Project_3/_config.yml',
  position: Oo { a: 24, b: 9 },
  context: {
    selectedCompletionInfo: undefined,
    triggerKind: 1,
    requestUuid: 'icr-2e893d69-4024-4457-ab77-c0ae6c566f72',
    requestIssuedDateTime: 1766001226656,
    earliestShownDateTime: 1766001226656
  },
  triggerKind: 'Automatic',
  options: undefined
}
2025-12-17 23:53:46.677 [info] Sending inline completion request: {
  method: 'aws/textDocument/inlineCompletionWithReferences',
  request: {
    textDocument: { uri: 'file:///c%3A/Users/user/Desktop/Project_3/_config.yml' },
    position: Oo { a: 24, b: 9 },
    context: { triggerKind: 1, selectedCompletionInfo: undefined },
    nextToken: undefined
  }
}
2025-12-17 23:53:46.679 [info] Received inline completion response from LSP: { sessionId: '', latency: 1, itemCount: 0, items: [] }
2025-12-17 23:53:46.679 [info] GenerateCompletion activity:\n- number of suggestions: 0
- sessionId: 
- first suggestion content (next line):
no suggestion
- duration between trigger to before sending LSP call: 0ms
- duration between trigger to after receiving LSP response: 1ms
- duration between before sending LSP call to after receving LSP response: 1ms
Failed to produce inline suggestion results. Received 0 items from service
2025-12-17 23:53:47.661 [info] _provideInlineCompletionItems called with: {
  documentUri: 'file:///c%3A/Users/user/Desktop/Project_3/_config.yml',
  position: Oo { a: 24, b: 10 },
  context: {
    selectedCompletionInfo: undefined,
    triggerKind: 1,
    requestUuid: 'icr-38ce2b1c-4d05-4702-9a36-312c8132aeca',
    requestIssuedDateTime: 1766001227651,
    earliestShownDateTime: 1766001227651
  },
  triggerKind: 'Automatic',
  options: undefined
}
2025-12-17 23:53:47.661 [info] Sending inline completion request: {
  method: 'aws/textDocument/inlineCompletionWithReferences',
  request: {
    textDocument: { uri: 'file:///c%3A/Users/user/Desktop/Project_3/_config.yml' },
    position: Oo { a: 24, b: 10 },
    context: { triggerKind: 1, selectedCompletionInfo: undefined },
    nextToken: undefined
  }
}
2025-12-17 23:53:47.663 [info] Received inline completion response from LSP: { sessionId: '', latency: 1, itemCount: 0, items: [] }
2025-12-17 23:53:47.663 [info] GenerateCompletion activity:\n- number of suggestions: 0
- sessionId: 
- first suggestion content (next line):
no suggestion
- duration between trigger to before sending LSP call: 0ms
- duration between trigger to after receiving LSP response: 2ms
- duration between before sending LSP call to after receving LSP response: 2ms
Failed to produce inline suggestion results. Received 0 items from service
2025-12-17 23:53:47.962 [info] _provideInlineCompletionItems called with: {
  documentUri: 'file:///c%3A/Users/user/Desktop/Project_3/_config.yml',
  position: Oo { a: 25, b: 10 },
  context: {
    selectedCompletionInfo: undefined,
    triggerKind: 1,
    requestUuid: 'icr-d16bdd71-b1bb-416a-a8bd-25010b7d260d',
    requestIssuedDateTime: 1766001227959,
    earliestShownDateTime: 1766001227959
  },
  triggerKind: 'Automatic',
  options: undefined
}
2025-12-17 23:53:47.962 [info] Sending inline completion request: {
  method: 'aws/textDocument/inlineCompletionWithReferences',
  request: {
    textDocument: { uri: 'file:///c%3A/Users/user/Desktop/Project_3/_config.yml' },
    position: Oo { a: 25, b: 10 },
    context: { triggerKind: 1, selectedCompletionInfo: undefined },
    nextToken: undefined
  }
}
2025-12-17 23:53:47.963 [info] Received inline completion response from LSP: { sessionId: '', latency: 1, itemCount: 0, items: [] }
2025-12-17 23:53:47.963 [info] GenerateCompletion activity:\n- number of suggestions: 0
- sessionId: 
- first suggestion content (next line):
no suggestion
- duration between trigger to before sending LSP call: 0ms
- duration between trigger to after receiving LSP response: 1ms
- duration between before sending LSP call to after receving LSP response: 1ms
Failed to produce inline suggestion results. Received 0 items from service
2025-12-17 23:53:50.933 [info] _provideInlineCompletionItems called with: {
  documentUri: 'file:///c%3A/Users/user/Desktop/Project_3/_config.yml',
  position: Oo { a: 25, b: 35 },
  context: {
    selectedCompletionInfo: undefined,
    triggerKind: 1,
    requestUuid: 'icr-11bb4b1d-6d6d-4fa1-b095-63f109ca2839',
    requestIssuedDateTime: 1766001230921,
    earliestShownDateTime: 1766001230921
  },
  triggerKind: 'Automatic',
  options: undefined
}
2025-12-17 23:53:50.933 [info] Sending inline completion request: {
  method: 'aws/textDocument/inlineCompletionWithReferences',
  request: {
    textDocument: { uri: 'file:///c%3A/Users/user/Desktop/Project_3/_config.yml' },
    position: Oo { a: 25, b: 35 },
    context: { triggerKind: 1, selectedCompletionInfo: undefined },
    nextToken: undefined
  }
}
2025-12-17 23:53:50.934 [info] Received inline completion response from LSP: { sessionId: '', latency: 1, itemCount: 0, items: [] }
2025-12-17 23:53:50.934 [info] GenerateCompletion activity:\n- number of suggestions: 0
- sessionId: 
- first suggestion content (next line):
no suggestion
- duration between trigger to before sending LSP call: 0ms
- duration between trigger to after receiving LSP response: 1ms
- duration between before sending LSP call to after receving LSP response: 1ms
Failed to produce inline suggestion results. Received 0 items from service
2025-12-17 23:53:51.582 [info] _provideInlineCompletionItems called with: {
  documentUri: 'file:///c%3A/Users/user/Desktop/Project_3/_config.yml',
  position: Oo { a: 25, b: 32 },
  context: {
    selectedCompletionInfo: undefined,
    triggerKind: 0,
    requestUuid: 'icr-e375d84a-5679-431f-9dec-e974d4c07c27',
    requestIssuedDateTime: 1766001231580,
    earliestShownDateTime: 1766001231580
  },
  triggerKind: 'Invoke',
  options: undefined
}
2025-12-17 23:53:51.582 [info] Sending inline completion request: {
  method: 'aws/textDocument/inlineCompletionWithReferences',
  request: {
    textDocument: { uri: 'file:///c%3A/Users/user/Desktop/Project_3/_config.yml' },
    position: Oo { a: 25, b: 32 },
    context: { triggerKind: 1, selectedCompletionInfo: undefined },
    nextToken: undefined
  }
}
2025-12-17 23:53:51.584 [info] Received inline completion response from LSP: { sessionId: '', latency: 1, itemCount: 0, items: [] }
2025-12-17 23:53:51.584 [info] GenerateCompletion activity:\n- number of suggestions: 0
- sessionId: 
- first suggestion content (next line):
no suggestion
- duration between trigger to before sending LSP call: 0ms
- duration between trigger to after receiving LSP response: 2ms
- duration between before sending LSP call to after receving LSP response: 2ms
Failed to produce inline suggestion results. Received 0 items from service
2025-12-17 23:53:54.435 [info] _provideInlineCompletionItems called with: {
  documentUri: 'file:///c%3A/Users/user/Desktop/Project_3/_config.yml',
  position: Oo { a: 24, b: 17 },
  context: {
    selectedCompletionInfo: undefined,
    triggerKind: 1,
    requestUuid: 'icr-3437d519-2ecc-4e8b-8670-94f53bb559d8',
    requestIssuedDateTime: 1766001234432,
    earliestShownDateTime: 1766001234432
  },
  triggerKind: 'Automatic',
  options: undefined
}
2025-12-17 23:53:54.435 [info] Sending inline completion request: {
  method: 'aws/textDocument/inlineCompletionWithReferences',
  request: {
    textDocument: { uri: 'file:///c%3A/Users/user/Desktop/Project_3/_config.yml' },
    position: Oo { a: 24, b: 17 },
    context: { triggerKind: 1, selectedCompletionInfo: undefined },
    nextToken: undefined
  }
}
2025-12-17 23:53:54.437 [info] Received inline completion response from LSP: { sessionId: '', latency: 1, itemCount: 0, items: [] }
2025-12-17 23:53:54.437 [info] GenerateCompletion activity:\n- number of suggestions: 0
- sessionId: 
- first suggestion content (next line):
no suggestion
- duration between trigger to before sending LSP call: 0ms
- duration between trigger to after receiving LSP response: 2ms
- duration between before sending LSP call to after receving LSP response: 2ms
Failed to produce inline suggestion results. Received 0 items from service
2025-12-17 23:53:56.414 [info] _provideInlineCompletionItems called with: {
  documentUri: 'file:///c%3A/Users/user/Desktop/Project_3/_config.yml',
  position: Oo { a: 25, b: 5 },
  context: {
    selectedCompletionInfo: undefined,
    triggerKind: 1,
    requestUuid: 'icr-5bd224f8-fcd9-4883-85fa-2d5471fa242a',
    requestIssuedDateTime: 1766001236399,
    earliestShownDateTime: 1766001236399
  },
  triggerKind: 'Automatic',
  options: undefined
}
2025-12-17 23:53:56.414 [info] Sending inline completion request: {
  method: 'aws/textDocument/inlineCompletionWithReferences',
  request: {
    textDocument: { uri: 'file:///c%3A/Users/user/Desktop/Project_3/_config.yml' },
    position: Oo { a: 25, b: 5 },
    context: { triggerKind: 1, selectedCompletionInfo: undefined },
    nextToken: undefined
  }
}
2025-12-17 23:53:56.416 [info] Received inline completion response from LSP: { sessionId: '', latency: 2, itemCount: 0, items: [] }
2025-12-17 23:53:56.416 [info] GenerateCompletion activity:\n- number of suggestions: 0
- sessionId: 
- first suggestion content (next line):
no suggestion
- duration between trigger to before sending LSP call: 0ms
- duration between trigger to after receiving LSP response: 2ms
- duration between before sending LSP call to after receving LSP response: 2ms
Failed to produce inline suggestion results. Received 0 items from service
2025-12-17 23:54:17.794 [info] telemetry: sent batch (size=1)
2025-12-17 23:54:50.281 [info] [Info  - 11:54:50 PM] [VSCode Client]  Received {"command":"telemetry/event","params":{"name":"enterFocus"}} from chat
2025-12-17 23:54:50.286 [info] [Info  - 11:54:50 PM] [VSCode Telemetry] Emitting amazonq_enterFocusChat telemetry: {"credentialStartUrl":"https://view.awsapps.com/start","result":"Succeeded"}
2025-12-17 23:54:53.417 [info] [Info  - 11:54:53 PM] [VSCode Client]  Received {"command":"openFileDialog","params":{"tabId":"fislw0","fileType":"image"}} from chat
2025-12-17 23:54:53.436 [info] [Info  - 11:54:53 PM] [VSCode Client]  Received {"command":"telemetry/event","params":{"name":"exitFocus"}} from chat
2025-12-17 23:54:53.439 [info] [Info  - 11:54:53 PM] [VSCode Telemetry] Emitting amazonq_exitFocusChat telemetry: {"credentialStartUrl":"https://view.awsapps.com/start","result":"Succeeded"}
2025-12-17 23:54:56.220 [info] [Info  - 11:54:56 PM] [VSCode Client]  Received {"command":"telemetry/event","params":{"name":"enterFocus"}} from chat
2025-12-17 23:54:56.222 [info] [Info  - 11:54:56 PM] [VSCode Telemetry] Emitting amazonq_enterFocusChat telemetry: {"credentialStartUrl":"https://view.awsapps.com/start","result":"Succeeded"}
2025-12-17 23:54:56.263 [info] [Info  - 11:54:56 PM] [VSCode Client]  Received {"command":"aws/chat/pinnedContextAdd","params":{"tabId":"fislw0","contextCommandGroups":[{"commands":[{"command":"3d9f84176192857.Y3JvcCw0NjAyLDM2MDAsMTAyLDA.jpg","description":"c:\\Users\\user\\Downloads\\3d9f84176192857.Y3JvcCw0NjAyLDM2MDAsMTAyLDA.jpg","label":"image","route":["c:\\Users\\user\\Downloads\\3d9f84176192857.Y3JvcCw0NjAyLDM2MDAsMTAyLDA.jpg"],"icon":"image","id":"3d9f84176192857.Y3JvcCw0NjAyLDM2MDAsMTAyLDA.jpg"}]}]}} from chat
2025-12-17 23:55:06.747 [info] [Info  - 11:55:06 PM] [VSCode Client]  Received {"command":"stopChatResponse","params":{"tabId":"fislw0"}} from chat
2025-12-17 23:55:06.747 [info] [Info  - 11:55:06 PM] [VSCode Client]  Received {"command":"aws/chat/sendChatPrompt","params":{"prompt":{"prompt":"Make web site look like this image","escapedPrompt":"Make web site look like this image","context":[],"options":{"pair-programmer-mode":"true","model-selection":"auto"}},"tabId":"fislw0","context":[]}} from chat
2025-12-17 23:55:06.747 [info] [Info  - 11:55:06 PM] [VSCode Client]  Received {"command":"telemetry/event","params":{"triggerType":"click","tabId":"fislw0","name":"addMessage"}} from chat
2025-12-17 23:55:06.751 [info] [Info  - 11:55:06 PM] [2025-12-17T19:55:06.749Z] lserver: remote workspaceId: undefined
2025-12-17 23:55:06.751 [info] [Info  - 11:55:06 PM] [2025-12-17T19:55:06.749Z] lserver: System Information: {"languageServerVersion":"1.51.0","clientName":"Visual Studio Code","clientVersion":"1.105.1","OS":"win32","OSVersion":"10.0.26200","ComputeEnv":"unknown","extensionVersion":"1.106.0"}
2025-12-17 23:55:06.751 [info] [Info  - 11:55:06 PM] [2025-12-17T19:55:06.749Z] lserver: Fixing history: tabId=fislw0
2025-12-17 23:55:10.235 [info] [Info  - 11:55:10 PM] [2025-12-17T19:55:10.232Z] lserver: generateAssistantResponse/SendMessage ResponseMetadata: {
  "httpStatusCode": 200,
  "requestId": "7ac36ec9-2e3f-4571-a359-4f12b1728986",
  "attempts": 1,
  "totalRetryDelay": 0
}
2025-12-17 23:55:31.480 [info] [Error - 11:55:31 PM] [2025-12-17T19:55:31.479Z] lserver: Unable to load from c:\Users\user\Desktop\Project_3\assets\css\custom.css: Error: ENOENT: no such file or directory, open 'c:\Users\user\Desktop\Project_3\assets\css\custom.css'
2025-12-17 23:55:31.481 [info] [Info  - 11:55:31 PM] [VSCode Telemetry] Emitting amazonq_toolUseSuggested telemetry: {"cwsprChatConversationId":"dad6bc47-5923-48c7-97fe-dd0520b40f58","cwsprChatConversationType":"AgenticChatWithToolUse","credentialStartUrl":"https://view.awsapps.com/start","cwsprToolName":"fsWrite","cwsprToolUseId":"tooluse_MD2F5fw9TE6FLyaAyQNsng","result":"Failed","languageServerVersion":"1.51.0","enabled":true}
2025-12-17 23:55:31.481 [warning] telemetry: invalid Metric: "amazonq_toolUseSuggested" emitted with result=Failed but without the `reason` property. Consider using `.run()` instead of `.emit()`, which will set these properties automatically. See https://github.com/aws/aws-toolkit-vscode/blob/master/docs/telemetry.md#guidelines
2025-12-17 23:55:31.482 [info] [Info  - 11:55:31 PM] [VSCode Telemetry] Emitting amazonq_invokeLLM telemetry: {"cwsprChatConversationId":"dad6bc47-5923-48c7-97fe-dd0520b40f58","cwsprChatConversationType":"AgenticChatWithToolUse","credentialStartUrl":"https://view.awsapps.com/start","cwsprToolName":"","cwsprToolUseId":"","result":"Succeeded","languageServerVersion":"1.51.0","latency":24729,"toolCallLatency":"1","cwsprChatTimeToFirstChunk":3484,"cwsprChatTimeBetweenChunks":"3,314,3,1,92,1,0,0,0,1,38,0,1,0,0,20791","requestId":"7ac36ec9-2e3f-4571-a359-4f12b1728986","enabled":true,"modelId":"auto"}
2025-12-17 23:55:31.482 [info] [Info  - 11:55:31 PM] [2025-12-17T19:55:31.480Z] lserver: Fixing history: tabId=fislw0
2025-12-17 23:55:33.455 [info] [Info  - 11:55:33 PM] [2025-12-17T19:55:33.453Z] lserver: generateAssistantResponse/SendMessage ResponseMetadata: {
  "httpStatusCode": 200,
  "requestId": "5a82e812-a9d9-4221-afb1-b040b5a0808b",
  "attempts": 1,
  "totalRetryDelay": 0
}
2025-12-17 23:55:34.702 [info] [Info  - 11:55:34 PM] [VSCode Telemetry] Emitting amazonq_interactWithAgenticChat telemetry: {"cwsprChatConversationId":"dad6bc47-5923-48c7-97fe-dd0520b40f58","cwsprChatConversationType":"AgenticChatWithToolUse","credentialStartUrl":"https://view.awsapps.com/start","cwsprAgenticChatInteractionType":"GeneratedCommand","result":"Succeeded","enabled":true}
2025-12-17 23:55:37.986 [info] [Info  - 11:55:37 PM] [VSCode Client]  Received {"command":"aws/chat/buttonClick","params":{"tabId":"fislw0","messageId":"tooluse_A-KcQn9kQn2w_TQpt2A5Vw","buttonId":"run-shell-command"}} from chat
2025-12-17 23:55:37.994 [info] [Info  - 11:55:37 PM] [VSCode Telemetry] Emitting amazonq_interactWithAgenticChat telemetry: {"cwsprChatConversationId":"dad6bc47-5923-48c7-97fe-dd0520b40f58","cwsprChatConversationType":"AgenticChatWithToolUse","credentialStartUrl":"https://view.awsapps.com/start","cwsprAgenticChatInteractionType":"RunCommand","result":"Succeeded","enabled":true}
2025-12-17 23:55:37.994 [info] [Info  - 11:55:37 PM] [2025-12-17T19:55:37.988Z] lserver: Command: (not started) [where mkdir]
2025-12-17 23:55:38.031 [info] [Info  - 11:55:38 PM] [2025-12-17T19:55:38.028Z] lserver: Command: (not started) [cmd.exe /c help mkdir]
2025-12-17 23:55:38.065 [info] [Info  - 11:55:38 PM] [2025-12-17T19:55:38.059Z] lserver: Invoking C:\Windows\System32\cmd.exe command: "mkdir assets\css" in cwd: "c:\Users\user\Desktop\Project_3"
2025-12-17 23:55:38.065 [info] [Info  - 11:55:38 PM] [2025-12-17T19:55:38.059Z] lserver: Command: (not started) [C:\Windows\System32\cmd.exe /u /c mkdir assets\css]
2025-12-17 23:55:38.071 [info] [Info  - 11:55:38 PM] [VSCode Telemetry] Emitting amazonq_bashCommand telemetry: {"credentialStartUrl":"https://view.awsapps.com/start","result":"Succeeded","command":"mkdir"}
2025-12-17 23:55:38.071 [info] [Info  - 11:55:38 PM] [VSCode Telemetry] Emitting amazonq_toolUseSuggested telemetry: {"cwsprChatConversationId":"dad6bc47-5923-48c7-97fe-dd0520b40f58","cwsprChatConversationType":"AgenticChatWithToolUse","credentialStartUrl":"https://view.awsapps.com/start","cwsprToolName":"executeBash","cwsprToolUseId":"tooluse_A-KcQn9kQn2w_TQpt2A5Vw","perfE2ELatency":3371,"result":"Succeeded","languageServerVersion":"1.51.0","enabled":true}
2025-12-17 23:55:38.071 [info] [Info  - 11:55:38 PM] [VSCode Telemetry] Emitting amazonq_invokeLLM telemetry: {"cwsprChatConversationId":"dad6bc47-5923-48c7-97fe-dd0520b40f58","cwsprChatConversationType":"AgenticChatWithToolUse","credentialStartUrl":"https://view.awsapps.com/start","cwsprToolName":"executeBash","cwsprToolUseId":"tooluse_A-KcQn9kQn2w_TQpt2A5Vw","result":"Succeeded","languageServerVersion":"1.51.0","latency":3217,"toolCallLatency":"3371","cwsprChatTimeToFirstChunk":3217,"cwsprChatTimeBetweenChunks":"","requestId":"5a82e812-a9d9-4221-afb1-b040b5a0808b","enabled":true,"modelId":"auto"}
2025-12-17 23:55:38.072 [info] [Info  - 11:55:38 PM] [2025-12-17T19:55:38.070Z] lserver: Fixing history: tabId=fislw0
2025-12-17 23:55:41.007 [info] [Info  - 11:55:41 PM] [2025-12-17T19:55:41.003Z] lserver: generateAssistantResponse/SendMessage ResponseMetadata: {
  "httpStatusCode": 200,
  "requestId": "86e345ba-c12d-43a1-8a15-1ef06d5d9031",
  "attempts": 1,
  "totalRetryDelay": 0
}
2025-12-17 23:55:54.256 [info] [Error - 11:55:54 PM] [2025-12-17T19:55:54.255Z] lserver: Unable to load from c:\Users\user\Desktop\Project_3\assets\css\custom.css: Error: ENOENT: no such file or directory, open 'c:\Users\user\Desktop\Project_3\assets\css\custom.css'
2025-12-17 23:55:54.268 [info] [Info  - 11:55:54 PM] [VSCode Telemetry] Emitting amazonq_interactWithAgenticChat telemetry: {"cwsprChatConversationId":"dad6bc47-5923-48c7-97fe-dd0520b40f58","cwsprChatConversationType":"AgenticChatWithToolUse","credentialStartUrl":"https://view.awsapps.com/start","cwsprAgenticChatInteractionType":"GeneratedDiff","result":"Succeeded","enabled":true}
2025-12-17 23:55:54.269 [info] [Info  - 11:55:54 PM] [VSCode Telemetry] Emitting amazonq_interactWithMessage telemetry: {"cwsprChatMessageId":"tooluse_PDgFG_9pR0qa-1qSG7gTWA","cwsprChatInteractionType":"agenticCodeAccepted","cwsprChatConversationId":"dad6bc47-5923-48c7-97fe-dd0520b40f58","credentialStartUrl":"https://view.awsapps.com/start","result":"Succeeded"}
2025-12-17 23:55:54.536 [info] [Info  - 11:55:54 PM] [VSCode Telemetry] Emitting amazonq_toolUseSuggested telemetry: {"cwsprChatConversationId":"dad6bc47-5923-48c7-97fe-dd0520b40f58","cwsprChatConversationType":"AgenticChatWithToolUse","credentialStartUrl":"https://view.awsapps.com/start","cwsprToolName":"fsWrite","cwsprToolUseId":"tooluse_PDgFG_9pR0qa-1qSG7gTWA","perfE2ELatency":279,"result":"Succeeded","languageServerVersion":"1.51.0","enabled":true}
2025-12-17 23:55:54.536 [info] [Info  - 11:55:54 PM] [VSCode Telemetry] Emitting amazonq_invokeLLM telemetry: {"cwsprChatConversationId":"dad6bc47-5923-48c7-97fe-dd0520b40f58","cwsprChatConversationType":"AgenticChatWithToolUse","credentialStartUrl":"https://view.awsapps.com/start","cwsprToolName":"fsWrite","cwsprToolUseId":"tooluse_PDgFG_9pR0qa-1qSG7gTWA","result":"Succeeded","languageServerVersion":"1.51.0","latency":16185,"toolCallLatency":"279","cwsprChatTimeToFirstChunk":16185,"cwsprChatTimeBetweenChunks":"","requestId":"86e345ba-c12d-43a1-8a15-1ef06d5d9031","enabled":true,"modelId":"auto"}
2025-12-17 23:55:54.536 [info] [Info  - 11:55:54 PM] [2025-12-17T19:55:54.535Z] lserver: Fixing history: tabId=fislw0
2025-12-17 23:55:57.836 [info] [Info  - 11:55:57 PM] [2025-12-17T19:55:57.834Z] lserver: generateAssistantResponse/SendMessage ResponseMetadata: {
  "httpStatusCode": 200,
  "requestId": "b6722934-2348-4113-8957-c1e63b653469",
  "attempts": 1,
  "totalRetryDelay": 0
}
2025-12-17 23:55:59.237 [info] [Info  - 11:55:59 PM] [VSCode Client]  Received {"command":"telemetry/event","params":{"name":"exitFocus"}} from chat
2025-12-17 23:55:59.241 [info] [Info  - 11:55:59 PM] [VSCode Telemetry] Emitting amazonq_exitFocusChat telemetry: {"credentialStartUrl":"https://view.awsapps.com/start","result":"Succeeded"}
2025-12-17 23:56:03.173 [info] [Info  - 11:56:03 PM] [VSCode Client]  Received {"command":"telemetry/event","params":{"name":"enterFocus"}} from chat
2025-12-17 23:56:03.178 [info] [Info  - 11:56:03 PM] [VSCode Telemetry] Emitting amazonq_enterFocusChat telemetry: {"credentialStartUrl":"https://view.awsapps.com/start","result":"Succeeded"}
2025-12-17 23:56:03.793 [info] [Info  - 11:56:03 PM] [VSCode Client]  Received {"command":"telemetry/event","params":{"name":"exitFocus"}} from chat
2025-12-17 23:56:03.794 [info] [Info  - 11:56:03 PM] [VSCode Telemetry] Emitting amazonq_exitFocusChat telemetry: {"credentialStartUrl":"https://view.awsapps.com/start","result":"Succeeded"}
2025-12-17 23:56:05.891 [info] [Info  - 11:56:05 PM] [VSCode Telemetry] Emitting amazonq_toolUseSuggested telemetry: {"cwsprChatConversationId":"dad6bc47-5923-48c7-97fe-dd0520b40f58","cwsprChatConversationType":"AgenticChatWithToolUse","credentialStartUrl":"https://view.awsapps.com/start","cwsprToolName":"fsReplace","cwsprToolUseId":"tooluse_NLKu4wCxQ_e5ROGscDjYSw","result":"Failed","languageServerVersion":"1.51.0","enabled":true}
2025-12-17 23:56:05.891 [warning] telemetry: invalid Metric: "amazonq_toolUseSuggested" emitted with result=Failed but without the `reason` property. Consider using `.run()` instead of `.emit()`, which will set these properties automatically. See https://github.com/aws/aws-toolkit-vscode/blob/master/docs/telemetry.md#guidelines
2025-12-17 23:56:05.893 [info] [Info  - 11:56:05 PM] [VSCode Telemetry] Emitting amazonq_invokeLLM telemetry: {"cwsprChatConversationId":"dad6bc47-5923-48c7-97fe-dd0520b40f58","cwsprChatConversationType":"AgenticChatWithToolUse","credentialStartUrl":"https://view.awsapps.com/start","cwsprToolName":"","cwsprToolUseId":"","result":"Succeeded","languageServerVersion":"1.51.0","latency":11352,"toolCallLatency":"3","cwsprChatTimeToFirstChunk":11352,"cwsprChatTimeBetweenChunks":"","requestId":"b6722934-2348-4113-8957-c1e63b653469","enabled":true,"modelId":"auto"}
2025-12-17 23:56:05.893 [info] [Info  - 11:56:05 PM] [2025-12-17T19:56:05.891Z] lserver: Fixing history: tabId=fislw0
2025-12-17 23:56:07.719 [info] [Info  - 11:56:07 PM] [2025-12-17T19:56:07.718Z] lserver: generateAssistantResponse/SendMessage ResponseMetadata: {
  "httpStatusCode": 200,
  "requestId": "09eddc86-b2ba-421b-80fe-16264221d24c",
  "attempts": 1,
  "totalRetryDelay": 0
}
2025-12-17 23:56:08.969 [info] [Info  - 11:56:08 PM] [2025-12-17T19:56:08.967Z] lserver: Reading file: c:\Users\user\Desktop\Project_3\index.markdown
2025-12-17 23:56:08.970 [info] [Info  - 11:56:08 PM] [2025-12-17T19:56:08.969Z] lserver: Read file: c:\Users\user\Desktop\Project_3\index.markdown, size: 252
2025-12-17 23:56:08.972 [info] [Info  - 11:56:08 PM] [VSCode Telemetry] Emitting amazonq_toolUseSuggested telemetry: {"cwsprChatConversationId":"dad6bc47-5923-48c7-97fe-dd0520b40f58","cwsprChatConversationType":"AgenticChatWithToolUse","credentialStartUrl":"https://view.awsapps.com/start","cwsprToolName":"fsRead","cwsprToolUseId":"tooluse_1zskW0qsRzS_bDVSxmdtDQ","perfE2ELatency":2,"result":"Succeeded","languageServerVersion":"1.51.0","enabled":true}
2025-12-17 23:56:08.973 [info] [Info  - 11:56:08 PM] [VSCode Telemetry] Emitting amazonq_invokeLLM telemetry: {"cwsprChatConversationId":"dad6bc47-5923-48c7-97fe-dd0520b40f58","cwsprChatConversationType":"AgenticChatWithToolUse","credentialStartUrl":"https://view.awsapps.com/start","cwsprToolName":"fsRead","cwsprToolUseId":"tooluse_1zskW0qsRzS_bDVSxmdtDQ","result":"Succeeded","languageServerVersion":"1.51.0","latency":3075,"toolCallLatency":"2","cwsprChatTimeToFirstChunk":3075,"cwsprChatTimeBetweenChunks":"","requestId":"09eddc86-b2ba-421b-80fe-16264221d24c","enabled":true,"modelId":"auto"}
2025-12-17 23:56:08.973 [info] [Info  - 11:56:08 PM] [2025-12-17T19:56:08.970Z] lserver: Fixing history: tabId=fislw0
2025-12-17 23:56:10.829 [info] [Info  - 11:56:10 PM] [2025-12-17T19:56:10.827Z] lserver: generateAssistantResponse/SendMessage ResponseMetadata: {
  "httpStatusCode": 200,
  "requestId": "9cc2b730-3ed9-4d8e-aa82-998d6882b7b3",
  "attempts": 1,
  "totalRetryDelay": 0
}
2025-12-17 23:56:17.210 [info] [Info  - 11:56:17 PM] [VSCode Telemetry] Emitting amazonq_interactWithAgenticChat telemetry: {"cwsprChatConversationId":"dad6bc47-5923-48c7-97fe-dd0520b40f58","cwsprChatConversationType":"AgenticChatWithToolUse","credentialStartUrl":"https://view.awsapps.com/start","cwsprAgenticChatInteractionType":"GeneratedDiff","result":"Succeeded","enabled":true}
2025-12-17 23:56:17.211 [info] [Info  - 11:56:17 PM] [VSCode Telemetry] Emitting amazonq_interactWithMessage telemetry: {"cwsprChatMessageId":"tooluse_9CGmEhzaRt2KNIUkIgXxnw","cwsprChatInteractionType":"agenticCodeAccepted","cwsprChatConversationId":"dad6bc47-5923-48c7-97fe-dd0520b40f58","credentialStartUrl":"https://view.awsapps.com/start","result":"Succeeded"}
2025-12-17 23:56:17.468 [info] [Info  - 11:56:17 PM] [VSCode Telemetry] Emitting amazonq_toolUseSuggested telemetry: {"cwsprChatConversationId":"dad6bc47-5923-48c7-97fe-dd0520b40f58","cwsprChatConversationType":"AgenticChatWithToolUse","credentialStartUrl":"https://view.awsapps.com/start","cwsprToolName":"fsReplace","cwsprToolUseId":"tooluse_9CGmEhzaRt2KNIUkIgXxnw","perfE2ELatency":273,"result":"Succeeded","languageServerVersion":"1.51.0","enabled":true}
2025-12-17 23:56:17.468 [info] [Info  - 11:56:17 PM] [VSCode Telemetry] Emitting amazonq_invokeLLM telemetry: {"cwsprChatConversationId":"dad6bc47-5923-48c7-97fe-dd0520b40f58","cwsprChatConversationType":"AgenticChatWithToolUse","credentialStartUrl":"https://view.awsapps.com/start","cwsprToolName":"fsReplace","cwsprToolUseId":"tooluse_9CGmEhzaRt2KNIUkIgXxnw","result":"Succeeded","languageServerVersion":"1.51.0","latency":8220,"toolCallLatency":"273","cwsprChatTimeToFirstChunk":8220,"cwsprChatTimeBetweenChunks":"","requestId":"9cc2b730-3ed9-4d8e-aa82-998d6882b7b3","enabled":true,"modelId":"auto"}
2025-12-17 23:56:17.468 [info] [Info  - 11:56:17 PM] [2025-12-17T19:56:17.466Z] lserver: Fixing history: tabId=fislw0
2025-12-17 23:56:19.250 [info] [Info  - 11:56:19 PM] [2025-12-17T19:56:19.248Z] lserver: generateAssistantResponse/SendMessage ResponseMetadata: {
  "httpStatusCode": 200,
  "requestId": "4bf87304-39ae-4328-985a-1bbd32619032",
  "attempts": 1,
  "totalRetryDelay": 0
}
2025-12-17 23:56:21.672 [info] [Info  - 11:56:21 PM] [VSCode Telemetry] Emitting amazonq_interactWithAgenticChat telemetry: {"cwsprChatConversationId":"dad6bc47-5923-48c7-97fe-dd0520b40f58","cwsprChatConversationType":"AgenticChatWithToolUse","credentialStartUrl":"https://view.awsapps.com/start","cwsprAgenticChatInteractionType":"GeneratedDiff","result":"Succeeded","enabled":true}
2025-12-17 23:56:21.672 [info] [Info  - 11:56:21 PM] [VSCode Telemetry] Emitting amazonq_interactWithMessage telemetry: {"cwsprChatMessageId":"tooluse_zaQOuZi0RW6FdsM2VIMetg","cwsprChatInteractionType":"agenticCodeAccepted","cwsprChatConversationId":"dad6bc47-5923-48c7-97fe-dd0520b40f58","credentialStartUrl":"https://view.awsapps.com/start","result":"Succeeded"}
2025-12-17 23:56:21.949 [info] [Info  - 11:56:21 PM] [VSCode Telemetry] Emitting amazonq_toolUseSuggested telemetry: {"cwsprChatConversationId":"dad6bc47-5923-48c7-97fe-dd0520b40f58","cwsprChatConversationType":"AgenticChatWithToolUse","credentialStartUrl":"https://view.awsapps.com/start","cwsprToolName":"fsReplace","cwsprToolUseId":"tooluse_zaQOuZi0RW6FdsM2VIMetg","perfE2ELatency":302,"result":"Succeeded","languageServerVersion":"1.51.0","enabled":true}
2025-12-17 23:56:21.949 [info] [Info  - 11:56:21 PM] [VSCode Telemetry] Emitting amazonq_invokeLLM telemetry: {"cwsprChatConversationId":"dad6bc47-5923-48c7-97fe-dd0520b40f58","cwsprChatConversationType":"AgenticChatWithToolUse","credentialStartUrl":"https://view.awsapps.com/start","cwsprToolName":"fsReplace","cwsprToolUseId":"tooluse_zaQOuZi0RW6FdsM2VIMetg","result":"Succeeded","languageServerVersion":"1.51.0","latency":4178,"toolCallLatency":"302","cwsprChatTimeToFirstChunk":4178,"cwsprChatTimeBetweenChunks":"","requestId":"4bf87304-39ae-4328-985a-1bbd32619032","enabled":true,"modelId":"auto"}
2025-12-17 23:56:21.950 [info] [Info  - 11:56:21 PM] [2025-12-17T19:56:21.948Z] lserver: Fixing history: tabId=fislw0
2025-12-17 23:56:23.720 [info] [Info  - 11:56:23 PM] [2025-12-17T19:56:23.718Z] lserver: generateAssistantResponse/SendMessage ResponseMetadata: {
  "httpStatusCode": 200,
  "requestId": "a7be9024-c98c-4ef1-b18c-d2538b8c3235",
  "attempts": 1,
  "totalRetryDelay": 0
}
2025-12-17 23:56:26.200 [info] [Info  - 11:56:26 PM] [VSCode Telemetry] Emitting amazonq_invokeLLM telemetry: {"cwsprChatConversationId":"dad6bc47-5923-48c7-97fe-dd0520b40f58","cwsprChatConversationType":"AgenticChat","credentialStartUrl":"https://view.awsapps.com/start","cwsprToolName":"","cwsprToolUseId":"","result":"Succeeded","languageServerVersion":"1.51.0","latency":4247,"toolCallLatency":"","cwsprChatTimeToFirstChunk":1771,"cwsprChatTimeBetweenChunks":"218,1,0,1,0,16,221,1,2,67,817,2,0,1,0,1,216,2,0,1,0,0,1,0,0,0,1,0,216,1,1,0,1,1,1,0,0,0,0,1,0,0,1,0,677,1,3,1,0,0,1,0,1,1","requestId":"a7be9024-c98c-4ef1-b18c-d2538b8c3235","enabled":true,"modelId":"auto"}
2025-12-17 23:56:26.200 [info] [Info  - 11:56:26 PM] [VSCode Telemetry] Emitting amazonq_addMessage telemetry: {"credentialStartUrl":"https://view.awsapps.com/start","cwsprChatConversationId":"dad6bc47-5923-48c7-97fe-dd0520b40f58","cwsprChatHasCodeSnippet":true,"cwsprChatTriggerInteraction":"click","cwsprChatMessageId":"a7be9024-c98c-4ef1-b18c-d2538b8c3235","cwsprChatProgrammingLanguage":"yaml","cwsprChatResponseCode":200,"cwsprChatSourceLinkCount":0,"cwsprChatReferencesCount":0,"cwsprChatFollowUpCount":0,"cwsprChatTimeToFirstChunk":3485,"cwsprChatFullResponseLatency":79447,"cwsprChatTimeBetweenChunks":[3,314,3,1,92,1,1,38,1,847,1,1,1,8,10416,285,1,1,1,152,1,64,1,207,1,1,1,438,1,1,543,157,1,62,1,156,108,1,153,351,1,1,155,1,62,1,488,1,1,1,849,1,220,1,219,1,51,1,542,1,158,1,1,1,60,1,157,1,1052,1,1,488,1,1,219,1,1,1,217,42,1,509,1,747,1,1,1,1,1,1,553,1,1,1,1,1766001333454,309,287,1,417],"cwsprChatRequestLength":34,"cwsprChatResponseLength":585,"cwsprChatConversationType":"AgenticChatWithToolUse","cwsprChatActiveEditorTotalCharacters":2133,"cwsprChatHasContextList":true,"cwsprChatFolderContextCount":0,"cwsprChatFileContextCount":0,"cwsprChatRuleContextCount":0,"cwsprChatPromptContextCount":0,"cwsprChatFileContextLength":0,"cwsprChatRuleContextLength":0,"cwsprChatTotalRuleContextCount":0,"cwsprChatPromptContextLength":0,"cwsprChatFocusFileContextLength":2133,"cwsprChatCodeContextCount":0,"cwsprChatCodeContextLength":0,"cwsprChatPinnedCodeContextCount":0,"cwsprChatPinnedFileContextCount":0,"cwsprChatPinnedFolderContextCount":0,"cwsprChatPinnedPromptContextCount":0,"result":"Succeeded","enabled":true,"languageServerVersion":"1.51.0","requestIds":["7ac36ec9-2e3f-4571-a359-4f12b1728986","5a82e812-a9d9-4221-afb1-b040b5a0808b","86e345ba-c12d-43a1-8a15-1ef06d5d9031","b6722934-2348-4113-8957-c1e63b653469","09eddc86-b2ba-421b-80fe-16264221d24c","9cc2b730-3ed9-4d8e-aa82-998d6882b7b3","4bf87304-39ae-4328-985a-1bbd32619032","a7be9024-c98c-4ef1-b18c-d2538b8c3235"]}
2025-12-17 23:57:37.311 [info] [Info  - 11:57:37 PM] [VSCode Client]  Received {"command":"telemetry/event","params":{"name":"enterFocus"}} from chat
2025-12-17 23:57:37.314 [info] [Info  - 11:57:37 PM] [VSCode Telemetry] Emitting amazonq_enterFocusChat telemetry: {"credentialStartUrl":"https://view.awsapps.com/start","result":"Succeeded"}
2025-12-17 23:58:31.565 [info] [Info  - 11:58:31 PM] [VSCode Client]  Received {"command":"telemetry/event","params":{"name":"exitFocus"}} from chat
2025-12-17 23:58:31.570 [info] [Info  - 11:58:31 PM] [VSCode Telemetry] Emitting amazonq_exitFocusChat telemetry: {"credentialStartUrl":"https://view.awsapps.com/start","result":"Succeeded"}
2025-12-17 23:58:34.640 [info] [Info  - 11:58:34 PM] [VSCode Client]  Received {"command":"telemetry/event","params":{"name":"enterFocus"}} from chat
2025-12-17 23:58:34.648 [info] [Info  - 11:58:34 PM] [VSCode Telemetry] Emitting amazonq_enterFocusChat telemetry: {"credentialStartUrl":"https://view.awsapps.com/start","result":"Succeeded"}
2025-12-17 23:58:35.640 [info] [Info  - 11:58:35 PM] [VSCode Client]  Received {"command":"stopChatResponse","params":{"tabId":"fislw0"}} from chat
2025-12-17 23:58:35.641 [info] [Info  - 11:58:35 PM] [VSCode Client]  Received {"command":"aws/chat/sendChatPrompt","params":{"prompt":{"prompt":"https://github.com/MaxMaxsimov/SITE\n\nadd this to represetory link in every footer \n\nmake home page main content empty\n\nmake all site look like previous image","escapedPrompt":"https://github.com/MaxMaxsimov/SITE\n\nadd this to represetory link in every footer \n\nmake home page main content empty\n\nmake all site look like previous image","context":[],"options":{"pair-programmer-mode":"true","model-selection":"auto"}},"tabId":"fislw0","context":[]}} from chat
2025-12-17 23:58:35.641 [info] [Info  - 11:58:35 PM] [VSCode Client]  Received {"command":"telemetry/event","params":{"triggerType":"click","tabId":"fislw0","name":"addMessage"}} from chat
2025-12-17 23:58:35.644 [info] [Info  - 11:58:35 PM] [2025-12-17T19:58:35.642Z] lserver: remote workspaceId: undefined
2025-12-17 23:58:35.644 [info] [Info  - 11:58:35 PM] [2025-12-17T19:58:35.642Z] lserver: System Information: {"languageServerVersion":"1.51.0","clientName":"Visual Studio Code","clientVersion":"1.105.1","OS":"win32","OSVersion":"10.0.26200","ComputeEnv":"unknown","extensionVersion":"1.106.0"}
2025-12-17 23:58:35.644 [info] [Info  - 11:58:35 PM] [2025-12-17T19:58:35.642Z] lserver: Fixing history: tabId=fislw0
2025-12-17 23:58:37.619 [info] [Info  - 11:58:37 PM] [2025-12-17T19:58:37.613Z] lserver: generateAssistantResponse/SendMessage ResponseMetadata: {
  "httpStatusCode": 200,
  "requestId": "f68d6cff-36d4-434b-8c11-da335860fba8",
  "attempts": 1,
  "totalRetryDelay": 0
}
2025-12-17 23:58:39.838 [info] [Info  - 11:58:39 PM] [VSCode Telemetry] Emitting amazonq_interactWithAgenticChat telemetry: {"cwsprChatConversationId":"dad6bc47-5923-48c7-97fe-dd0520b40f58","cwsprChatConversationType":"AgenticChatWithToolUse","credentialStartUrl":"https://view.awsapps.com/start","cwsprAgenticChatInteractionType":"GeneratedDiff","result":"Succeeded","enabled":true}
2025-12-17 23:58:39.838 [info] [Info  - 11:58:39 PM] [VSCode Telemetry] Emitting amazonq_interactWithMessage telemetry: {"cwsprChatMessageId":"tooluse_D_8tujVdTRmjNukDrSlC6w","cwsprChatInteractionType":"agenticCodeAccepted","cwsprChatConversationId":"dad6bc47-5923-48c7-97fe-dd0520b40f58","credentialStartUrl":"https://view.awsapps.com/start","result":"Succeeded"}
2025-12-17 23:58:41.478 [info] [Info  - 11:58:41 PM] [VSCode Telemetry] Emitting amazonq_toolUseSuggested telemetry: {"cwsprChatConversationId":"dad6bc47-5923-48c7-97fe-dd0520b40f58","cwsprChatConversationType":"AgenticChatWithToolUse","credentialStartUrl":"https://view.awsapps.com/start","cwsprToolName":"fsReplace","cwsprToolUseId":"tooluse_D_8tujVdTRmjNukDrSlC6w","perfE2ELatency":1655,"result":"Succeeded","languageServerVersion":"1.51.0","enabled":true}
2025-12-17 23:58:41.478 [info] [Info  - 11:58:41 PM] [VSCode Telemetry] Emitting amazonq_invokeLLM telemetry: {"cwsprChatConversationId":"dad6bc47-5923-48c7-97fe-dd0520b40f58","cwsprChatConversationType":"AgenticChatWithToolUse","credentialStartUrl":"https://view.awsapps.com/start","cwsprToolName":"fsReplace","cwsprToolUseId":"tooluse_D_8tujVdTRmjNukDrSlC6w","result":"Succeeded","languageServerVersion":"1.51.0","latency":4177,"toolCallLatency":"1655","cwsprChatTimeToFirstChunk":4177,"cwsprChatTimeBetweenChunks":"","requestId":"f68d6cff-36d4-434b-8c11-da335860fba8","enabled":true,"modelId":"auto"}
2025-12-17 23:58:41.479 [info] [Info  - 11:58:41 PM] [2025-12-17T19:58:41.476Z] lserver: Fixing history: tabId=fislw0
2025-12-17 23:58:44.273 [info] [Info  - 11:58:44 PM] [2025-12-17T19:58:44.270Z] lserver: generateAssistantResponse/SendMessage ResponseMetadata: {
  "httpStatusCode": 200,
  "requestId": "813a1677-241e-4015-9d2a-b1d015a8cd26",
  "attempts": 1,
  "totalRetryDelay": 0
}
2025-12-17 23:58:50.803 [info] [Info  - 11:58:50 PM] [VSCode Telemetry] Emitting amazonq_interactWithAgenticChat telemetry: {"cwsprChatConversationId":"dad6bc47-5923-48c7-97fe-dd0520b40f58","cwsprChatConversationType":"AgenticChatWithToolUse","credentialStartUrl":"https://view.awsapps.com/start","cwsprAgenticChatInteractionType":"GeneratedDiff","result":"Succeeded","enabled":true}
2025-12-17 23:58:50.803 [info] [Info  - 11:58:50 PM] [VSCode Telemetry] Emitting amazonq_interactWithMessage telemetry: {"cwsprChatMessageId":"tooluse_G5vx13HOSh-TvEoxXXYPKg","cwsprChatInteractionType":"agenticCodeAccepted","cwsprChatConversationId":"dad6bc47-5923-48c7-97fe-dd0520b40f58","credentialStartUrl":"https://view.awsapps.com/start","result":"Succeeded"}
2025-12-17 23:58:51.070 [info] [Info  - 11:58:51 PM] [VSCode Telemetry] Emitting amazonq_toolUseSuggested telemetry: {"cwsprChatConversationId":"dad6bc47-5923-48c7-97fe-dd0520b40f58","cwsprChatConversationType":"AgenticChatWithToolUse","credentialStartUrl":"https://view.awsapps.com/start","cwsprToolName":"fsReplace","cwsprToolUseId":"tooluse_G5vx13HOSh-TvEoxXXYPKg","perfE2ELatency":278,"result":"Succeeded","languageServerVersion":"1.51.0","enabled":true}
2025-12-17 23:58:51.070 [info] [Info  - 11:58:51 PM] [VSCode Telemetry] Emitting amazonq_invokeLLM telemetry: {"cwsprChatConversationId":"dad6bc47-5923-48c7-97fe-dd0520b40f58","cwsprChatConversationType":"AgenticChatWithToolUse","credentialStartUrl":"https://view.awsapps.com/start","cwsprToolName":"fsReplace","cwsprToolUseId":"tooluse_G5vx13HOSh-TvEoxXXYPKg","result":"Succeeded","languageServerVersion":"1.51.0","latency":9312,"toolCallLatency":"278","cwsprChatTimeToFirstChunk":9312,"cwsprChatTimeBetweenChunks":"","requestId":"813a1677-241e-4015-9d2a-b1d015a8cd26","enabled":true,"modelId":"auto"}
2025-12-17 23:58:51.070 [info] [Info  - 11:58:51 PM] [2025-12-17T19:58:51.068Z] lserver: Fixing history: tabId=fislw0
2025-12-17 23:58:53.995 [info] [Info  - 11:58:53 PM] [2025-12-17T19:58:53.992Z] lserver: generateAssistantResponse/SendMessage ResponseMetadata: {
  "httpStatusCode": 200,
  "requestId": "b19ff895-7ab7-4743-b300-d96108407d36",
  "attempts": 1,
  "totalRetryDelay": 0
}
2025-12-17 23:59:05.390 [info] [Info  - 11:59:05 PM] [VSCode Telemetry] Emitting amazonq_interactWithAgenticChat telemetry: {"cwsprChatConversationId":"dad6bc47-5923-48c7-97fe-dd0520b40f58","cwsprChatConversationType":"AgenticChatWithToolUse","credentialStartUrl":"https://view.awsapps.com/start","cwsprAgenticChatInteractionType":"GeneratedDiff","result":"Succeeded","enabled":true}
2025-12-17 23:59:05.390 [info] [Info  - 11:59:05 PM] [VSCode Telemetry] Emitting amazonq_interactWithMessage telemetry: {"cwsprChatMessageId":"tooluse_u5x8MP3nRja5KIhDFhlQZQ","cwsprChatInteractionType":"agenticCodeAccepted","cwsprChatConversationId":"dad6bc47-5923-48c7-97fe-dd0520b40f58","credentialStartUrl":"https://view.awsapps.com/start","result":"Succeeded"}
2025-12-17 23:59:05.657 [info] [Info  - 11:59:05 PM] [VSCode Telemetry] Emitting amazonq_toolUseSuggested telemetry: {"cwsprChatConversationId":"dad6bc47-5923-48c7-97fe-dd0520b40f58","cwsprChatConversationType":"AgenticChatWithToolUse","credentialStartUrl":"https://view.awsapps.com/start","cwsprToolName":"fsReplace","cwsprToolUseId":"tooluse_u5x8MP3nRja5KIhDFhlQZQ","perfE2ELatency":278,"result":"Succeeded","languageServerVersion":"1.51.0","enabled":true}
2025-12-17 23:59:05.658 [info] [Info  - 11:59:05 PM] [VSCode Telemetry] Emitting amazonq_invokeLLM telemetry: {"cwsprChatConversationId":"dad6bc47-5923-48c7-97fe-dd0520b40f58","cwsprChatConversationType":"AgenticChatWithToolUse","credentialStartUrl":"https://view.awsapps.com/start","cwsprToolName":"fsReplace","cwsprToolUseId":"tooluse_u5x8MP3nRja5KIhDFhlQZQ","result":"Succeeded","languageServerVersion":"1.51.0","latency":14307,"toolCallLatency":"278","cwsprChatTimeToFirstChunk":14307,"cwsprChatTimeBetweenChunks":"","requestId":"b19ff895-7ab7-4743-b300-d96108407d36","enabled":true,"modelId":"auto"}
2025-12-17 23:59:05.658 [info] [Info  - 11:59:05 PM] [2025-12-17T19:59:05.655Z] lserver: Fixing history: tabId=fislw0
2025-12-17 23:59:07.202 [info] [Info  - 11:59:07 PM] [VSCode Telemetry] Emitting codewhisperer_codePercentage telemetry: {"codewhispererTotalTokens":0,"codewhispererLanguage":"yaml","codewhispererSuggestedTokens":0}
2025-12-17 23:59:07.202 [info] [Info  - 11:59:07 PM] [2025-12-17T19:59:07.185Z] lserver: Invoking SendTelemetryEvent:CodeCoverageEvent with:
            "acceptedCharacterCount": 0
            "totalCharacterCount": 0
            "addedCharacterCount": 0
2025-12-17 23:59:07.750 [info] [Info  - 11:59:07 PM] [2025-12-17T19:59:07.748Z] lserver: generateAssistantResponse/SendMessage ResponseMetadata: {
  "httpStatusCode": 200,
  "requestId": "bcdef13d-b400-4d77-8ffb-966089edd3c5",
  "attempts": 1,
  "totalRetryDelay": 0
}
2025-12-17 23:59:07.872 [info] auth: Connection is valid: 4e6c3a6e-f5d8-43ce-a343-23725b008698
2025-12-17 23:59:07.872 [info] auth: Updating connection state of 4e6c3a6e-f5d8-43ce-a343-23725b008698 to valid
2025-12-17 23:59:08.695 [info] [Info  - 11:59:08 PM] [2025-12-17T19:59:08.694Z] lserver: Reading file: c:\Users\user\Desktop\Project_3\about.markdown
2025-12-17 23:59:08.695 [info] [Info  - 11:59:08 PM] [2025-12-17T19:59:08.694Z] lserver: Read file: c:\Users\user\Desktop\Project_3\about.markdown, size: 669
2025-12-17 23:59:08.695 [info] [Info  - 11:59:08 PM] [2025-12-17T19:59:08.694Z] lserver: Reading file: c:\Users\user\Desktop\Project_3\hobbies.markdown
2025-12-17 23:59:08.695 [info] [Info  - 11:59:08 PM] [2025-12-17T19:59:08.694Z] lserver: Read file: c:\Users\user\Desktop\Project_3\hobbies.markdown, size: 524
2025-12-17 23:59:08.696 [info] [Info  - 11:59:08 PM] [VSCode Telemetry] Emitting amazonq_toolUseSuggested telemetry: {"cwsprChatConversationId":"dad6bc47-5923-48c7-97fe-dd0520b40f58","cwsprChatConversationType":"AgenticChatWithToolUse","credentialStartUrl":"https://view.awsapps.com/start","cwsprToolName":"fsRead","cwsprToolUseId":"tooluse_WZE0OlyOQCejesmam8Wttg","perfE2ELatency":2,"result":"Succeeded","languageServerVersion":"1.51.0","enabled":true}
2025-12-17 23:59:08.697 [info] [Info  - 11:59:08 PM] [VSCode Telemetry] Emitting amazonq_invokeLLM telemetry: {"cwsprChatConversationId":"dad6bc47-5923-48c7-97fe-dd0520b40f58","cwsprChatConversationType":"AgenticChatWithToolUse","credentialStartUrl":"https://view.awsapps.com/start","cwsprToolName":"fsRead","cwsprToolUseId":"tooluse_WZE0OlyOQCejesmam8Wttg","result":"Succeeded","languageServerVersion":"1.51.0","latency":3036,"toolCallLatency":"2","cwsprChatTimeToFirstChunk":3036,"cwsprChatTimeBetweenChunks":"","requestId":"bcdef13d-b400-4d77-8ffb-966089edd3c5","enabled":true,"modelId":"auto"}
2025-12-17 23:59:08.697 [info] [Info  - 11:59:08 PM] [2025-12-17T19:59:08.695Z] lserver: Fixing history: tabId=fislw0
2025-12-17 23:59:11.303 [info] [Info  - 11:59:11 PM] [2025-12-17T19:59:11.300Z] lserver: generateAssistantResponse/SendMessage ResponseMetadata: {
  "httpStatusCode": 200,
  "requestId": "e0556070-7c68-45c6-827b-77f6fca8e316",
  "attempts": 1,
  "totalRetryDelay": 0
}
2025-12-17 23:59:14.447 [info] [Info  - 11:59:14 PM] [VSCode Telemetry] Emitting amazonq_toolUseSuggested telemetry: {"cwsprChatConversationId":"dad6bc47-5923-48c7-97fe-dd0520b40f58","cwsprChatConversationType":"AgenticChatWithToolUse","credentialStartUrl":"https://view.awsapps.com/start","cwsprToolName":"fsReplace","cwsprToolUseId":"tooluse_3daRikM6Rv6h0sW3qP4ecw","result":"Failed","languageServerVersion":"1.51.0","enabled":true}
2025-12-17 23:59:14.447 [warning] telemetry: invalid Metric: "amazonq_toolUseSuggested" emitted with result=Failed but without the `reason` property. Consider using `.run()` instead of `.emit()`, which will set these properties automatically. See https://github.com/aws/aws-toolkit-vscode/blob/master/docs/telemetry.md#guidelines
2025-12-17 23:59:14.449 [info] [Info  - 11:59:14 PM] [VSCode Telemetry] Emitting amazonq_invokeLLM telemetry: {"cwsprChatConversationId":"dad6bc47-5923-48c7-97fe-dd0520b40f58","cwsprChatConversationType":"AgenticChatWithToolUse","credentialStartUrl":"https://view.awsapps.com/start","cwsprToolName":"","cwsprToolUseId":"","result":"Succeeded","languageServerVersion":"1.51.0","latency":5748,"toolCallLatency":"3","cwsprChatTimeToFirstChunk":5748,"cwsprChatTimeBetweenChunks":"","requestId":"e0556070-7c68-45c6-827b-77f6fca8e316","enabled":true,"modelId":"auto"}
2025-12-17 23:59:14.449 [info] [Info  - 11:59:14 PM] [2025-12-17T19:59:14.447Z] lserver: Fixing history: tabId=fislw0
2025-12-17 23:59:16.399 [info] [Info  - 11:59:16 PM] [2025-12-17T19:59:16.396Z] lserver: generateAssistantResponse/SendMessage ResponseMetadata: {
  "httpStatusCode": 200,
  "requestId": "279cc64d-186c-4e84-80e7-8f42f367a9bc",
  "attempts": 1,
  "totalRetryDelay": 0
}
2025-12-17 23:59:18.527 [info] telemetry: sent batch (size=20)
2025-12-17 23:59:19.143 [info] telemetry: sent batch (size=20)
2025-12-17 23:59:19.359 [info] [Info  - 11:59:19 PM] [VSCode Telemetry] Emitting amazonq_toolUseSuggested telemetry: {"cwsprChatConversationId":"dad6bc47-5923-48c7-97fe-dd0520b40f58","cwsprChatConversationType":"AgenticChatWithToolUse","credentialStartUrl":"https://view.awsapps.com/start","cwsprToolName":"fsReplace","cwsprToolUseId":"tooluse_EvvFjYcoT3GN07z6qTynCQ","result":"Failed","languageServerVersion":"1.51.0","enabled":true}
2025-12-17 23:59:19.359 [warning] telemetry: invalid Metric: "amazonq_toolUseSuggested" emitted with result=Failed but without the `reason` property. Consider using `.run()` instead of `.emit()`, which will set these properties automatically. See https://github.com/aws/aws-toolkit-vscode/blob/master/docs/telemetry.md#guidelines
2025-12-17 23:59:19.360 [info] [Info  - 11:59:19 PM] [VSCode Telemetry] Emitting amazonq_invokeLLM telemetry: {"cwsprChatConversationId":"dad6bc47-5923-48c7-97fe-dd0520b40f58","cwsprChatConversationType":"AgenticChatWithToolUse","credentialStartUrl":"https://view.awsapps.com/start","cwsprToolName":"","cwsprToolUseId":"","result":"Succeeded","languageServerVersion":"1.51.0","latency":4907,"toolCallLatency":"2","cwsprChatTimeToFirstChunk":4907,"cwsprChatTimeBetweenChunks":"","requestId":"279cc64d-186c-4e84-80e7-8f42f367a9bc","enabled":true,"modelId":"auto"}
2025-12-17 23:59:19.360 [info] [Info  - 11:59:19 PM] [2025-12-17T19:59:19.358Z] lserver: Fixing history: tabId=fislw0
2025-12-17 23:59:19.700 [info] telemetry: sent batch (size=11)
2025-12-17 23:59:21.409 [info] [Info  - 11:59:21 PM] [2025-12-17T19:59:21.406Z] lserver: generateAssistantResponse/SendMessage ResponseMetadata: {
  "httpStatusCode": 200,
  "requestId": "ee87a195-ff78-4ae8-b6db-6540ab93ef0a",
  "attempts": 1,
  "totalRetryDelay": 0
}
2025-12-17 23:59:22.896 [info] [Info  - 11:59:22 PM] [VSCode Telemetry] Emitting amazonq_interactWithAgenticChat telemetry: {"cwsprChatConversationId":"dad6bc47-5923-48c7-97fe-dd0520b40f58","cwsprChatConversationType":"AgenticChatWithToolUse","credentialStartUrl":"https://view.awsapps.com/start","cwsprAgenticChatInteractionType":"GeneratedDiff","result":"Succeeded","enabled":true}
2025-12-17 23:59:22.897 [info] [Info  - 11:59:22 PM] [VSCode Telemetry] Emitting amazonq_interactWithMessage telemetry: {"cwsprChatMessageId":"tooluse_hrBkzKgdT9m1CJgoAHdp1A","cwsprChatInteractionType":"agenticCodeAccepted","cwsprChatConversationId":"dad6bc47-5923-48c7-97fe-dd0520b40f58","credentialStartUrl":"https://view.awsapps.com/start","result":"Succeeded"}
2025-12-17 23:59:23.158 [info] [Info  - 11:59:23 PM] [VSCode Telemetry] Emitting amazonq_toolUseSuggested telemetry: {"cwsprChatConversationId":"dad6bc47-5923-48c7-97fe-dd0520b40f58","cwsprChatConversationType":"AgenticChatWithToolUse","credentialStartUrl":"https://view.awsapps.com/start","cwsprToolName":"fsReplace","cwsprToolUseId":"tooluse_hrBkzKgdT9m1CJgoAHdp1A","perfE2ELatency":278,"result":"Succeeded","languageServerVersion":"1.51.0","enabled":true}
2025-12-17 23:59:23.158 [info] [Info  - 11:59:23 PM] [VSCode Telemetry] Emitting amazonq_invokeLLM telemetry: {"cwsprChatConversationId":"dad6bc47-5923-48c7-97fe-dd0520b40f58","cwsprChatConversationType":"AgenticChatWithToolUse","credentialStartUrl":"https://view.awsapps.com/start","cwsprToolName":"fsReplace","cwsprToolUseId":"tooluse_hrBkzKgdT9m1CJgoAHdp1A","result":"Succeeded","languageServerVersion":"1.51.0","latency":3519,"toolCallLatency":"278","cwsprChatTimeToFirstChunk":3519,"cwsprChatTimeBetweenChunks":"","requestId":"ee87a195-ff78-4ae8-b6db-6540ab93ef0a","enabled":true,"modelId":"auto"}
2025-12-17 23:59:23.158 [info] [Info  - 11:59:23 PM] [2025-12-17T19:59:23.156Z] lserver: Fixing history: tabId=fislw0
2025-12-17 23:59:25.329 [info] [Info  - 11:59:25 PM] [2025-12-17T19:59:25.327Z] lserver: generateAssistantResponse/SendMessage ResponseMetadata: {
  "httpStatusCode": 200,
  "requestId": "90b77c0b-5a02-470a-a45a-3519ee84aeb6",
  "attempts": 1,
  "totalRetryDelay": 0
}
2025-12-17 23:59:27.863 [info] [Info  - 11:59:27 PM] [VSCode Telemetry] Emitting amazonq_interactWithAgenticChat telemetry: {"cwsprChatConversationId":"dad6bc47-5923-48c7-97fe-dd0520b40f58","cwsprChatConversationType":"AgenticChatWithToolUse","credentialStartUrl":"https://view.awsapps.com/start","cwsprAgenticChatInteractionType":"GeneratedDiff","result":"Succeeded","enabled":true}
2025-12-17 23:59:27.863 [info] [Info  - 11:59:27 PM] [VSCode Telemetry] Emitting amazonq_interactWithMessage telemetry: {"cwsprChatMessageId":"tooluse_JiqEIIUPQa6NLR7jGLeSNQ","cwsprChatInteractionType":"agenticCodeAccepted","cwsprChatConversationId":"dad6bc47-5923-48c7-97fe-dd0520b40f58","credentialStartUrl":"https://view.awsapps.com/start","result":"Succeeded"}
2025-12-17 23:59:28.119 [info] [Info  - 11:59:28 PM] [VSCode Telemetry] Emitting amazonq_toolUseSuggested telemetry: {"cwsprChatConversationId":"dad6bc47-5923-48c7-97fe-dd0520b40f58","cwsprChatConversationType":"AgenticChatWithToolUse","credentialStartUrl":"https://view.awsapps.com/start","cwsprToolName":"fsReplace","cwsprToolUseId":"tooluse_JiqEIIUPQa6NLR7jGLeSNQ","perfE2ELatency":272,"result":"Succeeded","languageServerVersion":"1.51.0","enabled":true}
2025-12-17 23:59:28.119 [info] [Info  - 11:59:28 PM] [VSCode Telemetry] Emitting amazonq_invokeLLM telemetry: {"cwsprChatConversationId":"dad6bc47-5923-48c7-97fe-dd0520b40f58","cwsprChatConversationType":"AgenticChatWithToolUse","credentialStartUrl":"https://view.awsapps.com/start","cwsprToolName":"fsReplace","cwsprToolUseId":"tooluse_JiqEIIUPQa6NLR7jGLeSNQ","result":"Succeeded","languageServerVersion":"1.51.0","latency":4688,"toolCallLatency":"272","cwsprChatTimeToFirstChunk":4688,"cwsprChatTimeBetweenChunks":"","requestId":"90b77c0b-5a02-470a-a45a-3519ee84aeb6","enabled":true,"modelId":"auto"}
2025-12-17 23:59:28.119 [info] [Info  - 11:59:28 PM] [2025-12-17T19:59:28.117Z] lserver: Fixing history: tabId=fislw0
2025-12-17 23:59:29.876 [info] [Info  - 11:59:29 PM] [2025-12-17T19:59:29.872Z] lserver: generateAssistantResponse/SendMessage ResponseMetadata: {
  "httpStatusCode": 200,
  "requestId": "21e30bb8-806e-4f84-8769-5000f028f274",
  "attempts": 1,
  "totalRetryDelay": 0
}
2025-12-17 23:59:31.606 [info] [Info  - 11:59:31 PM] [VSCode Telemetry] Emitting amazonq_interactWithAgenticChat telemetry: {"cwsprChatConversationId":"dad6bc47-5923-48c7-97fe-dd0520b40f58","cwsprChatConversationType":"AgenticChatWithToolUse","credentialStartUrl":"https://view.awsapps.com/start","cwsprAgenticChatInteractionType":"GeneratedDiff","result":"Succeeded","enabled":true}
2025-12-17 23:59:31.607 [info] [Info  - 11:59:31 PM] [VSCode Telemetry] Emitting amazonq_interactWithMessage telemetry: {"cwsprChatMessageId":"tooluse_p23Q9pU6SYqsfOctIFlqvw","cwsprChatInteractionType":"agenticCodeAccepted","cwsprChatConversationId":"dad6bc47-5923-48c7-97fe-dd0520b40f58","credentialStartUrl":"https://view.awsapps.com/start","result":"Succeeded"}
2025-12-17 23:59:31.886 [info] [Info  - 11:59:31 PM] [VSCode Telemetry] Emitting amazonq_toolUseSuggested telemetry: {"cwsprChatConversationId":"dad6bc47-5923-48c7-97fe-dd0520b40f58","cwsprChatConversationType":"AgenticChatWithToolUse","credentialStartUrl":"https://view.awsapps.com/start","cwsprToolName":"fsReplace","cwsprToolUseId":"tooluse_p23Q9pU6SYqsfOctIFlqvw","perfE2ELatency":309,"result":"Succeeded","languageServerVersion":"1.51.0","enabled":true}
2025-12-17 23:59:31.886 [info] [Info  - 11:59:31 PM] [VSCode Telemetry] Emitting amazonq_invokeLLM telemetry: {"cwsprChatConversationId":"dad6bc47-5923-48c7-97fe-dd0520b40f58","cwsprChatConversationType":"AgenticChatWithToolUse","credentialStartUrl":"https://view.awsapps.com/start","cwsprToolName":"fsReplace","cwsprToolUseId":"tooluse_p23Q9pU6SYqsfOctIFlqvw","result":"Succeeded","languageServerVersion":"1.51.0","latency":3457,"toolCallLatency":"309","cwsprChatTimeToFirstChunk":3457,"cwsprChatTimeBetweenChunks":"","requestId":"21e30bb8-806e-4f84-8769-5000f028f274","enabled":true,"modelId":"auto"}
2025-12-17 23:59:31.886 [info] [Info  - 11:59:31 PM] [2025-12-17T19:59:31.885Z] lserver: Fixing history: tabId=fislw0
2025-12-17 23:59:33.471 [info] [Info  - 11:59:33 PM] [2025-12-17T19:59:33.468Z] lserver: generateAssistantResponse/SendMessage ResponseMetadata: {
  "httpStatusCode": 200,
  "requestId": "d92ba413-95d2-4beb-8314-dadbed4bd255",
  "attempts": 1,
  "totalRetryDelay": 0
}
2025-12-17 23:59:37.850 [info] [Info  - 11:59:37 PM] [VSCode Telemetry] Emitting amazonq_invokeLLM telemetry: {"cwsprChatConversationId":"dad6bc47-5923-48c7-97fe-dd0520b40f58","cwsprChatConversationType":"AgenticChat","credentialStartUrl":"https://view.awsapps.com/start","cwsprToolName":"","cwsprToolUseId":"","result":"Succeeded","languageServerVersion":"1.51.0","latency":5962,"toolCallLatency":"","cwsprChatTimeToFirstChunk":1584,"cwsprChatTimeBetweenChunks":"16,205,0,0,0,0,18,232,1643,2,1982,1,0,1,0,0,0,269,2,4,0,1,0,0,0,0,1,0,0,0,0,0,0,1,0","requestId":"d92ba413-95d2-4beb-8314-dadbed4bd255","enabled":true,"modelId":"auto"}
2025-12-17 23:59:37.850 [info] [Info  - 11:59:37 PM] [VSCode Telemetry] Emitting amazonq_addMessage telemetry: {"credentialStartUrl":"https://view.awsapps.com/start","cwsprChatConversationId":"dad6bc47-5923-48c7-97fe-dd0520b40f58","cwsprChatHasCodeSnippet":true,"cwsprChatTriggerInteraction":"click","cwsprChatMessageId":"d92ba413-95d2-4beb-8314-dadbed4bd255","cwsprChatProgrammingLanguage":"yaml","cwsprChatResponseCode":200,"cwsprChatSourceLinkCount":0,"cwsprChatReferencesCount":0,"cwsprChatFollowUpCount":0,"cwsprChatTimeToFirstChunk":1972,"cwsprChatFullResponseLatency":62205,"cwsprChatTimeBetweenChunks":[608,1,221,1,441,1,220,706,2,1766001524271,4739,222,1,221,1,1,1,219,1,221,1,221,1,1,1,219,1,1,1,219,1,1,1,218,1,1,1,1766001533993,5518,1,1,1319,1,1,1,1,1,217,1,1,220,1,503,1,158,445,1,1,1,217,1,486,1,1,164,55,1,498,1,1,207,1,11,1,220,1,1,219,1,896,1,1,1766001547748,498,442,1,1,1766001551301,1146,510,1,158,1,65,207,495,1,1,221,1],"cwsprChatRequestLength":157,"cwsprChatResponseLength":428,"cwsprChatConversationType":"AgenticChatWithToolUse","cwsprChatActiveEditorTotalCharacters":2144,"cwsprChatHasContextList":true,"cwsprChatFolderContextCount":0,"cwsprChatFileContextCount":0,"cwsprChatRuleContextCount":0,"cwsprChatPromptContextCount":0,"cwsprChatFileContextLength":0,"cwsprChatRuleContextLength":0,"cwsprChatTotalRuleContextCount":0,"cwsprChatPromptContextLength":0,"cwsprChatFocusFileContextLength":2144,"cwsprChatCodeContextCount":0,"cwsprChatCodeContextLength":0,"cwsprChatPinnedCodeContextCount":0,"cwsprChatPinnedFileContextCount":0,"cwsprChatPinnedFolderContextCount":0,"cwsprChatPinnedPromptContextCount":0,"result":"Succeeded","enabled":true,"languageServerVersion":"1.51.0","requestIds":["f68d6cff-36d4-434b-8c11-da335860fba8","813a1677-241e-4015-9d2a-b1d015a8cd26","b19ff895-7ab7-4743-b300-d96108407d36","bcdef13d-b400-4d77-8ffb-966089edd3c5","e0556070-7c68-45c6-827b-77f6fca8e316","279cc64d-186c-4e84-80e7-8f42f367a9bc","ee87a195-ff78-4ae8-b6db-6540ab93ef0a","90b77c0b-5a02-470a-a45a-3519ee84aeb6","21e30bb8-806e-4f84-8769-5000f028f274","d92ba413-95d2-4beb-8314-dadbed4bd255"]}
2025-12-18 00:00:39.452 [info] [Info  - 12:00:39 AM] [VSCode Client]  Received {"command":"telemetry/event","params":{"name":"exitFocus"}} from chat
2025-12-18 00:00:39.456 [info] [Info  - 12:00:39 AM] [VSCode Telemetry] Emitting amazonq_exitFocusChat telemetry: {"credentialStartUrl":"https://view.awsapps.com/start","result":"Succeeded"}
2025-12-18 00:01:21.852 [info] [Info  - 12:01:21 AM] [VSCode Client]  Received {"command":"telemetry/event","params":{"name":"enterFocus"}} from chat
2025-12-18 00:01:21.857 [info] [Info  - 12:01:21 AM] [VSCode Telemetry] Emitting amazonq_enterFocusChat telemetry: {"credentialStartUrl":"https://view.awsapps.com/start","result":"Succeeded"}
2025-12-18 00:01:48.490 [info] [Info  - 12:01:48 AM] [VSCode Client]  Received {"command":"stopChatResponse","params":{"tabId":"fislw0"}} from chat
2025-12-18 00:01:48.490 [info] [Info  - 12:01:48 AM] [VSCode Client]  Received {"command":"aws/chat/sendChatPrompt","params":{"prompt":{"prompt":"make the footer look better \n\ndistance between footer contents","escapedPrompt":"make the footer look better \n\ndistance between footer contents","context":[],"options":{"pair-programmer-mode":"true","model-selection":"auto"}},"tabId":"fislw0","context":[]}} from chat
2025-12-18 00:01:48.491 [info] [Info  - 12:01:48 AM] [VSCode Client]  Received {"command":"telemetry/event","params":{"triggerType":"click","tabId":"fislw0","name":"addMessage"}} from chat
2025-12-18 00:01:48.495 [info] [Info  - 12:01:48 AM] [2025-12-17T20:01:48.493Z] lserver: remote workspaceId: undefined
2025-12-18 00:01:48.495 [info] [Info  - 12:01:48 AM] [2025-12-17T20:01:48.493Z] lserver: System Information: {"languageServerVersion":"1.51.0","clientName":"Visual Studio Code","clientVersion":"1.105.1","OS":"win32","OSVersion":"10.0.26200","ComputeEnv":"unknown","extensionVersion":"1.106.0"}
2025-12-18 00:01:48.495 [info] [Info  - 12:01:48 AM] [2025-12-17T20:01:48.494Z] lserver: Fixing history: tabId=fislw0
2025-12-18 00:01:50.443 [info] [Info  - 12:01:50 AM] [2025-12-17T20:01:50.442Z] lserver: generateAssistantResponse/SendMessage ResponseMetadata: {
  "httpStatusCode": 200,
  "requestId": "901c2a4e-a396-4ee6-be36-ab29cb9ddee5",
  "attempts": 1,
  "totalRetryDelay": 0
}
2025-12-18 00:01:56.397 [info] [Info  - 12:01:56 AM] [VSCode Telemetry] Emitting amazonq_toolUseSuggested telemetry: {"cwsprChatConversationId":"dad6bc47-5923-48c7-97fe-dd0520b40f58","cwsprChatConversationType":"AgenticChatWithToolUse","credentialStartUrl":"https://view.awsapps.com/start","cwsprToolName":"fsReplace","cwsprToolUseId":"tooluse_Ej0WYssHR56NbrbE3gcIfw","result":"Failed","languageServerVersion":"1.51.0","enabled":true}
2025-12-18 00:01:56.397 [warning] telemetry: invalid Metric: "amazonq_toolUseSuggested" emitted with result=Failed but without the `reason` property. Consider using `.run()` instead of `.emit()`, which will set these properties automatically. See https://github.com/aws/aws-toolkit-vscode/blob/master/docs/telemetry.md#guidelines
2025-12-18 00:01:56.399 [info] [Info  - 12:01:56 AM] [VSCode Telemetry] Emitting amazonq_invokeLLM telemetry: {"cwsprChatConversationId":"dad6bc47-5923-48c7-97fe-dd0520b40f58","cwsprChatConversationType":"AgenticChatWithToolUse","credentialStartUrl":"https://view.awsapps.com/start","cwsprToolName":"","cwsprToolUseId":"","result":"Succeeded","languageServerVersion":"1.51.0","latency":7902,"toolCallLatency":"1","cwsprChatTimeToFirstChunk":7902,"cwsprChatTimeBetweenChunks":"","requestId":"901c2a4e-a396-4ee6-be36-ab29cb9ddee5","enabled":true,"modelId":"auto"}
2025-12-18 00:01:56.399 [info] [Info  - 12:01:56 AM] [2025-12-17T20:01:56.398Z] lserver: Fixing history: tabId=fislw0
2025-12-18 00:01:58.267 [info] [Info  - 12:01:58 AM] [2025-12-17T20:01:58.265Z] lserver: generateAssistantResponse/SendMessage ResponseMetadata: {
  "httpStatusCode": 200,
  "requestId": "f92a6a11-95a0-4159-b36d-8961463946f4",
  "attempts": 1,
  "totalRetryDelay": 0
}
2025-12-18 00:02:02.869 [info] [Info  - 12:02:02 AM] [VSCode Telemetry] Emitting amazonq_interactWithAgenticChat telemetry: {"cwsprChatConversationId":"dad6bc47-5923-48c7-97fe-dd0520b40f58","cwsprChatConversationType":"AgenticChatWithToolUse","credentialStartUrl":"https://view.awsapps.com/start","cwsprAgenticChatInteractionType":"GeneratedDiff","result":"Succeeded","enabled":true}
2025-12-18 00:02:02.869 [info] [Info  - 12:02:02 AM] [VSCode Telemetry] Emitting amazonq_interactWithMessage telemetry: {"cwsprChatMessageId":"tooluse_45nHR-qiRl6uR5ExC7ZSBQ","cwsprChatInteractionType":"agenticCodeAccepted","cwsprChatConversationId":"dad6bc47-5923-48c7-97fe-dd0520b40f58","credentialStartUrl":"https://view.awsapps.com/start","result":"Succeeded"}
2025-12-18 00:02:03.075 [info] [Info  - 12:02:03 AM] [VSCode Telemetry] Emitting amazonq_toolUseSuggested telemetry: {"cwsprChatConversationId":"dad6bc47-5923-48c7-97fe-dd0520b40f58","cwsprChatConversationType":"AgenticChatWithToolUse","credentialStartUrl":"https://view.awsapps.com/start","cwsprToolName":"fsReplace","cwsprToolUseId":"tooluse_45nHR-qiRl6uR5ExC7ZSBQ","perfE2ELatency":218,"result":"Succeeded","languageServerVersion":"1.51.0","enabled":true}
2025-12-18 00:02:03.075 [info] [Info  - 12:02:03 AM] [VSCode Telemetry] Emitting amazonq_invokeLLM telemetry: {"cwsprChatConversationId":"dad6bc47-5923-48c7-97fe-dd0520b40f58","cwsprChatConversationType":"AgenticChatWithToolUse","credentialStartUrl":"https://view.awsapps.com/start","cwsprToolName":"fsReplace","cwsprToolUseId":"tooluse_45nHR-qiRl6uR5ExC7ZSBQ","result":"Succeeded","languageServerVersion":"1.51.0","latency":6456,"toolCallLatency":"218","cwsprChatTimeToFirstChunk":6456,"cwsprChatTimeBetweenChunks":"","requestId":"f92a6a11-95a0-4159-b36d-8961463946f4","enabled":true,"modelId":"auto"}
2025-12-18 00:02:03.075 [info] [Info  - 12:02:03 AM] [2025-12-17T20:02:03.074Z] lserver: Fixing history: tabId=fislw0
2025-12-18 00:02:05.142 [info] [Info  - 12:02:05 AM] [2025-12-17T20:02:05.141Z] lserver: generateAssistantResponse/SendMessage ResponseMetadata: {
  "httpStatusCode": 200,
  "requestId": "95701c1d-c7c4-40c2-bc8c-ec268f41f02d",
  "attempts": 1,
  "totalRetryDelay": 0
}
2025-12-18 00:02:06.584 [info] [Info  - 12:02:06 AM] [VSCode Telemetry] Emitting amazonq_invokeLLM telemetry: {"cwsprChatConversationId":"dad6bc47-5923-48c7-97fe-dd0520b40f58","cwsprChatConversationType":"AgenticChat","credentialStartUrl":"https://view.awsapps.com/start","cwsprToolName":"","cwsprToolUseId":"","result":"Succeeded","languageServerVersion":"1.51.0","latency":3507,"toolCallLatency":"","cwsprChatTimeToFirstChunk":2066,"cwsprChatTimeBetweenChunks":"15,69,29,67,64,65,32,31,64,31,78,50,30,67,61,78,50,64,96,31,64,31,66,60,64,32,52","requestId":"95701c1d-c7c4-40c2-bc8c-ec268f41f02d","enabled":true,"modelId":"auto"}
2025-12-18 00:02:06.584 [info] [Info  - 12:02:06 AM] [VSCode Telemetry] Emitting amazonq_addMessage telemetry: {"credentialStartUrl":"https://view.awsapps.com/start","cwsprChatConversationId":"dad6bc47-5923-48c7-97fe-dd0520b40f58","cwsprChatHasCodeSnippet":true,"cwsprChatTriggerInteraction":"click","cwsprChatMessageId":"95701c1d-c7c4-40c2-bc8c-ec268f41f02d","cwsprChatProgrammingLanguage":"yaml","cwsprChatResponseCode":200,"cwsprChatSourceLinkCount":0,"cwsprChatReferencesCount":0,"cwsprChatFollowUpCount":0,"cwsprChatTimeToFirstChunk":1949,"cwsprChatFullResponseLatency":18089,"cwsprChatTimeBetweenChunks":[4669,1,159,1,1,1,157,1,1,1,1,1,155,1,1,1,157,1,1,1,1,1,155,1,1,1,1,1,154,1,1,1,1,156,1,1,1,1,1,155,1,1,2,1,1,1766001718265,351,1,2,1,155,3436,1,1,1,1,156,1,1,1,1,1,153,1,1,1,48,1,107,1,1,1,1,1,1,86,68,1,1,1,1,1766001725141,15,69,29,67,64,65,32,31,64,31,78,50,30,67,61,78,50,64],"cwsprChatRequestLength":62,"cwsprChatResponseLength":450,"cwsprChatConversationType":"AgenticChatWithToolUse","cwsprChatActiveEditorTotalCharacters":2139,"cwsprChatHasContextList":true,"cwsprChatFolderContextCount":0,"cwsprChatFileContextCount":0,"cwsprChatRuleContextCount":0,"cwsprChatPromptContextCount":0,"cwsprChatFileContextLength":0,"cwsprChatRuleContextLength":0,"cwsprChatTotalRuleContextCount":0,"cwsprChatPromptContextLength":0,"cwsprChatFocusFileContextLength":2139,"cwsprChatCodeContextCount":0,"cwsprChatCodeContextLength":0,"cwsprChatPinnedCodeContextCount":0,"cwsprChatPinnedFileContextCount":0,"cwsprChatPinnedFolderContextCount":0,"cwsprChatPinnedPromptContextCount":0,"result":"Succeeded","enabled":true,"languageServerVersion":"1.51.0","requestIds":["901c2a4e-a396-4ee6-be36-ab29cb9ddee5","f92a6a11-95a0-4159-b36d-8961463946f4","95701c1d-c7c4-40c2-bc8c-ec268f41f02d"]}
2025-12-18 00:02:08.893 [info] [Info  - 12:02:08 AM] [VSCode Client]  Received {"command":"telemetry/event","params":{"name":"exitFocus"}} from chat
2025-12-18 00:02:08.895 [info] [Info  - 12:02:08 AM] [VSCode Telemetry] Emitting amazonq_exitFocusChat telemetry: {"credentialStartUrl":"https://view.awsapps.com/start","result":"Succeeded"}
2025-12-18 00:02:12.824 [info] [Info  - 12:02:12 AM] [VSCode Client]  Received {"command":"telemetry/event","params":{"name":"enterFocus"}} from chat
2025-12-18 00:02:12.827 [info] [Info  - 12:02:12 AM] [VSCode Telemetry] Emitting amazonq_enterFocusChat telemetry: {"credentialStartUrl":"https://view.awsapps.com/start","result":"Succeeded"}
2025-12-18 00:02:14.425 [info] [Info  - 12:02:14 AM] [VSCode Client]  Received {"command":"aws/chat/buttonClick","params":{"tabId":"fislw0","messageId":"tooluse_45nHR-qiRl6uR5ExC7ZSBQ","buttonId":"undo-changes"}} from chat
2025-12-18 00:02:14.427 [info] [Info  - 12:02:14 AM] [VSCode Telemetry] Emitting amazonq_interactWithAgenticChat telemetry: {"cwsprChatConversationId":"dad6bc47-5923-48c7-97fe-dd0520b40f58","cwsprChatConversationType":"AgenticChatWithToolUse","credentialStartUrl":"https://view.awsapps.com/start","cwsprAgenticChatInteractionType":"RejectDiff","result":"Succeeded","enabled":true}
2025-12-18 00:02:15.997 [info] [Info  - 12:02:15 AM] [VSCode Client]  Received {"command":"telemetry/event","params":{"name":"exitFocus"}} from chat
2025-12-18 00:02:16.003 [info] [Info  - 12:02:16 AM] [VSCode Telemetry] Emitting amazonq_exitFocusChat telemetry: {"credentialStartUrl":"https://view.awsapps.com/start","result":"Succeeded"}
2025-12-18 00:02:19.126 [info] [Info  - 12:02:19 AM] [VSCode Client]  Received {"command":"telemetry/event","params":{"name":"enterFocus"}} from chat
2025-12-18 00:02:19.129 [info] [Info  - 12:02:19 AM] [VSCode Telemetry] Emitting amazonq_enterFocusChat telemetry: {"credentialStartUrl":"https://view.awsapps.com/start","result":"Succeeded"}
2025-12-18 00:02:26.551 [info] [Info  - 12:02:26 AM] [VSCode Client]  Received {"command":"telemetry/event","params":{"name":"exitFocus"}} from chat
2025-12-18 00:02:26.555 [info] [Info  - 12:02:26 AM] [VSCode Telemetry] Emitting amazonq_exitFocusChat telemetry: {"credentialStartUrl":"https://view.awsapps.com/start","result":"Succeeded"}
2025-12-18 00:02:30.187 [info] [Info  - 12:02:30 AM] [VSCode Client]  Received {"command":"telemetry/event","params":{"name":"enterFocus"}} from chat
2025-12-18 00:02:30.189 [info] [Info  - 12:02:30 AM] [VSCode Telemetry] Emitting amazonq_enterFocusChat telemetry: {"credentialStartUrl":"https://view.awsapps.com/start","result":"Succeeded"}
2025-12-18 00:03:01.746 [info] [Info  - 12:03:01 AM] [VSCode Client]  Received {"command":"stopChatResponse","params":{"tabId":"fislw0"}} from chat
2025-12-18 00:03:01.746 [info] [Info  - 12:03:01 AM] [VSCode Client]  Received {"command":"aws/chat/sendChatPrompt","params":{"prompt":{"prompt":"redo the footer for all pages \n\nadd this link to reprisitory <a> link \n\nhttps://github.com/MaxMaxsimov/SITE","escapedPrompt":"redo the footer for all pages \n\nadd this link to reprisitory &lt;a&gt; link \n\nhttps://github.com/MaxMaxsimov/SITE","context":[],"options":{"pair-programmer-mode":"true","model-selection":"auto"}},"tabId":"fislw0","context":[]}} from chat
2025-12-18 00:03:01.746 [info] [Info  - 12:03:01 AM] [VSCode Client]  Received {"command":"telemetry/event","params":{"triggerType":"click","tabId":"fislw0","name":"addMessage"}} from chat
2025-12-18 00:03:01.750 [info] [Info  - 12:03:01 AM] [2025-12-17T20:03:01.749Z] lserver: remote workspaceId: undefined
2025-12-18 00:03:01.750 [info] [Info  - 12:03:01 AM] [2025-12-17T20:03:01.749Z] lserver: System Information: {"languageServerVersion":"1.51.0","clientName":"Visual Studio Code","clientVersion":"1.105.1","OS":"win32","OSVersion":"10.0.26200","ComputeEnv":"unknown","extensionVersion":"1.106.0"}
2025-12-18 00:03:01.750 [info] [Info  - 12:03:01 AM] [2025-12-17T20:03:01.749Z] lserver: Fixing history: tabId=fislw0
2025-12-18 00:03:04.179 [info] [Info  - 12:03:04 AM] [2025-12-17T20:03:04.177Z] lserver: generateAssistantResponse/SendMessage ResponseMetadata: {
  "httpStatusCode": 200,
  "requestId": "d43f9b8f-7866-41c2-8e8c-ba11c9892db4",
  "attempts": 1,
  "totalRetryDelay": 0
}
2025-12-18 00:03:04.547 [info] [Info  - 12:03:04 AM] [2025-12-17T20:03:04.545Z] lserver: Reading file: c:\Users\user\Desktop\Project_3\_includes\footer.html
2025-12-18 00:03:04.548 [info] [Info  - 12:03:04 AM] [2025-12-17T20:03:04.547Z] lserver: Read file: c:\Users\user\Desktop\Project_3\_includes\footer.html, size: 1574
2025-12-18 00:03:04.551 [info] [Info  - 12:03:04 AM] [VSCode Telemetry] Emitting amazonq_toolUseSuggested telemetry: {"cwsprChatConversationId":"dad6bc47-5923-48c7-97fe-dd0520b40f58","cwsprChatConversationType":"AgenticChatWithToolUse","credentialStartUrl":"https://view.awsapps.com/start","cwsprToolName":"fsRead","cwsprToolUseId":"tooluse_XBZd4yGKTjmJQ6LfU759pA","perfE2ELatency":4,"result":"Succeeded","languageServerVersion":"1.51.0","enabled":true}
2025-12-18 00:03:04.551 [info] [Info  - 12:03:04 AM] [VSCode Telemetry] Emitting amazonq_invokeLLM telemetry: {"cwsprChatConversationId":"dad6bc47-5923-48c7-97fe-dd0520b40f58","cwsprChatConversationType":"AgenticChatWithToolUse","credentialStartUrl":"https://view.awsapps.com/start","cwsprToolName":"fsRead","cwsprToolUseId":"tooluse_XBZd4yGKTjmJQ6LfU759pA","result":"Succeeded","languageServerVersion":"1.51.0","latency":2794,"toolCallLatency":"4","cwsprChatTimeToFirstChunk":2794,"cwsprChatTimeBetweenChunks":"","requestId":"d43f9b8f-7866-41c2-8e8c-ba11c9892db4","enabled":true,"modelId":"auto"}
2025-12-18 00:03:04.552 [info] [Info  - 12:03:04 AM] [2025-12-17T20:03:04.550Z] lserver: Fixing history: tabId=fislw0
2025-12-18 00:03:06.611 [info] [Info  - 12:03:06 AM] [2025-12-17T20:03:06.610Z] lserver: generateAssistantResponse/SendMessage ResponseMetadata: {
  "httpStatusCode": 200,
  "requestId": "58a74a8e-6ba4-4ea9-af6d-b7ccfc50bf36",
  "attempts": 1,
  "totalRetryDelay": 0
}
2025-12-18 00:03:09.223 [info] [Info  - 12:03:09 AM] [VSCode Telemetry] Emitting amazonq_interactWithAgenticChat telemetry: {"cwsprChatConversationId":"dad6bc47-5923-48c7-97fe-dd0520b40f58","cwsprChatConversationType":"AgenticChatWithToolUse","credentialStartUrl":"https://view.awsapps.com/start","cwsprAgenticChatInteractionType":"GeneratedDiff","result":"Succeeded","enabled":true}
2025-12-18 00:03:09.223 [info] [Info  - 12:03:09 AM] [VSCode Telemetry] Emitting amazonq_interactWithMessage telemetry: {"cwsprChatMessageId":"tooluse_WF0wM2LFTsK1cbcYCl284w","cwsprChatInteractionType":"agenticCodeAccepted","cwsprChatConversationId":"dad6bc47-5923-48c7-97fe-dd0520b40f58","credentialStartUrl":"https://view.awsapps.com/start","result":"Succeeded"}
2025-12-18 00:03:09.424 [info] [Info  - 12:03:09 AM] [VSCode Telemetry] Emitting amazonq_toolUseSuggested telemetry: {"cwsprChatConversationId":"dad6bc47-5923-48c7-97fe-dd0520b40f58","cwsprChatConversationType":"AgenticChatWithToolUse","credentialStartUrl":"https://view.awsapps.com/start","cwsprToolName":"fsReplace","cwsprToolUseId":"tooluse_WF0wM2LFTsK1cbcYCl284w","perfE2ELatency":217,"result":"Succeeded","languageServerVersion":"1.51.0","enabled":true}
2025-12-18 00:03:09.424 [info] [Info  - 12:03:09 AM] [VSCode Telemetry] Emitting amazonq_invokeLLM telemetry: {"cwsprChatConversationId":"dad6bc47-5923-48c7-97fe-dd0520b40f58","cwsprChatConversationType":"AgenticChatWithToolUse","credentialStartUrl":"https://view.awsapps.com/start","cwsprToolName":"fsReplace","cwsprToolUseId":"tooluse_WF0wM2LFTsK1cbcYCl284w","result":"Succeeded","languageServerVersion":"1.51.0","latency":4654,"toolCallLatency":"217","cwsprChatTimeToFirstChunk":4654,"cwsprChatTimeBetweenChunks":"","requestId":"58a74a8e-6ba4-4ea9-af6d-b7ccfc50bf36","enabled":true,"modelId":"auto"}
2025-12-18 00:03:09.424 [info] [Info  - 12:03:09 AM] [2025-12-17T20:03:09.423Z] lserver: Fixing history: tabId=fislw0
2025-12-18 00:03:11.236 [info] [Info  - 12:03:11 AM] [2025-12-17T20:03:11.234Z] lserver: generateAssistantResponse/SendMessage ResponseMetadata: {
  "httpStatusCode": 200,
  "requestId": "7cf1ab52-4681-4f28-b29e-30afe57b34dd",
  "attempts": 1,
  "totalRetryDelay": 0
}
2025-12-18 00:03:12.614 [info] [Info  - 12:03:12 AM] [VSCode Telemetry] Emitting amazonq_invokeLLM telemetry: {"cwsprChatConversationId":"dad6bc47-5923-48c7-97fe-dd0520b40f58","cwsprChatConversationType":"AgenticChat","credentialStartUrl":"https://view.awsapps.com/start","cwsprToolName":"","cwsprToolUseId":"","result":"Succeeded","languageServerVersion":"1.51.0","latency":3183,"toolCallLatency":"","cwsprChatTimeToFirstChunk":1811,"cwsprChatTimeBetweenChunks":"17,29,31,32,31,33,67,0,27,36,28,38,27,35,32,31,30,32,30,39,29,27,32,32,33,29,30,32,32,32,31,32,32,32,64,31,31,37,40,32,77","requestId":"7cf1ab52-4681-4f28-b29e-30afe57b34dd","enabled":true,"modelId":"auto"}
2025-12-18 00:03:12.614 [info] [Info  - 12:03:12 AM] [VSCode Telemetry] Emitting amazonq_addMessage telemetry: {"credentialStartUrl":"https://view.awsapps.com/start","cwsprChatConversationId":"dad6bc47-5923-48c7-97fe-dd0520b40f58","cwsprChatHasCodeSnippet":true,"cwsprChatTriggerInteraction":"click","cwsprChatMessageId":"7cf1ab52-4681-4f28-b29e-30afe57b34dd","cwsprChatProgrammingLanguage":"yaml","cwsprChatResponseCode":200,"cwsprChatSourceLinkCount":0,"cwsprChatReferencesCount":0,"cwsprChatFollowUpCount":0,"cwsprChatTimeToFirstChunk":2429,"cwsprChatFullResponseLatency":10858,"cwsprChatTimeBetweenChunks":[203,3,40,1,1,1,113,1766001786610,1810,1,1,1,1,15,1,1,1,138,1,1,1,1,273,1,1,2,1,1,2,2,1,1,1,323,1,1,3,1,1,1,2,1766001791234,18,29,31,32,31,33,67,27,35,28,38,27,35,32,31,30,32,30,39,29,27,32,32,33,29,30,32,32,32,31,32,32,32,64,31,31,37,40,32],"cwsprChatRequestLength":113,"cwsprChatResponseLength":417,"cwsprChatConversationType":"AgenticChatWithToolUse","cwsprChatActiveEditorTotalCharacters":2139,"cwsprChatHasContextList":true,"cwsprChatFolderContextCount":0,"cwsprChatFileContextCount":0,"cwsprChatRuleContextCount":0,"cwsprChatPromptContextCount":0,"cwsprChatFileContextLength":0,"cwsprChatRuleContextLength":0,"cwsprChatTotalRuleContextCount":0,"cwsprChatPromptContextLength":0,"cwsprChatFocusFileContextLength":2139,"cwsprChatCodeContextCount":0,"cwsprChatCodeContextLength":0,"cwsprChatPinnedCodeContextCount":0,"cwsprChatPinnedFileContextCount":0,"cwsprChatPinnedFolderContextCount":0,"cwsprChatPinnedPromptContextCount":0,"result":"Succeeded","enabled":true,"languageServerVersion":"1.51.0","requestIds":["d43f9b8f-7866-41c2-8e8c-ba11c9892db4","58a74a8e-6ba4-4ea9-af6d-b7ccfc50bf36","7cf1ab52-4681-4f28-b29e-30afe57b34dd"]}
2025-12-18 00:03:22.324 [info] [Info  - 12:03:22 AM] [VSCode Client]  Received {"command":"telemetry/event","params":{"name":"exitFocus"}} from chat
2025-12-18 00:03:22.329 [info] [Info  - 12:03:22 AM] [VSCode Telemetry] Emitting amazonq_exitFocusChat telemetry: {"credentialStartUrl":"https://view.awsapps.com/start","result":"Succeeded"}
2025-12-18 00:03:47.112 [info] [Info  - 12:03:47 AM] [VSCode Client]  Received {"command":"telemetry/event","params":{"name":"enterFocus"}} from chat
2025-12-18 00:03:47.116 [info] [Info  - 12:03:47 AM] [VSCode Telemetry] Emitting amazonq_enterFocusChat telemetry: {"credentialStartUrl":"https://view.awsapps.com/start","result":"Succeeded"}
2025-12-18 00:03:49.117 [info] [Info  - 12:03:49 AM] [VSCode Client]  Received {"command":"openFileDialog","params":{"tabId":"fislw0","fileType":"image"}} from chat
2025-12-18 00:03:49.139 [info] [Info  - 12:03:49 AM] [VSCode Client]  Received {"command":"telemetry/event","params":{"name":"exitFocus"}} from chat
2025-12-18 00:03:49.141 [info] [Info  - 12:03:49 AM] [VSCode Telemetry] Emitting amazonq_exitFocusChat telemetry: {"credentialStartUrl":"https://view.awsapps.com/start","result":"Succeeded"}
2025-12-18 00:03:51.490 [info] [Info  - 12:03:51 AM] [VSCode Client]  Received {"command":"telemetry/event","params":{"name":"enterFocus"}} from chat
2025-12-18 00:03:51.491 [info] [Info  - 12:03:51 AM] [VSCode Telemetry] Emitting amazonq_enterFocusChat telemetry: {"credentialStartUrl":"https://view.awsapps.com/start","result":"Succeeded"}
2025-12-18 00:03:51.525 [info] [Info  - 12:03:51 AM] [VSCode Client]  Received {"command":"aws/chat/pinnedContextAdd","params":{"tabId":"fislw0","contextCommandGroups":[{"commands":[{"command":"Screenshot 2025-12-18 000339.png","description":"c:\\Users\\user\\Downloads\\Screenshot 2025-12-18 000339.png","label":"image","route":["c:\\Users\\user\\Downloads\\Screenshot 2025-12-18 000339.png"],"icon":"image","id":"Screenshot 2025-12-18 000339.png"}]}]}} from chat
2025-12-18 00:04:07.205 [info] [Info  - 12:04:07 AM] [VSCode Telemetry] Emitting codewhisperer_codePercentage telemetry: {"codewhispererTotalTokens":0,"codewhispererLanguage":"yaml","codewhispererSuggestedTokens":0}
2025-12-18 00:04:07.206 [info] [Info  - 12:04:07 AM] [2025-12-17T20:04:07.195Z] lserver: Invoking SendTelemetryEvent:CodeCoverageEvent with:
            "acceptedCharacterCount": 0
            "totalCharacterCount": 0
            "addedCharacterCount": 0
2025-12-18 00:04:20.228 [info] telemetry: sent batch (size=20)
2025-12-18 00:04:20.860 [info] telemetry: sent batch (size=20)
2025-12-18 00:04:21.415 [info] telemetry: sent batch (size=4)
2025-12-18 00:04:29.066 [info] [Info  - 12:04:29 AM] [VSCode Client]  Received {"command":"stopChatResponse","params":{"tabId":"fislw0"}} from chat
2025-12-18 00:04:29.067 [info] [Info  - 12:04:29 AM] [VSCode Client]  Received {"command":"aws/chat/sendChatPrompt","params":{"prompt":{"prompt":"all elements in the footer loog ugly \n\ncan you make them look better \n\ndistance , font , size , link color etc. \n\nfor all pages","escapedPrompt":"all elements in the footer loog ugly \n\ncan you make them look better \n\ndistance , font , size , link color etc. \n\nfor all pages","context":[],"options":{"pair-programmer-mode":"true","model-selection":"auto"}},"tabId":"fislw0","context":[]}} from chat
2025-12-18 00:04:29.067 [info] [Info  - 12:04:29 AM] [VSCode Client]  Received {"command":"telemetry/event","params":{"triggerType":"click","tabId":"fislw0","name":"addMessage"}} from chat
2025-12-18 00:04:29.070 [info] [Info  - 12:04:29 AM] [2025-12-17T20:04:29.069Z] lserver: remote workspaceId: undefined
2025-12-18 00:04:29.070 [info] [Info  - 12:04:29 AM] [2025-12-17T20:04:29.069Z] lserver: System Information: {"languageServerVersion":"1.51.0","clientName":"Visual Studio Code","clientVersion":"1.105.1","OS":"win32","OSVersion":"10.0.26200","ComputeEnv":"unknown","extensionVersion":"1.106.0"}
2025-12-18 00:04:29.070 [info] [Info  - 12:04:29 AM] [2025-12-17T20:04:29.069Z] lserver: Fixing history: tabId=fislw0
2025-12-18 00:04:31.421 [info] [Info  - 12:04:31 AM] [2025-12-17T20:04:31.418Z] lserver: generateAssistantResponse/SendMessage ResponseMetadata: {
  "httpStatusCode": 200,
  "requestId": "86978601-ee1a-4fa6-9959-b6dc68b68d49",
  "attempts": 1,
  "totalRetryDelay": 0
}
2025-12-18 00:04:43.287 [info] [Info  - 12:04:43 AM] [VSCode Telemetry] Emitting amazonq_toolUseSuggested telemetry: {"cwsprChatConversationId":"dad6bc47-5923-48c7-97fe-dd0520b40f58","cwsprChatConversationType":"AgenticChatWithToolUse","credentialStartUrl":"https://view.awsapps.com/start","cwsprToolName":"fsReplace","cwsprToolUseId":"tooluse_aTfMKB3URwOcDZq8NwDNlw","result":"Failed","languageServerVersion":"1.51.0","enabled":true}
2025-12-18 00:04:43.287 [warning] telemetry: invalid Metric: "amazonq_toolUseSuggested" emitted with result=Failed but without the `reason` property. Consider using `.run()` instead of `.emit()`, which will set these properties automatically. See https://github.com/aws/aws-toolkit-vscode/blob/master/docs/telemetry.md#guidelines
2025-12-18 00:04:43.289 [info] [Info  - 12:04:43 AM] [VSCode Telemetry] Emitting amazonq_invokeLLM telemetry: {"cwsprChatConversationId":"dad6bc47-5923-48c7-97fe-dd0520b40f58","cwsprChatConversationType":"AgenticChatWithToolUse","credentialStartUrl":"https://view.awsapps.com/start","cwsprToolName":"","cwsprToolUseId":"","result":"Succeeded","languageServerVersion":"1.51.0","latency":14215,"toolCallLatency":"1","cwsprChatTimeToFirstChunk":14215,"cwsprChatTimeBetweenChunks":"","requestId":"86978601-ee1a-4fa6-9959-b6dc68b68d49","enabled":true,"modelId":"auto"}
2025-12-18 00:04:43.289 [info] [Info  - 12:04:43 AM] [2025-12-17T20:04:43.288Z] lserver: Fixing history: tabId=fislw0
2025-12-18 00:04:45.805 [info] [Info  - 12:04:45 AM] [2025-12-17T20:04:45.803Z] lserver: generateAssistantResponse/SendMessage ResponseMetadata: {
  "httpStatusCode": 200,
  "requestId": "ac0af980-09f5-42bd-88d9-d8c84031f7bc",
  "attempts": 1,
  "totalRetryDelay": 0
}
2025-12-18 00:04:52.303 [info] [Error - 12:04:52 AM] [2025-12-17T20:04:52.302Z] lserver: Unable to load from c:\Users\user\Desktop\Project_3\assets\css\footer.css: Error: ENOENT: no such file or directory, open 'c:\Users\user\Desktop\Project_3\assets\css\footer.css'
2025-12-18 00:04:52.316 [info] [Info  - 12:04:52 AM] [VSCode Telemetry] Emitting amazonq_interactWithAgenticChat telemetry: {"cwsprChatConversationId":"dad6bc47-5923-48c7-97fe-dd0520b40f58","cwsprChatConversationType":"AgenticChatWithToolUse","credentialStartUrl":"https://view.awsapps.com/start","cwsprAgenticChatInteractionType":"GeneratedDiff","result":"Succeeded","enabled":true}
2025-12-18 00:04:52.317 [info] [Info  - 12:04:52 AM] [VSCode Telemetry] Emitting amazonq_interactWithMessage telemetry: {"cwsprChatMessageId":"tooluse_ECYZHQUBSdCDBET-mWOuBA","cwsprChatInteractionType":"agenticCodeAccepted","cwsprChatConversationId":"dad6bc47-5923-48c7-97fe-dd0520b40f58","credentialStartUrl":"https://view.awsapps.com/start","result":"Succeeded"}
2025-12-18 00:04:52.526 [info] [Info  - 12:04:52 AM] [VSCode Telemetry] Emitting amazonq_toolUseSuggested telemetry: {"cwsprChatConversationId":"dad6bc47-5923-48c7-97fe-dd0520b40f58","cwsprChatConversationType":"AgenticChatWithToolUse","credentialStartUrl":"https://view.awsapps.com/start","cwsprToolName":"fsWrite","cwsprToolUseId":"tooluse_ECYZHQUBSdCDBET-mWOuBA","perfE2ELatency":224,"result":"Succeeded","languageServerVersion":"1.51.0","enabled":true}
2025-12-18 00:04:52.526 [info] [Info  - 12:04:52 AM] [VSCode Telemetry] Emitting amazonq_invokeLLM telemetry: {"cwsprChatConversationId":"dad6bc47-5923-48c7-97fe-dd0520b40f58","cwsprChatConversationType":"AgenticChatWithToolUse","credentialStartUrl":"https://view.awsapps.com/start","cwsprToolName":"fsWrite","cwsprToolUseId":"tooluse_ECYZHQUBSdCDBET-mWOuBA","result":"Succeeded","languageServerVersion":"1.51.0","latency":9012,"toolCallLatency":"224","cwsprChatTimeToFirstChunk":9012,"cwsprChatTimeBetweenChunks":"","requestId":"ac0af980-09f5-42bd-88d9-d8c84031f7bc","enabled":true,"modelId":"auto"}
2025-12-18 00:04:52.526 [info] [Info  - 12:04:52 AM] [2025-12-17T20:04:52.525Z] lserver: Fixing history: tabId=fislw0
2025-12-18 00:04:54.809 [info] [Info  - 12:04:54 AM] [2025-12-17T20:04:54.807Z] lserver: generateAssistantResponse/SendMessage ResponseMetadata: {
  "httpStatusCode": 200,
  "requestId": "5cc92ebb-ae38-423e-bc2b-19e97cbb4f53",
  "attempts": 1,
  "totalRetryDelay": 0
}
2025-12-18 00:04:56.528 [info] [Info  - 12:04:56 AM] [VSCode Telemetry] Emitting amazonq_interactWithAgenticChat telemetry: {"cwsprChatConversationId":"dad6bc47-5923-48c7-97fe-dd0520b40f58","cwsprChatConversationType":"AgenticChatWithToolUse","credentialStartUrl":"https://view.awsapps.com/start","cwsprAgenticChatInteractionType":"GeneratedDiff","result":"Succeeded","enabled":true}
2025-12-18 00:04:56.528 [info] [Info  - 12:04:56 AM] [VSCode Telemetry] Emitting amazonq_interactWithMessage telemetry: {"cwsprChatMessageId":"tooluse_tIBaiQ67QV6_L5dkxjlXsA","cwsprChatInteractionType":"agenticCodeAccepted","cwsprChatConversationId":"dad6bc47-5923-48c7-97fe-dd0520b40f58","credentialStartUrl":"https://view.awsapps.com/start","result":"Succeeded"}
2025-12-18 00:04:56.741 [info] [Info  - 12:04:56 AM] [VSCode Telemetry] Emitting amazonq_toolUseSuggested telemetry: {"cwsprChatConversationId":"dad6bc47-5923-48c7-97fe-dd0520b40f58","cwsprChatConversationType":"AgenticChatWithToolUse","credentialStartUrl":"https://view.awsapps.com/start","cwsprToolName":"fsReplace","cwsprToolUseId":"tooluse_tIBaiQ67QV6_L5dkxjlXsA","perfE2ELatency":222,"result":"Succeeded","languageServerVersion":"1.51.0","enabled":true}
2025-12-18 00:04:56.741 [info] [Info  - 12:04:56 AM] [VSCode Telemetry] Emitting amazonq_invokeLLM telemetry: {"cwsprChatConversationId":"dad6bc47-5923-48c7-97fe-dd0520b40f58","cwsprChatConversationType":"AgenticChatWithToolUse","credentialStartUrl":"https://view.awsapps.com/start","cwsprToolName":"fsReplace","cwsprToolUseId":"tooluse_tIBaiQ67QV6_L5dkxjlXsA","result":"Succeeded","languageServerVersion":"1.51.0","latency":3992,"toolCallLatency":"222","cwsprChatTimeToFirstChunk":3992,"cwsprChatTimeBetweenChunks":"","requestId":"5cc92ebb-ae38-423e-bc2b-19e97cbb4f53","enabled":true,"modelId":"auto"}
2025-12-18 00:04:56.741 [info] [Info  - 12:04:56 AM] [2025-12-17T20:04:56.740Z] lserver: Fixing history: tabId=fislw0
2025-12-18 00:04:59.014 [info] [Info  - 12:04:59 AM] [2025-12-17T20:04:59.013Z] lserver: generateAssistantResponse/SendMessage ResponseMetadata: {
  "httpStatusCode": 200,
  "requestId": "a897e8c8-cb4f-46fa-901b-7e85a200a631",
  "attempts": 1,
  "totalRetryDelay": 0
}
2025-12-18 00:05:00.203 [info] [Info  - 12:05:00 AM] [VSCode Telemetry] Emitting amazonq_interactWithAgenticChat telemetry: {"cwsprChatConversationId":"dad6bc47-5923-48c7-97fe-dd0520b40f58","cwsprChatConversationType":"AgenticChatWithToolUse","credentialStartUrl":"https://view.awsapps.com/start","cwsprAgenticChatInteractionType":"GeneratedDiff","result":"Succeeded","enabled":true}
2025-12-18 00:05:00.203 [info] [Info  - 12:05:00 AM] [VSCode Telemetry] Emitting amazonq_interactWithMessage telemetry: {"cwsprChatMessageId":"tooluse__xaHEhBOQgO1NVscERfT9A","cwsprChatInteractionType":"agenticCodeAccepted","cwsprChatConversationId":"dad6bc47-5923-48c7-97fe-dd0520b40f58","credentialStartUrl":"https://view.awsapps.com/start","result":"Succeeded"}
2025-12-18 00:05:00.407 [info] [Info  - 12:05:00 AM] [VSCode Telemetry] Emitting amazonq_toolUseSuggested telemetry: {"cwsprChatConversationId":"dad6bc47-5923-48c7-97fe-dd0520b40f58","cwsprChatConversationType":"AgenticChatWithToolUse","credentialStartUrl":"https://view.awsapps.com/start","cwsprToolName":"fsReplace","cwsprToolUseId":"tooluse__xaHEhBOQgO1NVscERfT9A","perfE2ELatency":219,"result":"Succeeded","languageServerVersion":"1.51.0","enabled":true}
2025-12-18 00:05:00.408 [info] [Info  - 12:05:00 AM] [VSCode Telemetry] Emitting amazonq_invokeLLM telemetry: {"cwsprChatConversationId":"dad6bc47-5923-48c7-97fe-dd0520b40f58","cwsprChatConversationType":"AgenticChatWithToolUse","credentialStartUrl":"https://view.awsapps.com/start","cwsprToolName":"fsReplace","cwsprToolUseId":"tooluse__xaHEhBOQgO1NVscERfT9A","result":"Succeeded","languageServerVersion":"1.51.0","latency":3446,"toolCallLatency":"219","cwsprChatTimeToFirstChunk":3446,"cwsprChatTimeBetweenChunks":"","requestId":"a897e8c8-cb4f-46fa-901b-7e85a200a631","enabled":true,"modelId":"auto"}
2025-12-18 00:05:00.408 [info] [Info  - 12:05:00 AM] [2025-12-17T20:05:00.406Z] lserver: Fixing history: tabId=fislw0
2025-12-18 00:05:02.683 [info] [Info  - 12:05:02 AM] [2025-12-17T20:05:02.681Z] lserver: generateAssistantResponse/SendMessage ResponseMetadata: {
  "httpStatusCode": 200,
  "requestId": "794a723b-79f3-495c-8344-2e698b9f931c",
  "attempts": 1,
  "totalRetryDelay": 0
}
2025-12-18 00:05:03.806 [info] [Info  - 12:05:03 AM] [VSCode Telemetry] Emitting amazonq_interactWithAgenticChat telemetry: {"cwsprChatConversationId":"dad6bc47-5923-48c7-97fe-dd0520b40f58","cwsprChatConversationType":"AgenticChatWithToolUse","credentialStartUrl":"https://view.awsapps.com/start","cwsprAgenticChatInteractionType":"GeneratedDiff","result":"Succeeded","enabled":true}
2025-12-18 00:05:03.806 [info] [Info  - 12:05:03 AM] [VSCode Telemetry] Emitting amazonq_interactWithMessage telemetry: {"cwsprChatMessageId":"tooluse__gjvKLXXR4mZrGglg9fPKA","cwsprChatInteractionType":"agenticCodeAccepted","cwsprChatConversationId":"dad6bc47-5923-48c7-97fe-dd0520b40f58","credentialStartUrl":"https://view.awsapps.com/start","result":"Succeeded"}
2025-12-18 00:05:04.002 [info] [Info  - 12:05:04 AM] [VSCode Telemetry] Emitting amazonq_toolUseSuggested telemetry: {"cwsprChatConversationId":"dad6bc47-5923-48c7-97fe-dd0520b40f58","cwsprChatConversationType":"AgenticChatWithToolUse","credentialStartUrl":"https://view.awsapps.com/start","cwsprToolName":"fsReplace","cwsprToolUseId":"tooluse__gjvKLXXR4mZrGglg9fPKA","perfE2ELatency":215,"result":"Succeeded","languageServerVersion":"1.51.0","enabled":true}
2025-12-18 00:05:04.003 [info] [Info  - 12:05:04 AM] [VSCode Telemetry] Emitting amazonq_invokeLLM telemetry: {"cwsprChatConversationId":"dad6bc47-5923-48c7-97fe-dd0520b40f58","cwsprChatConversationType":"AgenticChatWithToolUse","credentialStartUrl":"https://view.awsapps.com/start","cwsprToolName":"fsReplace","cwsprToolUseId":"tooluse__gjvKLXXR4mZrGglg9fPKA","result":"Succeeded","languageServerVersion":"1.51.0","latency":3377,"toolCallLatency":"215","cwsprChatTimeToFirstChunk":3377,"cwsprChatTimeBetweenChunks":"","requestId":"794a723b-79f3-495c-8344-2e698b9f931c","enabled":true,"modelId":"auto"}
2025-12-18 00:05:04.003 [info] [Info  - 12:05:04 AM] [2025-12-17T20:05:04.001Z] lserver: Fixing history: tabId=fislw0
2025-12-18 00:05:06.525 [info] [Info  - 12:05:06 AM] [2025-12-17T20:05:06.524Z] lserver: generateAssistantResponse/SendMessage ResponseMetadata: {
  "httpStatusCode": 200,
  "requestId": "476bf683-68e2-45ae-8275-bb4c81886d86",
  "attempts": 1,
  "totalRetryDelay": 0
}
2025-12-18 00:05:07.652 [info] [Info  - 12:05:07 AM] [VSCode Telemetry] Emitting amazonq_interactWithAgenticChat telemetry: {"cwsprChatConversationId":"dad6bc47-5923-48c7-97fe-dd0520b40f58","cwsprChatConversationType":"AgenticChatWithToolUse","credentialStartUrl":"https://view.awsapps.com/start","cwsprAgenticChatInteractionType":"GeneratedDiff","result":"Succeeded","enabled":true}
2025-12-18 00:05:07.652 [info] [Info  - 12:05:07 AM] [VSCode Telemetry] Emitting amazonq_interactWithMessage telemetry: {"cwsprChatMessageId":"tooluse_H7pSxysbRoiPFMzc4Z00gw","cwsprChatInteractionType":"agenticCodeAccepted","cwsprChatConversationId":"dad6bc47-5923-48c7-97fe-dd0520b40f58","credentialStartUrl":"https://view.awsapps.com/start","result":"Succeeded"}
2025-12-18 00:05:07.873 [info] [Info  - 12:05:07 AM] [VSCode Telemetry] Emitting amazonq_toolUseSuggested telemetry: {"cwsprChatConversationId":"dad6bc47-5923-48c7-97fe-dd0520b40f58","cwsprChatConversationType":"AgenticChatWithToolUse","credentialStartUrl":"https://view.awsapps.com/start","cwsprToolName":"fsReplace","cwsprToolUseId":"tooluse_H7pSxysbRoiPFMzc4Z00gw","perfE2ELatency":237,"result":"Succeeded","languageServerVersion":"1.51.0","enabled":true}
2025-12-18 00:05:07.873 [info] [Info  - 12:05:07 AM] [VSCode Telemetry] Emitting amazonq_invokeLLM telemetry: {"cwsprChatConversationId":"dad6bc47-5923-48c7-97fe-dd0520b40f58","cwsprChatConversationType":"AgenticChatWithToolUse","credentialStartUrl":"https://view.awsapps.com/start","cwsprToolName":"fsReplace","cwsprToolUseId":"tooluse_H7pSxysbRoiPFMzc4Z00gw","result":"Succeeded","languageServerVersion":"1.51.0","latency":3632,"toolCallLatency":"237","cwsprChatTimeToFirstChunk":3632,"cwsprChatTimeBetweenChunks":"","requestId":"476bf683-68e2-45ae-8275-bb4c81886d86","enabled":true,"modelId":"auto"}
2025-12-18 00:05:07.873 [info] [Info  - 12:05:07 AM] [2025-12-17T20:05:07.872Z] lserver: Fixing history: tabId=fislw0
2025-12-18 00:05:09.799 [info] [Info  - 12:05:09 AM] [2025-12-17T20:05:09.797Z] lserver: generateAssistantResponse/SendMessage ResponseMetadata: {
  "httpStatusCode": 200,
  "requestId": "4c80b7df-4413-4457-ab67-be102eef1c84",
  "attempts": 1,
  "totalRetryDelay": 0
}
2025-12-18 00:05:11.496 [info] [Info  - 12:05:11 AM] [VSCode Telemetry] Emitting amazonq_invokeLLM telemetry: {"cwsprChatConversationId":"dad6bc47-5923-48c7-97fe-dd0520b40f58","cwsprChatConversationType":"AgenticChat","credentialStartUrl":"https://view.awsapps.com/start","cwsprToolName":"","cwsprToolUseId":"","result":"Succeeded","languageServerVersion":"1.51.0","latency":3621,"toolCallLatency":"","cwsprChatTimeToFirstChunk":1925,"cwsprChatTimeBetweenChunks":"25,18,32,41,21,62,32,31,31,33,34,30,32,30,32,38,37,32,74,21,34,32,31,63,32,31,32,33,31,65,31,33,35,31,66,32,41,25,35,31,31,32,31,31,31,32,36,42","requestId":"4c80b7df-4413-4457-ab67-be102eef1c84","enabled":true,"modelId":"auto"}
2025-12-18 00:05:11.497 [info] [Info  - 12:05:11 AM] [VSCode Telemetry] Emitting amazonq_addMessage telemetry: {"credentialStartUrl":"https://view.awsapps.com/start","cwsprChatConversationId":"dad6bc47-5923-48c7-97fe-dd0520b40f58","cwsprChatHasCodeSnippet":true,"cwsprChatTriggerInteraction":"click","cwsprChatMessageId":"4c80b7df-4413-4457-ab67-be102eef1c84","cwsprChatProgrammingLanguage":"yaml","cwsprChatResponseCode":200,"cwsprChatSourceLinkCount":0,"cwsprChatReferencesCount":0,"cwsprChatFollowUpCount":0,"cwsprChatTimeToFirstChunk":2351,"cwsprChatFullResponseLatency":42425,"cwsprChatTimeBetweenChunks":[10940,2,1,1,1,1,1,1,1,1,1,1,1,145,1,1,1,1,1,1,1,1,1,1,1,1,1,1,1,1,1,1,38,1,102,1,1,1,1,1,1,1,1,1,1,3,1,1,1,1,1,1,1,1,1,1,2,1,1,1,1,1,1,25,1,103,1,1,1,1,1,1,1,1,1,1,1,1,1,1,19,2,1,1,1,1,1,1,1,1,390,4,1,2,1,1,4,1766001885803,377,1],"cwsprChatRequestLength":127,"cwsprChatResponseLength":557,"cwsprChatConversationType":"AgenticChatWithToolUse","cwsprChatActiveEditorTotalCharacters":2139,"cwsprChatHasContextList":true,"cwsprChatFolderContextCount":0,"cwsprChatFileContextCount":0,"cwsprChatRuleContextCount":0,"cwsprChatPromptContextCount":0,"cwsprChatFileContextLength":0,"cwsprChatRuleContextLength":0,"cwsprChatTotalRuleContextCount":0,"cwsprChatPromptContextLength":0,"cwsprChatFocusFileContextLength":2139,"cwsprChatCodeContextCount":0,"cwsprChatCodeContextLength":0,"cwsprChatPinnedCodeContextCount":0,"cwsprChatPinnedFileContextCount":0,"cwsprChatPinnedFolderContextCount":0,"cwsprChatPinnedPromptContextCount":0,"result":"Succeeded","enabled":true,"languageServerVersion":"1.51.0","requestIds":["86978601-ee1a-4fa6-9959-b6dc68b68d49","ac0af980-09f5-42bd-88d9-d8c84031f7bc","5cc92ebb-ae38-423e-bc2b-19e97cbb4f53","a897e8c8-cb4f-46fa-901b-7e85a200a631","794a723b-79f3-495c-8344-2e698b9f931c","476bf683-68e2-45ae-8275-bb4c81886d86","4c80b7df-4413-4457-ab67-be102eef1c84"]}
2025-12-18 00:05:27.609 [info] [Info  - 12:05:27 AM] [VSCode Client]  Received {"command":"telemetry/event","params":{"name":"exitFocus"}} from chat
2025-12-18 00:05:27.611 [info] [Info  - 12:05:27 AM] [VSCode Telemetry] Emitting amazonq_exitFocusChat telemetry: {"credentialStartUrl":"https://view.awsapps.com/start","result":"Succeeded"}
2025-12-18 00:05:37.030 [info] [Info  - 12:05:37 AM] [VSCode Client]  Received {"command":"telemetry/event","params":{"name":"enterFocus"}} from chat
2025-12-18 00:05:37.034 [info] [Info  - 12:05:37 AM] [VSCode Telemetry] Emitting amazonq_enterFocusChat telemetry: {"credentialStartUrl":"https://view.awsapps.com/start","result":"Succeeded"}
2025-12-18 00:06:14.770 [info] [Info  - 12:06:14 AM] [VSCode Client]  Received {"command":"stopChatResponse","params":{"tabId":"fislw0"}} from chat
2025-12-18 00:06:14.770 [info] [Info  - 12:06:14 AM] [VSCode Client]  Received {"command":"aws/chat/sendChatPrompt","params":{"prompt":{"prompt":"remove footer and add it again with all elements but in your style (save th color)","escapedPrompt":"remove footer and add it again with all elements but in your style (save th color)","context":[],"options":{"pair-programmer-mode":"true","model-selection":"auto"}},"tabId":"fislw0","context":[]}} from chat
2025-12-18 00:06:14.771 [info] [Info  - 12:06:14 AM] [VSCode Client]  Received {"command":"telemetry/event","params":{"triggerType":"click","tabId":"fislw0","name":"addMessage"}} from chat
2025-12-18 00:06:14.778 [info] [Info  - 12:06:14 AM] [2025-12-17T20:06:14.777Z] lserver: remote workspaceId: undefined
2025-12-18 00:06:14.779 [info] [Info  - 12:06:14 AM] [2025-12-17T20:06:14.777Z] lserver: System Information: {"languageServerVersion":"1.51.0","clientName":"Visual Studio Code","clientVersion":"1.105.1","OS":"win32","OSVersion":"10.0.26200","ComputeEnv":"unknown","extensionVersion":"1.106.0"}
2025-12-18 00:06:14.779 [info] [Info  - 12:06:14 AM] [2025-12-17T20:06:14.778Z] lserver: Fixing history: tabId=fislw0
2025-12-18 00:06:17.839 [info] [Info  - 12:06:17 AM] [2025-12-17T20:06:17.837Z] lserver: generateAssistantResponse/SendMessage ResponseMetadata: {
  "httpStatusCode": 200,
  "requestId": "740e78f6-392e-4ebb-a909-5bac5043148a",
  "attempts": 1,
  "totalRetryDelay": 0
}
2025-12-18 00:06:30.633 [info] [Info  - 12:06:30 AM] [VSCode Telemetry] Emitting amazonq_interactWithAgenticChat telemetry: {"cwsprChatConversationId":"dad6bc47-5923-48c7-97fe-dd0520b40f58","cwsprChatConversationType":"AgenticChatWithToolUse","credentialStartUrl":"https://view.awsapps.com/start","cwsprAgenticChatInteractionType":"GeneratedDiff","result":"Succeeded","enabled":true}
2025-12-18 00:06:30.633 [info] [Info  - 12:06:30 AM] [VSCode Telemetry] Emitting amazonq_interactWithMessage telemetry: {"cwsprChatMessageId":"tooluse_MyS1luIGT2KXANPYoegJdw","cwsprChatInteractionType":"agenticCodeAccepted","cwsprChatConversationId":"dad6bc47-5923-48c7-97fe-dd0520b40f58","credentialStartUrl":"https://view.awsapps.com/start","result":"Succeeded"}
2025-12-18 00:06:30.836 [info] [Info  - 12:06:30 AM] [VSCode Telemetry] Emitting amazonq_toolUseSuggested telemetry: {"cwsprChatConversationId":"dad6bc47-5923-48c7-97fe-dd0520b40f58","cwsprChatConversationType":"AgenticChatWithToolUse","credentialStartUrl":"https://view.awsapps.com/start","cwsprToolName":"fsWrite","cwsprToolUseId":"tooluse_MyS1luIGT2KXANPYoegJdw","perfE2ELatency":262,"result":"Succeeded","languageServerVersion":"1.51.0","enabled":true}
2025-12-18 00:06:30.836 [info] [Info  - 12:06:30 AM] [VSCode Telemetry] Emitting amazonq_invokeLLM telemetry: {"cwsprChatConversationId":"dad6bc47-5923-48c7-97fe-dd0520b40f58","cwsprChatConversationType":"AgenticChatWithToolUse","credentialStartUrl":"https://view.awsapps.com/start","cwsprToolName":"fsWrite","cwsprToolUseId":"tooluse_MyS1luIGT2KXANPYoegJdw","result":"Succeeded","languageServerVersion":"1.51.0","latency":15794,"toolCallLatency":"262","cwsprChatTimeToFirstChunk":15794,"cwsprChatTimeBetweenChunks":"","requestId":"740e78f6-392e-4ebb-a909-5bac5043148a","enabled":true,"modelId":"auto"}
2025-12-18 00:06:30.836 [info] [Info  - 12:06:30 AM] [2025-12-17T20:06:30.835Z] lserver: Fixing history: tabId=fislw0
2025-12-18 00:06:33.790 [info] [Info  - 12:06:33 AM] [2025-12-17T20:06:33.788Z] lserver: generateAssistantResponse/SendMessage ResponseMetadata: {
  "httpStatusCode": 200,
  "requestId": "ba8ede21-6af2-4fa6-9362-02b3e0fdb6de",
  "attempts": 1,
  "totalRetryDelay": 0
}
2025-12-18 00:06:39.024 [info] [Info  - 12:06:39 AM] [VSCode Telemetry] Emitting amazonq_interactWithAgenticChat telemetry: {"cwsprChatConversationId":"dad6bc47-5923-48c7-97fe-dd0520b40f58","cwsprChatConversationType":"AgenticChatWithToolUse","credentialStartUrl":"https://view.awsapps.com/start","cwsprAgenticChatInteractionType":"GeneratedDiff","result":"Succeeded","enabled":true}
2025-12-18 00:06:39.024 [info] [Info  - 12:06:39 AM] [VSCode Telemetry] Emitting amazonq_interactWithMessage telemetry: {"cwsprChatMessageId":"tooluse_UWC5lEmORZGK9X0uElN0OA","cwsprChatInteractionType":"agenticCodeAccepted","cwsprChatConversationId":"dad6bc47-5923-48c7-97fe-dd0520b40f58","credentialStartUrl":"https://view.awsapps.com/start","result":"Succeeded"}
2025-12-18 00:06:39.232 [info] [Info  - 12:06:39 AM] [VSCode Telemetry] Emitting amazonq_toolUseSuggested telemetry: {"cwsprChatConversationId":"dad6bc47-5923-48c7-97fe-dd0520b40f58","cwsprChatConversationType":"AgenticChatWithToolUse","credentialStartUrl":"https://view.awsapps.com/start","cwsprToolName":"fsWrite","cwsprToolUseId":"tooluse_UWC5lEmORZGK9X0uElN0OA","perfE2ELatency":223,"result":"Succeeded","languageServerVersion":"1.51.0","enabled":true}
2025-12-18 00:06:39.232 [info] [Info  - 12:06:39 AM] [VSCode Telemetry] Emitting amazonq_invokeLLM telemetry: {"cwsprChatConversationId":"dad6bc47-5923-48c7-97fe-dd0520b40f58","cwsprChatConversationType":"AgenticChatWithToolUse","credentialStartUrl":"https://view.awsapps.com/start","cwsprToolName":"fsWrite","cwsprToolUseId":"tooluse_UWC5lEmORZGK9X0uElN0OA","result":"Succeeded","languageServerVersion":"1.51.0","latency":8170,"toolCallLatency":"223","cwsprChatTimeToFirstChunk":8171,"cwsprChatTimeBetweenChunks":"","requestId":"ba8ede21-6af2-4fa6-9362-02b3e0fdb6de","enabled":true,"modelId":"auto"}
2025-12-18 00:06:39.233 [info] [Info  - 12:06:39 AM] [2025-12-17T20:06:39.231Z] lserver: Fixing history: tabId=fislw0
2025-12-18 00:06:41.310 [info] [Info  - 12:06:41 AM] [2025-12-17T20:06:41.307Z] lserver: generateAssistantResponse/SendMessage ResponseMetadata: {
  "httpStatusCode": 200,
  "requestId": "c310c19c-ce36-4439-907a-d4bb78716976",
  "attempts": 1,
  "totalRetryDelay": 0
}
2025-12-18 00:06:42.951 [info] [Info  - 12:06:42 AM] [VSCode Telemetry] Emitting amazonq_invokeLLM telemetry: {"cwsprChatConversationId":"dad6bc47-5923-48c7-97fe-dd0520b40f58","cwsprChatConversationType":"AgenticChat","credentialStartUrl":"https://view.awsapps.com/start","cwsprToolName":"","cwsprToolUseId":"","result":"Succeeded","languageServerVersion":"1.51.0","latency":3717,"toolCallLatency":"","cwsprChatTimeToFirstChunk":2077,"cwsprChatTimeBetweenChunks":"19,27,30,32,32,32,31,32,31,30,91,5,32,31,31,31,64,32,62,31,31,32,33,30,31,32,31,31,33,32,30,32,31,32,31,32,32,31,32,31,32,31,34,30,30,32,31,84","requestId":"c310c19c-ce36-4439-907a-d4bb78716976","enabled":true,"modelId":"auto"}
2025-12-18 00:06:42.951 [info] [Info  - 12:06:42 AM] [VSCode Telemetry] Emitting amazonq_addMessage telemetry: {"credentialStartUrl":"https://view.awsapps.com/start","cwsprChatConversationId":"dad6bc47-5923-48c7-97fe-dd0520b40f58","cwsprChatHasCodeSnippet":true,"cwsprChatTriggerInteraction":"click","cwsprChatMessageId":"c310c19c-ce36-4439-907a-d4bb78716976","cwsprChatProgrammingLanguage":"yaml","cwsprChatResponseCode":200,"cwsprChatSourceLinkCount":0,"cwsprChatReferencesCount":0,"cwsprChatFollowUpCount":0,"cwsprChatTimeToFirstChunk":3061,"cwsprChatFullResponseLatency":28172,"cwsprChatTimeBetweenChunks":[420,1,1,1,11744,1,1,1,2,1,1,1,1,1,1,51,1,1,1,1,1,1,1,1,1,1,1,1,1,1,1,1,1,1,1,1,1,1,1,1,1,1,1,1,2,1,1,1,1,1,1,1,1,1,2,56,1,1,1,1,1,1,1,1,1,1,1,1,1,1,48,1,1,1,1,1,1,1,1,1,1,1,1,1,1,1,1,1,1,1,1,1,1,1,1,1,1,1,1,1],"cwsprChatRequestLength":82,"cwsprChatResponseLength":492,"cwsprChatConversationType":"AgenticChatWithToolUse","cwsprChatActiveEditorTotalCharacters":2139,"cwsprChatHasContextList":true,"cwsprChatFolderContextCount":0,"cwsprChatFileContextCount":0,"cwsprChatRuleContextCount":0,"cwsprChatPromptContextCount":0,"cwsprChatFileContextLength":0,"cwsprChatRuleContextLength":0,"cwsprChatTotalRuleContextCount":0,"cwsprChatPromptContextLength":0,"cwsprChatFocusFileContextLength":2139,"cwsprChatCodeContextCount":0,"cwsprChatCodeContextLength":0,"cwsprChatPinnedCodeContextCount":0,"cwsprChatPinnedFileContextCount":0,"cwsprChatPinnedFolderContextCount":0,"cwsprChatPinnedPromptContextCount":0,"result":"Succeeded","enabled":true,"languageServerVersion":"1.51.0","requestIds":["740e78f6-392e-4ebb-a909-5bac5043148a","ba8ede21-6af2-4fa6-9362-02b3e0fdb6de","c310c19c-ce36-4439-907a-d4bb78716976"]}
2025-12-18 00:06:57.513 [info] [Info  - 12:06:57 AM] [VSCode Client]  Received {"command":"telemetry/event","params":{"name":"exitFocus"}} from chat
2025-12-18 00:06:57.517 [info] [Info  - 12:06:57 AM] [VSCode Telemetry] Emitting amazonq_exitFocusChat telemetry: {"credentialStartUrl":"https://view.awsapps.com/start","result":"Succeeded"}
2025-12-18 00:09:04.864 [info] [Info  - 12:09:04 AM] [VSCode Client]  Received {"command":"telemetry/event","params":{"name":"enterFocus"}} from chat
2025-12-18 00:09:04.866 [info] [Info  - 12:09:04 AM] [VSCode Telemetry] Emitting amazonq_enterFocusChat telemetry: {"credentialStartUrl":"https://view.awsapps.com/start","result":"Succeeded"}
2025-12-18 00:09:06.953 [info] [Info  - 12:09:06 AM] [VSCode Client]  Received {"command":"telemetry/event","params":{"name":"exitFocus"}} from chat
2025-12-18 00:09:06.958 [info] [Info  - 12:09:06 AM] [VSCode Telemetry] Emitting amazonq_exitFocusChat telemetry: {"credentialStartUrl":"https://view.awsapps.com/start","result":"Succeeded"}
2025-12-18 00:09:07.208 [info] [Info  - 12:09:07 AM] [VSCode Telemetry] Emitting codewhisperer_codePercentage telemetry: {"codewhispererTotalTokens":0,"codewhispererLanguage":"yaml","codewhispererSuggestedTokens":0}
2025-12-18 00:09:07.208 [info] [Info  - 12:09:07 AM] [2025-12-17T20:09:07.206Z] lserver: Invoking SendTelemetryEvent:CodeCoverageEvent with:
            "acceptedCharacterCount": 0
            "totalCharacterCount": 0
            "addedCharacterCount": 0
2025-12-18 00:09:07.858 [info] auth: Connection is valid: 4e6c3a6e-f5d8-43ce-a343-23725b008698
2025-12-18 00:09:07.858 [info] auth: Updating connection state of 4e6c3a6e-f5d8-43ce-a343-23725b008698 to valid
2025-12-18 00:09:09.060 [info] Refreshing indexes...
2025-12-18 00:09:09.209 [info] Refreshing indexes...
2025-12-18 00:09:11.149 [info] Auth: bearer token expired (expires at Thu Dec 18 2025 00:10:09 GMT+0400 (Azerbaijan Standard Time)), attempting refresh the token for (key=4e6c3a6e-f5d8-43ce-a343-23725b008698)
2025-12-18 00:09:12.134 [info] Auth refreshToken: token refresh successful (key=4e6c3a6e-f5d8-43ce-a343-23725b008698, new expiry=Thu Dec 18 2025 01:09:12 GMT+0400 (Azerbaijan Standard Time))
2025-12-18 00:09:12.135 [info] [Info  - 12:09:12 AM] Runtime: Decoding encrypted credentials token
2025-12-18 00:09:12.135 [info] [Info  - 12:09:12 AM] Decoding JWT token
2025-12-18 00:09:12.135 [info] [Info  - 12:09:12 AM] Runtime: Storing Q credentials in bearer
2025-12-18 00:09:12.135 [info] [Info  - 12:09:12 AM] Runtime: Successfully saved bearer credentials
2025-12-18 00:09:12.135 [info] [Info  - 12:09:12 AM] UpdateBearerToken: {"data":"eyJhbGciOiJkaXIiLCJlbmMiOiJBMjU2R0NNIn0..4-vzpKUMvFXMLnqq.-Ru6coOuO3tApQhBl87R1xIDidTsLABohU5uSO8af_3_crtOZNYavKoMBYkdUI-eVJpOce53gNyclfzSb3YMXahRYCkBP0quJgC-nPoLUrsfU_4ljMHSSNCzZIrRXQky02YhJygshNWK6wGrz30PWDrEPyCZPu7EzoFvqjV9CtJxSL88Ay_HDobsl1kMt8ijOspNrdsqZEhKhI3Rpb1JWwe07fZKl0F8C3Elgfsq2YqZoA1_6QqLj6Kp3DcH7r7eTIjduHnY7_McnotiQzg8OL44L353NTVdAGUQLuXikJmVNEFFwaj6AR8BsJBZpJW6vUcuvZogD5PV1u0.ysNrPX9-VFhGPUs1ftzSDg","metadata":{"sso":{"startUrl":"https://view.awsapps.com/start"}},"encrypted":true}
2025-12-18 00:09:12.208 [info] [Info  - 12:09:12 AM] [VSCode Client]  Received {"command":"telemetry/event","params":{"name":"enterFocus"}} from chat
2025-12-18 00:09:12.211 [info] [Info  - 12:09:12 AM] [VSCode Telemetry] Emitting amazonq_enterFocusChat telemetry: {"credentialStartUrl":"https://view.awsapps.com/start","result":"Succeeded"}
2025-12-18 00:09:17.513 [info] [Info  - 12:09:17 AM] [VSCode Client]  Received {"command":"openFileDialog","params":{"tabId":"fislw0","fileType":"image"}} from chat
2025-12-18 00:09:17.552 [info] [Info  - 12:09:17 AM] [VSCode Client]  Received {"command":"telemetry/event","params":{"name":"exitFocus"}} from chat
2025-12-18 00:09:17.554 [info] [Info  - 12:09:17 AM] [VSCode Telemetry] Emitting amazonq_exitFocusChat telemetry: {"credentialStartUrl":"https://view.awsapps.com/start","result":"Succeeded"}
2025-12-18 00:09:19.647 [info] [Info  - 12:09:19 AM] [VSCode Client]  Received {"command":"telemetry/event","params":{"name":"enterFocus"}} from chat
2025-12-18 00:09:19.649 [info] [Info  - 12:09:19 AM] [VSCode Telemetry] Emitting amazonq_enterFocusChat telemetry: {"credentialStartUrl":"https://view.awsapps.com/start","result":"Succeeded"}
2025-12-18 00:09:19.689 [info] [Info  - 12:09:19 AM] [VSCode Client]  Received {"command":"aws/chat/pinnedContextAdd","params":{"tabId":"fislw0","contextCommandGroups":[{"commands":[{"command":"download.png","description":"c:\\Users\\user\\Downloads\\download.png","label":"image","route":["c:\\Users\\user\\Downloads\\download.png"],"icon":"image","id":"download.png"}]}]}} from chat
2025-12-18 00:09:21.803 [info] [Info  - 12:09:21 AM] [VSCode Client]  Received {"command":"openFileDialog","params":{"tabId":"fislw0","fileType":"image"}} from chat
2025-12-18 00:09:21.821 [info] [Info  - 12:09:21 AM] [VSCode Client]  Received {"command":"telemetry/event","params":{"name":"exitFocus"}} from chat
2025-12-18 00:09:21.823 [info] [Info  - 12:09:21 AM] [VSCode Telemetry] Emitting amazonq_exitFocusChat telemetry: {"credentialStartUrl":"https://view.awsapps.com/start","result":"Succeeded"}
2025-12-18 00:09:22.154 [info] telemetry: sent batch (size=20)
2025-12-18 00:09:22.586 [info] telemetry: sent batch (size=20)
2025-12-18 00:09:23.133 [info] telemetry: sent batch (size=5)
2025-12-18 00:09:23.780 [info] [Info  - 12:09:23 AM] [VSCode Client]  Received {"command":"telemetry/event","params":{"name":"enterFocus"}} from chat
2025-12-18 00:09:23.782 [info] [Info  - 12:09:23 AM] [VSCode Telemetry] Emitting amazonq_enterFocusChat telemetry: {"credentialStartUrl":"https://view.awsapps.com/start","result":"Succeeded"}
2025-12-18 00:09:23.825 [info] [Info  - 12:09:23 AM] [VSCode Client]  Received {"command":"aws/chat/pinnedContextAdd","params":{"tabId":"fislw0","contextCommandGroups":[{"commands":[{"command":"hq720.jpg","description":"c:\\Users\\user\\Downloads\\hq720.jpg","label":"image","route":["c:\\Users\\user\\Downloads\\hq720.jpg"],"icon":"image","id":"hq720.jpg"}]}]}} from chat
2025-12-18 00:09:27.804 [info] [Info  - 12:09:27 AM] [VSCode Client]  Received {"command":"aws/chat/pinnedContextRemove","params":{"tabId":"fislw0","contextCommandGroups":[{"commands":[{"command":"Screenshot 2025-12-18 000339.png","description":"c:\\Users\\user\\Downloads\\Screenshot 2025-12-18 000339.png","label":"image","route":["c:\\Users\\user\\Downloads\\Screenshot 2025-12-18 000339.png"],"icon":"image","id":"Screenshot 2025-12-18 000339.png","disabled":false}]}]}} from chat
2025-12-18 00:10:04.677 [info] [Info  - 12:10:04 AM] [VSCode Client]  Received {"command":"aws/chat/pinnedContextRemove","params":{"tabId":"fislw0","contextCommandGroups":[{"commands":[{"command":"download.png","description":"c:\\Users\\user\\Downloads\\download.png","label":"image","route":["c:\\Users\\user\\Downloads\\download.png"],"icon":"image","id":"download.png","disabled":false}]}]}} from chat
2025-12-18 00:10:10.857 [info] [Info  - 12:10:10 AM] [VSCode Client]  Received {"command":"openFileDialog","params":{"tabId":"fislw0","fileType":"image"}} from chat
2025-12-18 00:10:10.874 [info] [Info  - 12:10:10 AM] [VSCode Client]  Received {"command":"telemetry/event","params":{"name":"exitFocus"}} from chat
2025-12-18 00:10:10.878 [info] [Info  - 12:10:10 AM] [VSCode Telemetry] Emitting amazonq_exitFocusChat telemetry: {"credentialStartUrl":"https://view.awsapps.com/start","result":"Succeeded"}
2025-12-18 00:10:13.075 [info] [Info  - 12:10:13 AM] [VSCode Client]  Received {"command":"telemetry/event","params":{"name":"enterFocus"}} from chat
2025-12-18 00:10:13.076 [info] [Info  - 12:10:13 AM] [VSCode Telemetry] Emitting amazonq_enterFocusChat telemetry: {"credentialStartUrl":"https://view.awsapps.com/start","result":"Succeeded"}
2025-12-18 00:10:13.127 [info] [Info  - 12:10:13 AM] [VSCode Client]  Received {"command":"aws/chat/pinnedContextAdd","params":{"tabId":"fislw0","contextCommandGroups":[{"commands":[{"command":"download.png","description":"c:\\Users\\user\\Downloads\\download.png","label":"image","route":["c:\\Users\\user\\Downloads\\download.png"],"icon":"image","id":"download.png"}]}]}} from chat
2025-12-18 00:10:14.298 [info] [Info  - 12:10:14 AM] [VSCode Client]  Received {"command":"telemetry/event","params":{"name":"exitFocus"}} from chat
2025-12-18 00:10:14.299 [info] [Info  - 12:10:14 AM] [VSCode Telemetry] Emitting amazonq_exitFocusChat telemetry: {"credentialStartUrl":"https://view.awsapps.com/start","result":"Succeeded"}
2025-12-18 00:10:19.618 [info] [Info  - 12:10:19 AM] [VSCode Client]  Received {"command":"telemetry/event","params":{"name":"enterFocus"}} from chat
2025-12-18 00:10:19.621 [info] [Info  - 12:10:19 AM] [VSCode Telemetry] Emitting amazonq_enterFocusChat telemetry: {"credentialStartUrl":"https://view.awsapps.com/start","result":"Succeeded"}
2025-12-18 00:10:52.482 [info] [Info  - 12:10:52 AM] [VSCode Client]  Received {"command":"stopChatResponse","params":{"tabId":"fislw0"}} from chat
2025-12-18 00:10:52.483 [info] [Info  - 12:10:52 AM] [VSCode Client]  Received {"command":"aws/chat/sendChatPrompt","params":{"prompt":{"prompt":"Make the home page like this \n\ni also added my picture (name is download , by the way make it round )\n\ndo not  change the colour of the main page","escapedPrompt":"Make the home page like this \n\ni also added my picture (name is download , by the way make it round )\n\ndo not  change the colour of the main page","context":[],"options":{"pair-programmer-mode":"true","model-selection":"auto"}},"tabId":"fislw0","context":[]}} from chat
2025-12-18 00:10:52.483 [info] [Info  - 12:10:52 AM] [VSCode Client]  Received {"command":"telemetry/event","params":{"triggerType":"click","tabId":"fislw0","name":"addMessage"}} from chat
2025-12-18 00:10:52.489 [info] [Info  - 12:10:52 AM] [2025-12-17T20:10:52.487Z] lserver: remote workspaceId: undefined
2025-12-18 00:10:52.489 [info] [Info  - 12:10:52 AM] [2025-12-17T20:10:52.487Z] lserver: System Information: {"languageServerVersion":"1.51.0","clientName":"Visual Studio Code","clientVersion":"1.105.1","OS":"win32","OSVersion":"10.0.26200","ComputeEnv":"unknown","extensionVersion":"1.106.0"}
2025-12-18 00:10:52.489 [info] [Info  - 12:10:52 AM] [2025-12-17T20:10:52.487Z] lserver: Fixing history: tabId=fislw0
2025-12-18 00:10:55.700 [info] [Info  - 12:10:55 AM] [2025-12-17T20:10:55.697Z] lserver: generateAssistantResponse/SendMessage ResponseMetadata: {
  "httpStatusCode": 200,
  "requestId": "6263642e-deda-4272-8b84-3b5fc576d5ec",
  "attempts": 1,
  "totalRetryDelay": 0
}
2025-12-18 00:10:56.313 [info] [Info  - 12:10:56 AM] [2025-12-17T20:10:56.312Z] lserver: Reading directory: c:\Users\user\Desktop\Project_3 to max depth: unlimited
2025-12-18 00:10:56.319 [info] [Info  - 12:10:56 AM] [VSCode Telemetry] Emitting amazonq_toolUseSuggested telemetry: {"cwsprChatConversationId":"dad6bc47-5923-48c7-97fe-dd0520b40f58","cwsprChatConversationType":"AgenticChatWithToolUse","credentialStartUrl":"https://view.awsapps.com/start","cwsprToolName":"fileSearch","cwsprToolUseId":"tooluse_x40oPBidSLivu2vpc07Axg","perfE2ELatency":5,"result":"Succeeded","languageServerVersion":"1.51.0","enabled":true}
2025-12-18 00:10:56.319 [info] [Info  - 12:10:56 AM] [VSCode Telemetry] Emitting amazonq_invokeLLM telemetry: {"cwsprChatConversationId":"dad6bc47-5923-48c7-97fe-dd0520b40f58","cwsprChatConversationType":"AgenticChatWithToolUse","credentialStartUrl":"https://view.awsapps.com/start","cwsprToolName":"fileSearch","cwsprToolUseId":"tooluse_x40oPBidSLivu2vpc07Axg","result":"Succeeded","languageServerVersion":"1.51.0","latency":3823,"toolCallLatency":"6","cwsprChatTimeToFirstChunk":3823,"cwsprChatTimeBetweenChunks":"","requestId":"6263642e-deda-4272-8b84-3b5fc576d5ec","enabled":true,"modelId":"auto"}
2025-12-18 00:10:56.319 [info] [Info  - 12:10:56 AM] [2025-12-17T20:10:56.318Z] lserver: Fixing history: tabId=fislw0
2025-12-18 00:10:59.436 [info] [Info  - 12:10:59 AM] [2025-12-17T20:10:59.434Z] lserver: generateAssistantResponse/SendMessage ResponseMetadata: {
  "httpStatusCode": 200,
  "requestId": "ccc2616e-7916-4341-acbc-d1329187e0d5",
  "attempts": 1,
  "totalRetryDelay": 0
}
2025-12-18 00:10:59.843 [info] [Info  - 12:10:59 AM] [2025-12-17T20:10:59.842Z] lserver: Reading directory in tree like format: c:\Users\user\Desktop\Project_3\assets\images to max depth: unlimited
2025-12-18 00:10:59.846 [info] [Info  - 12:10:59 AM] [VSCode Telemetry] Emitting amazonq_toolUseSuggested telemetry: {"cwsprChatConversationId":"dad6bc47-5923-48c7-97fe-dd0520b40f58","cwsprChatConversationType":"AgenticChatWithToolUse","credentialStartUrl":"https://view.awsapps.com/start","cwsprToolName":"listDirectory","cwsprToolUseId":"tooluse__s2ANHl3RmCy1RQhbnUc4w","perfE2ELatency":2,"result":"Succeeded","languageServerVersion":"1.51.0","enabled":true}
2025-12-18 00:10:59.846 [info] [Info  - 12:10:59 AM] [VSCode Telemetry] Emitting amazonq_invokeLLM telemetry: {"cwsprChatConversationId":"dad6bc47-5923-48c7-97fe-dd0520b40f58","cwsprChatConversationType":"AgenticChatWithToolUse","credentialStartUrl":"https://view.awsapps.com/start","cwsprToolName":"listDirectory","cwsprToolUseId":"tooluse__s2ANHl3RmCy1RQhbnUc4w","result":"Succeeded","languageServerVersion":"1.51.0","latency":3522,"toolCallLatency":"2","cwsprChatTimeToFirstChunk":3523,"cwsprChatTimeBetweenChunks":"","requestId":"ccc2616e-7916-4341-acbc-d1329187e0d5","enabled":true,"modelId":"auto"}
2025-12-18 00:10:59.847 [info] [Info  - 12:10:59 AM] [2025-12-17T20:10:59.845Z] lserver: Fixing history: tabId=fislw0
2025-12-18 00:11:02.773 [info] [Info  - 12:11:02 AM] [2025-12-17T20:11:02.770Z] lserver: generateAssistantResponse/SendMessage ResponseMetadata: {
  "httpStatusCode": 200,
  "requestId": "89ef68ed-d2ad-4657-a586-aa820fc76e8d",
  "attempts": 1,
  "totalRetryDelay": 0
}
2025-12-18 00:11:08.913 [info] [Info  - 12:11:08 AM] [VSCode Telemetry] Emitting amazonq_interactWithAgenticChat telemetry: {"cwsprChatConversationId":"dad6bc47-5923-48c7-97fe-dd0520b40f58","cwsprChatConversationType":"AgenticChatWithToolUse","credentialStartUrl":"https://view.awsapps.com/start","cwsprAgenticChatInteractionType":"GeneratedDiff","result":"Succeeded","enabled":true}
2025-12-18 00:11:08.913 [info] [Info  - 12:11:08 AM] [VSCode Telemetry] Emitting amazonq_interactWithMessage telemetry: {"cwsprChatMessageId":"tooluse_r5K1c0R1QiGSw1eLOyfFJg","cwsprChatInteractionType":"agenticCodeAccepted","cwsprChatConversationId":"dad6bc47-5923-48c7-97fe-dd0520b40f58","credentialStartUrl":"https://view.awsapps.com/start","result":"Succeeded"}
2025-12-18 00:11:09.193 [info] [Info  - 12:11:09 AM] [VSCode Telemetry] Emitting amazonq_toolUseSuggested telemetry: {"cwsprChatConversationId":"dad6bc47-5923-48c7-97fe-dd0520b40f58","cwsprChatConversationType":"AgenticChatWithToolUse","credentialStartUrl":"https://view.awsapps.com/start","cwsprToolName":"fsReplace","cwsprToolUseId":"tooluse_r5K1c0R1QiGSw1eLOyfFJg","perfE2ELatency":302,"result":"Succeeded","languageServerVersion":"1.51.0","enabled":true}
2025-12-18 00:11:09.193 [info] [Info  - 12:11:09 AM] [VSCode Telemetry] Emitting amazonq_invokeLLM telemetry: {"cwsprChatConversationId":"dad6bc47-5923-48c7-97fe-dd0520b40f58","cwsprChatConversationType":"AgenticChatWithToolUse","credentialStartUrl":"https://view.awsapps.com/start","cwsprToolName":"fsReplace","cwsprToolUseId":"tooluse_r5K1c0R1QiGSw1eLOyfFJg","result":"Succeeded","languageServerVersion":"1.51.0","latency":9042,"toolCallLatency":"303","cwsprChatTimeToFirstChunk":9042,"cwsprChatTimeBetweenChunks":"","requestId":"89ef68ed-d2ad-4657-a586-aa820fc76e8d","enabled":true,"modelId":"auto"}
2025-12-18 00:11:09.193 [info] [Info  - 12:11:09 AM] [2025-12-17T20:11:09.192Z] lserver: Fixing history: tabId=fislw0
2025-12-18 00:11:12.339 [info] [Info  - 12:11:12 AM] [VSCode Client]  Received {"command":"telemetry/event","params":{"name":"exitFocus"}} from chat
2025-12-18 00:11:12.342 [info] [Info  - 12:11:12 AM] [VSCode Telemetry] Emitting amazonq_exitFocusChat telemetry: {"credentialStartUrl":"https://view.awsapps.com/start","result":"Succeeded"}
2025-12-18 00:11:12.913 [info] [Info  - 12:11:12 AM] [2025-12-17T20:11:12.912Z] lserver: generateAssistantResponse/SendMessage ResponseMetadata: {
  "httpStatusCode": 200,
  "requestId": "e15a7051-64a0-43eb-9158-2c2b2cf36d98",
  "attempts": 1,
  "totalRetryDelay": 0
}
2025-12-18 00:11:21.876 [info] [Error - 12:11:21 AM] [2025-12-17T20:11:21.875Z] lserver: Unable to load from c:\Users\user\Desktop\Project_3\assets\css\hero.css: Error: ENOENT: no such file or directory, open 'c:\Users\user\Desktop\Project_3\assets\css\hero.css'
2025-12-18 00:11:21.899 [info] [Info  - 12:11:21 AM] [VSCode Telemetry] Emitting amazonq_interactWithAgenticChat telemetry: {"cwsprChatConversationId":"dad6bc47-5923-48c7-97fe-dd0520b40f58","cwsprChatConversationType":"AgenticChatWithToolUse","credentialStartUrl":"https://view.awsapps.com/start","cwsprAgenticChatInteractionType":"GeneratedDiff","result":"Succeeded","enabled":true}
2025-12-18 00:11:21.899 [info] [Info  - 12:11:21 AM] [VSCode Telemetry] Emitting amazonq_interactWithMessage telemetry: {"cwsprChatMessageId":"tooluse_4VXcALZaRwKtpnhVv3AAxA","cwsprChatInteractionType":"agenticCodeAccepted","cwsprChatConversationId":"dad6bc47-5923-48c7-97fe-dd0520b40f58","credentialStartUrl":"https://view.awsapps.com/start","result":"Succeeded"}
2025-12-18 00:11:22.152 [info] [Info  - 12:11:22 AM] [VSCode Telemetry] Emitting amazonq_toolUseSuggested telemetry: {"cwsprChatConversationId":"dad6bc47-5923-48c7-97fe-dd0520b40f58","cwsprChatConversationType":"AgenticChatWithToolUse","credentialStartUrl":"https://view.awsapps.com/start","cwsprToolName":"fsWrite","cwsprToolUseId":"tooluse_4VXcALZaRwKtpnhVv3AAxA","perfE2ELatency":276,"result":"Succeeded","languageServerVersion":"1.51.0","enabled":true}
2025-12-18 00:11:22.152 [info] [Info  - 12:11:22 AM] [VSCode Telemetry] Emitting amazonq_invokeLLM telemetry: {"cwsprChatConversationId":"dad6bc47-5923-48c7-97fe-dd0520b40f58","cwsprChatConversationType":"AgenticChatWithToolUse","credentialStartUrl":"https://view.awsapps.com/start","cwsprToolName":"fsWrite","cwsprToolUseId":"tooluse_4VXcALZaRwKtpnhVv3AAxA","result":"Succeeded","languageServerVersion":"1.51.0","latency":12681,"toolCallLatency":"276","cwsprChatTimeToFirstChunk":12681,"cwsprChatTimeBetweenChunks":"","requestId":"e15a7051-64a0-43eb-9158-2c2b2cf36d98","enabled":true,"modelId":"auto"}
2025-12-18 00:11:22.152 [info] [Info  - 12:11:22 AM] [2025-12-17T20:11:22.151Z] lserver: Fixing history: tabId=fislw0
2025-12-18 00:11:25.454 [info] [Info  - 12:11:25 AM] [2025-12-17T20:11:25.452Z] lserver: generateAssistantResponse/SendMessage ResponseMetadata: {
  "httpStatusCode": 200,
  "requestId": "f2fd162f-2819-40e2-9f9c-60bbd4583e15",
  "attempts": 1,
  "totalRetryDelay": 0
}
2025-12-18 00:11:25.956 [info] [Info  - 12:11:25 AM] [VSCode Client]  Received {"command":"telemetry/event","params":{"name":"enterFocus"}} from chat
2025-12-18 00:11:25.968 [info] [Info  - 12:11:25 AM] [VSCode Telemetry] Emitting amazonq_enterFocusChat telemetry: {"credentialStartUrl":"https://view.awsapps.com/start","result":"Succeeded"}
2025-12-18 00:11:28.127 [info] [Info  - 12:11:28 AM] [VSCode Telemetry] Emitting amazonq_interactWithAgenticChat telemetry: {"cwsprChatConversationId":"dad6bc47-5923-48c7-97fe-dd0520b40f58","cwsprChatConversationType":"AgenticChatWithToolUse","credentialStartUrl":"https://view.awsapps.com/start","cwsprAgenticChatInteractionType":"GeneratedDiff","result":"Succeeded","enabled":true}
2025-12-18 00:11:28.127 [info] [Info  - 12:11:28 AM] [VSCode Telemetry] Emitting amazonq_interactWithMessage telemetry: {"cwsprChatMessageId":"tooluse_Hx8wkBCKTmiEFy2ghUROnw","cwsprChatInteractionType":"agenticCodeAccepted","cwsprChatConversationId":"dad6bc47-5923-48c7-97fe-dd0520b40f58","credentialStartUrl":"https://view.awsapps.com/start","result":"Succeeded"}
2025-12-18 00:11:28.488 [info] [Info  - 12:11:28 AM] [VSCode Telemetry] Emitting amazonq_toolUseSuggested telemetry: {"cwsprChatConversationId":"dad6bc47-5923-48c7-97fe-dd0520b40f58","cwsprChatConversationType":"AgenticChatWithToolUse","credentialStartUrl":"https://view.awsapps.com/start","cwsprToolName":"fsReplace","cwsprToolUseId":"tooluse_Hx8wkBCKTmiEFy2ghUROnw","perfE2ELatency":275,"result":"Succeeded","languageServerVersion":"1.51.0","enabled":true}
2025-12-18 00:11:28.488 [info] [Info  - 12:11:28 AM] [VSCode Telemetry] Emitting amazonq_invokeLLM telemetry: {"cwsprChatConversationId":"dad6bc47-5923-48c7-97fe-dd0520b40f58","cwsprChatConversationType":"AgenticChatWithToolUse","credentialStartUrl":"https://view.awsapps.com/start","cwsprToolName":"fsReplace","cwsprToolUseId":"tooluse_Hx8wkBCKTmiEFy2ghUROnw","result":"Succeeded","languageServerVersion":"1.51.0","latency":5954,"toolCallLatency":"275","cwsprChatTimeToFirstChunk":5954,"cwsprChatTimeBetweenChunks":"","requestId":"f2fd162f-2819-40e2-9f9c-60bbd4583e15","enabled":true,"modelId":"auto"}
2025-12-18 00:11:28.488 [info] [Info  - 12:11:28 AM] [2025-12-17T20:11:28.381Z] lserver: Fixing history: tabId=fislw0
2025-12-18 00:11:31.309 [info] [Info  - 12:11:31 AM] [2025-12-17T20:11:31.307Z] lserver: generateAssistantResponse/SendMessage ResponseMetadata: {
  "httpStatusCode": 200,
  "requestId": "6c1bb4bc-365d-4d31-8805-996b605f1433",
  "attempts": 1,
  "totalRetryDelay": 0
}
2025-12-18 00:11:31.388 [info] [Info  - 12:11:31 AM] [VSCode Client]  Received {"command":"telemetry/event","params":{"name":"exitFocus"}} from chat
2025-12-18 00:11:31.390 [info] [Info  - 12:11:31 AM] [VSCode Telemetry] Emitting amazonq_exitFocusChat telemetry: {"credentialStartUrl":"https://view.awsapps.com/start","result":"Succeeded"}
2025-12-18 00:11:34.046 [info] [Info  - 12:11:34 AM] [VSCode Telemetry] Emitting amazonq_invokeLLM telemetry: {"cwsprChatConversationId":"dad6bc47-5923-48c7-97fe-dd0520b40f58","cwsprChatConversationType":"AgenticChat","credentialStartUrl":"https://view.awsapps.com/start","cwsprToolName":"","cwsprToolUseId":"","result":"Succeeded","languageServerVersion":"1.51.0","latency":5557,"toolCallLatency":"","cwsprChatTimeToFirstChunk":2821,"cwsprChatTimeBetweenChunks":"14,32,289,0,1,0,0,0,0,0,0,27,35,29,31,35,29,31,287,1,1,0,1,0,1,0,14,36,29,31,34,31,29,30,15,33,32,32,32,30,33,30,33,32,42,27,66,29,32,35,29,35,284,1,0,1,0,0,0,1,0,29,523,12,3,1,1,1,1,0,1,1,200,0,1,0,0,0,0,0,0,0,0,0","requestId":"6c1bb4bc-365d-4d31-8805-996b605f1433","enabled":true,"modelId":"auto"}
2025-12-18 00:11:34.047 [info] [Info  - 12:11:34 AM] [VSCode Telemetry] Emitting amazonq_addMessage telemetry: {"credentialStartUrl":"https://view.awsapps.com/start","cwsprChatConversationId":"dad6bc47-5923-48c7-97fe-dd0520b40f58","cwsprChatHasCodeSnippet":true,"cwsprChatTriggerInteraction":"click","cwsprChatMessageId":"6c1bb4bc-365d-4d31-8805-996b605f1433","cwsprChatProgrammingLanguage":"yaml","cwsprChatResponseCode":200,"cwsprChatSourceLinkCount":0,"cwsprChatReferencesCount":0,"cwsprChatFollowUpCount":0,"cwsprChatTimeToFirstChunk":3213,"cwsprChatFullResponseLatency":41557,"cwsprChatTimeBetweenChunks":[505,96,1,6,1766002259435,363,36,1,1,1,2,1766002262771,5271,1,211,1,4,1,220,5,1,1,21,1,1,6,1,253,1,1,1,1,1,1,1,1,107,1,1766002272912,11,1,8204,1,211,2,1,58,2,13,3,3,1,1,126,1,1,1,1,1,1,55,257,1,1,1,1,1,1766002285453,1438,1,1,1,212,1,2,784,1,1,1,1,1,1,203,1,1766002291308,14,32,289,1,27,35,29,31,35,29,31,287,1,1,1],"cwsprChatRequestLength":145,"cwsprChatResponseLength":771,"cwsprChatConversationType":"AgenticChatWithToolUse","cwsprChatActiveEditorTotalCharacters":2139,"cwsprChatHasContextList":true,"cwsprChatFolderContextCount":0,"cwsprChatFileContextCount":0,"cwsprChatRuleContextCount":0,"cwsprChatPromptContextCount":0,"cwsprChatFileContextLength":0,"cwsprChatRuleContextLength":0,"cwsprChatTotalRuleContextCount":0,"cwsprChatPromptContextLength":0,"cwsprChatFocusFileContextLength":2139,"cwsprChatCodeContextCount":0,"cwsprChatCodeContextLength":0,"cwsprChatPinnedCodeContextCount":0,"cwsprChatPinnedFileContextCount":0,"cwsprChatPinnedFolderContextCount":0,"cwsprChatPinnedPromptContextCount":0,"result":"Succeeded","enabled":true,"languageServerVersion":"1.51.0","requestIds":["6263642e-deda-4272-8b84-3b5fc576d5ec","ccc2616e-7916-4341-acbc-d1329187e0d5","89ef68ed-d2ad-4657-a586-aa820fc76e8d","e15a7051-64a0-43eb-9158-2c2b2cf36d98","f2fd162f-2819-40e2-9f9c-60bbd4583e15","6c1bb4bc-365d-4d31-8805-996b605f1433"]}
2025-12-18 00:14:07.221 [info] [Info  - 12:14:07 AM] [VSCode Telemetry] Emitting codewhisperer_codePercentage telemetry: {"codewhispererTotalTokens":0,"codewhispererLanguage":"yaml","codewhispererSuggestedTokens":0}
2025-12-18 00:14:07.222 [info] [Info  - 12:14:07 AM] [2025-12-17T20:14:07.214Z] lserver: Invoking SendTelemetryEvent:CodeCoverageEvent with:
            "acceptedCharacterCount": 0
            "totalCharacterCount": 0
            "addedCharacterCount": 0
2025-12-18 00:14:23.865 [info] telemetry: sent batch (size=20)
2025-12-18 00:14:24.240 [info] telemetry: sent batch (size=8)
2025-12-18 00:14:47.447 [info] [Info  - 12:14:47 AM] [VSCode Client]  Received {"command":"telemetry/event","params":{"name":"enterFocus"}} from chat
2025-12-18 00:14:47.451 [info] [Info  - 12:14:47 AM] [VSCode Telemetry] Emitting amazonq_enterFocusChat telemetry: {"credentialStartUrl":"https://view.awsapps.com/start","result":"Succeeded"}
2025-12-18 00:14:50.671 [info] [Info  - 12:14:50 AM] [VSCode Client]  Received {"command":"stopChatResponse","params":{"tabId":"fislw0"}} from chat
2025-12-18 00:14:50.671 [info] [Info  - 12:14:50 AM] [VSCode Client]  Received {"command":"aws/chat/sendChatPrompt","params":{"prompt":{"prompt":"i added image","escapedPrompt":"i added image","context":[],"options":{"pair-programmer-mode":"true","model-selection":"auto"}},"tabId":"fislw0","context":[]}} from chat
2025-12-18 00:14:50.671 [info] [Info  - 12:14:50 AM] [VSCode Client]  Received {"command":"telemetry/event","params":{"triggerType":"click","tabId":"fislw0","name":"addMessage"}} from chat
2025-12-18 00:14:50.673 [info] [Error - 12:14:50 AM] [2025-12-17T20:14:50.673Z] lserver: Failed to read image file: Error: ENOENT: no such file or directory, open 'c:\Users\user\Downloads\download.png'
2025-12-18 00:14:50.674 [info] [Error - 12:14:50 AM] [2025-12-17T20:14:50.673Z] lserver: Failed to read image file: Error: ENOENT: no such file or directory, open 'c:\Users\user\Downloads\hq720.jpg'
2025-12-18 00:14:50.674 [info] [Info  - 12:14:50 AM] [2025-12-17T20:14:50.673Z] lserver: remote workspaceId: undefined
2025-12-18 00:14:50.674 [info] [Info  - 12:14:50 AM] [2025-12-17T20:14:50.673Z] lserver: System Information: {"languageServerVersion":"1.51.0","clientName":"Visual Studio Code","clientVersion":"1.105.1","OS":"win32","OSVersion":"10.0.26200","ComputeEnv":"unknown","extensionVersion":"1.106.0"}
2025-12-18 00:14:50.674 [info] [Info  - 12:14:50 AM] [2025-12-17T20:14:50.673Z] lserver: Fixing history: tabId=fislw0
2025-12-18 00:14:53.842 [info] [Info  - 12:14:53 AM] [2025-12-17T20:14:53.841Z] lserver: generateAssistantResponse/SendMessage ResponseMetadata: {
  "httpStatusCode": 200,
  "requestId": "821f5acf-05f6-4ff6-9d47-c4542358464f",
  "attempts": 1,
  "totalRetryDelay": 0
}
2025-12-18 00:14:56.713 [info] [Info  - 12:14:56 AM] [VSCode Telemetry] Emitting amazonq_invokeLLM telemetry: {"cwsprChatConversationId":"dad6bc47-5923-48c7-97fe-dd0520b40f58","cwsprChatConversationType":"AgenticChat","credentialStartUrl":"https://view.awsapps.com/start","cwsprToolName":"","cwsprToolUseId":"","result":"Succeeded","languageServerVersion":"1.51.0","latency":6034,"toolCallLatency":"","cwsprChatTimeToFirstChunk":3423,"cwsprChatTimeBetweenChunks":"1,1,1,0,1,1,202,0,0,0,0,0,0,1,0,19,32,665,2,0,1,1,1,0,1,0,0,0,1,0,0,0,0,0,1,43,1,0,114,0,1,0,40,97,0,0,111,1,0,0,15,36,27,71,73,1,603,1,0,1,0,0,0,1,0,0,0,0,0,1,0,72,0,0,0,0,0,132,0,0,1,0,25,100,0,0,109,2","requestId":"821f5acf-05f6-4ff6-9d47-c4542358464f","enabled":true,"modelId":"auto"}
2025-12-18 00:14:56.713 [info] [Info  - 12:14:56 AM] [VSCode Telemetry] Emitting amazonq_addMessage telemetry: {"credentialStartUrl":"https://view.awsapps.com/start","cwsprChatConversationId":"dad6bc47-5923-48c7-97fe-dd0520b40f58","cwsprChatHasCodeSnippet":true,"cwsprChatTriggerInteraction":"click","cwsprChatMessageId":"821f5acf-05f6-4ff6-9d47-c4542358464f","cwsprChatResponseCode":200,"cwsprChatSourceLinkCount":0,"cwsprChatReferencesCount":0,"cwsprChatFollowUpCount":0,"cwsprChatTimeToFirstChunk":3424,"cwsprChatFullResponseLatency":6035,"cwsprChatTimeBetweenChunks":[1,1,1,1,1,202,1,19,32,664,1,1,1,1,1,1,1,43,1,114,1,40,97,111,1,15,36,27,71,73,1,603,1,1,1,1,72,132,1,25,100,109],"cwsprChatRequestLength":13,"cwsprChatResponseLength":752,"cwsprChatConversationType":"AgenticChat","cwsprChatActiveEditorTotalCharacters":7210,"cwsprChatHasContextList":true,"cwsprChatFolderContextCount":0,"cwsprChatFileContextCount":0,"cwsprChatRuleContextCount":0,"cwsprChatPromptContextCount":0,"cwsprChatFileContextLength":0,"cwsprChatRuleContextLength":0,"cwsprChatTotalRuleContextCount":0,"cwsprChatPromptContextLength":0,"cwsprChatFocusFileContextLength":7210,"cwsprChatCodeContextCount":0,"cwsprChatCodeContextLength":0,"cwsprChatPinnedCodeContextCount":0,"cwsprChatPinnedFileContextCount":0,"cwsprChatPinnedFolderContextCount":0,"cwsprChatPinnedPromptContextCount":0,"result":"Succeeded","enabled":true,"languageServerVersion":"1.51.0","requestIds":["821f5acf-05f6-4ff6-9d47-c4542358464f"]}
2025-12-18 00:15:08.721 [info] [Info  - 12:15:08 AM] [VSCode Client]  Received {"command":"telemetry/event","params":{"name":"exitFocus"}} from chat
2025-12-18 00:15:08.724 [info] [Info  - 12:15:08 AM] [VSCode Telemetry] Emitting amazonq_exitFocusChat telemetry: {"credentialStartUrl":"https://view.awsapps.com/start","result":"Succeeded"}
2025-12-18 00:15:12.256 [info] [Info  - 12:15:12 AM] [VSCode Client]  Received {"command":"telemetry/event","params":{"name":"enterFocus"}} from chat
2025-12-18 00:15:12.258 [info] [Info  - 12:15:12 AM] [VSCode Telemetry] Emitting amazonq_enterFocusChat telemetry: {"credentialStartUrl":"https://view.awsapps.com/start","result":"Succeeded"}
2025-12-18 00:15:13.821 [info] [Info  - 12:15:13 AM] [VSCode Client]  Received {"command":"telemetry/event","params":{"name":"exitFocus"}} from chat
2025-12-18 00:15:13.823 [info] [Info  - 12:15:13 AM] [VSCode Telemetry] Emitting amazonq_exitFocusChat telemetry: {"credentialStartUrl":"https://view.awsapps.com/start","result":"Succeeded"}
2025-12-18 00:15:17.739 [info] [Info  - 12:15:17 AM] [VSCode Client]  Received {"command":"telemetry/event","params":{"name":"enterFocus"}} from chat
2025-12-18 00:15:17.741 [info] [Info  - 12:15:17 AM] [VSCode Telemetry] Emitting amazonq_enterFocusChat telemetry: {"credentialStartUrl":"https://view.awsapps.com/start","result":"Succeeded"}
2025-12-18 00:15:27.698 [info] [Info  - 12:15:27 AM] [VSCode Client]  Received {"command":"telemetry/event","params":{"name":"exitFocus"}} from chat
2025-12-18 00:15:27.699 [info] [Info  - 12:15:27 AM] [VSCode Telemetry] Emitting amazonq_exitFocusChat telemetry: {"credentialStartUrl":"https://view.awsapps.com/start","result":"Succeeded"}
2025-12-18 00:15:30.873 [info] [Info  - 12:15:30 AM] [VSCode Client]  Received {"command":"telemetry/event","params":{"name":"enterFocus"}} from chat
2025-12-18 00:15:30.878 [info] [Info  - 12:15:30 AM] [VSCode Telemetry] Emitting amazonq_enterFocusChat telemetry: {"credentialStartUrl":"https://view.awsapps.com/start","result":"Succeeded"}
2025-12-18 00:15:31.507 [info] [Info  - 12:15:31 AM] [VSCode Client]  Received {"command":"stopChatResponse","params":{"tabId":"fislw0"}} from chat
2025-12-18 00:15:31.507 [info] [Info  - 12:15:31 AM] [VSCode Client]  Received {"command":"aws/chat/sendChatPrompt","params":{"prompt":{"prompt":"no it is not working at all","escapedPrompt":"no it is not working at all","context":[],"options":{"pair-programmer-mode":"true","model-selection":"auto"}},"tabId":"fislw0","context":[]}} from chat
2025-12-18 00:15:31.507 [info] [Info  - 12:15:31 AM] [VSCode Client]  Received {"command":"telemetry/event","params":{"triggerType":"click","tabId":"fislw0","name":"addMessage"}} from chat
2025-12-18 00:15:31.509 [info] [Error - 12:15:31 AM] [2025-12-17T20:15:31.508Z] lserver: Failed to read image file: Error: ENOENT: no such file or directory, open 'c:\Users\user\Downloads\download.png'
2025-12-18 00:15:31.510 [info] [Error - 12:15:31 AM] [2025-12-17T20:15:31.509Z] lserver: Failed to read image file: Error: ENOENT: no such file or directory, open 'c:\Users\user\Downloads\hq720.jpg'
2025-12-18 00:15:31.510 [info] [Info  - 12:15:31 AM] [2025-12-17T20:15:31.509Z] lserver: remote workspaceId: undefined
2025-12-18 00:15:31.510 [info] [Info  - 12:15:31 AM] [2025-12-17T20:15:31.509Z] lserver: System Information: {"languageServerVersion":"1.51.0","clientName":"Visual Studio Code","clientVersion":"1.105.1","OS":"win32","OSVersion":"10.0.26200","ComputeEnv":"unknown","extensionVersion":"1.106.0"}
2025-12-18 00:15:31.510 [info] [Info  - 12:15:31 AM] [2025-12-17T20:15:31.509Z] lserver: Fixing history: tabId=fislw0
2025-12-18 00:15:34.195 [info] [Info  - 12:15:34 AM] [VSCode Client]  Received {"command":"telemetry/event","params":{"name":"exitFocus"}} from chat
2025-12-18 00:15:34.197 [info] [Info  - 12:15:34 AM] [VSCode Telemetry] Emitting amazonq_exitFocusChat telemetry: {"credentialStartUrl":"https://view.awsapps.com/start","result":"Succeeded"}
2025-12-18 00:15:34.597 [info] [Info  - 12:15:34 AM] [2025-12-17T20:15:34.597Z] lserver: generateAssistantResponse/SendMessage ResponseMetadata: {
  "httpStatusCode": 200,
  "requestId": "fcba6dc1-1e76-4825-97c0-455df3c54f3a",
  "attempts": 1,
  "totalRetryDelay": 0
}
2025-12-18 00:15:35.259 [info] [Info  - 12:15:35 AM] [2025-12-17T20:15:35.259Z] lserver: Reading directory in tree like format: c:\Users\user\Desktop\Project_3\assets\images to max depth: unlimited
2025-12-18 00:15:35.264 [info] [Info  - 12:15:35 AM] [VSCode Telemetry] Emitting amazonq_toolUseSuggested telemetry: {"cwsprChatConversationId":"dad6bc47-5923-48c7-97fe-dd0520b40f58","cwsprChatConversationType":"AgenticChatWithToolUse","credentialStartUrl":"https://view.awsapps.com/start","cwsprToolName":"listDirectory","cwsprToolUseId":"tooluse_nq586h0mRVC4xJnUzmbXZA","perfE2ELatency":3,"result":"Succeeded","languageServerVersion":"1.51.0","enabled":true}
2025-12-18 00:15:35.264 [info] [Info  - 12:15:35 AM] [VSCode Telemetry] Emitting amazonq_invokeLLM telemetry: {"cwsprChatConversationId":"dad6bc47-5923-48c7-97fe-dd0520b40f58","cwsprChatConversationType":"AgenticChatWithToolUse","credentialStartUrl":"https://view.awsapps.com/start","cwsprToolName":"listDirectory","cwsprToolUseId":"tooluse_nq586h0mRVC4xJnUzmbXZA","result":"Succeeded","languageServerVersion":"1.51.0","latency":3748,"toolCallLatency":"2","cwsprChatTimeToFirstChunk":3749,"cwsprChatTimeBetweenChunks":"","requestId":"fcba6dc1-1e76-4825-97c0-455df3c54f3a","enabled":true,"modelId":"auto"}
2025-12-18 00:15:35.264 [info] [Info  - 12:15:35 AM] [2025-12-17T20:15:35.262Z] lserver: Fixing history: tabId=fislw0
2025-12-18 00:15:38.550 [info] [Info  - 12:15:38 AM] [2025-12-17T20:15:38.548Z] lserver: generateAssistantResponse/SendMessage ResponseMetadata: {
  "httpStatusCode": 200,
  "requestId": "c6373404-ed6d-41eb-b52d-be9d5114365f",
  "attempts": 1,
  "totalRetryDelay": 0
}
2025-12-18 00:15:40.607 [info] [Info  - 12:15:40 AM] [VSCode Telemetry] Emitting amazonq_interactWithAgenticChat telemetry: {"cwsprChatConversationId":"dad6bc47-5923-48c7-97fe-dd0520b40f58","cwsprChatConversationType":"AgenticChatWithToolUse","credentialStartUrl":"https://view.awsapps.com/start","cwsprAgenticChatInteractionType":"GeneratedDiff","result":"Succeeded","enabled":true}
2025-12-18 00:15:40.607 [info] [Info  - 12:15:40 AM] [VSCode Telemetry] Emitting amazonq_interactWithMessage telemetry: {"cwsprChatMessageId":"tooluse_mGPu76vmQniI8GBr7qbqiQ","cwsprChatInteractionType":"agenticCodeAccepted","cwsprChatConversationId":"dad6bc47-5923-48c7-97fe-dd0520b40f58","credentialStartUrl":"https://view.awsapps.com/start","result":"Succeeded"}
2025-12-18 00:15:40.859 [info] [Info  - 12:15:40 AM] [VSCode Telemetry] Emitting amazonq_toolUseSuggested telemetry: {"cwsprChatConversationId":"dad6bc47-5923-48c7-97fe-dd0520b40f58","cwsprChatConversationType":"AgenticChatWithToolUse","credentialStartUrl":"https://view.awsapps.com/start","cwsprToolName":"fsReplace","cwsprToolUseId":"tooluse_mGPu76vmQniI8GBr7qbqiQ","perfE2ELatency":268,"result":"Succeeded","languageServerVersion":"1.51.0","enabled":true}
2025-12-18 00:15:40.859 [info] [Info  - 12:15:40 AM] [VSCode Telemetry] Emitting amazonq_invokeLLM telemetry: {"cwsprChatConversationId":"dad6bc47-5923-48c7-97fe-dd0520b40f58","cwsprChatConversationType":"AgenticChatWithToolUse","credentialStartUrl":"https://view.awsapps.com/start","cwsprToolName":"fsReplace","cwsprToolUseId":"tooluse_mGPu76vmQniI8GBr7qbqiQ","result":"Succeeded","languageServerVersion":"1.51.0","latency":5325,"toolCallLatency":"267","cwsprChatTimeToFirstChunk":5326,"cwsprChatTimeBetweenChunks":"","requestId":"c6373404-ed6d-41eb-b52d-be9d5114365f","enabled":true,"modelId":"auto"}
2025-12-18 00:15:40.859 [info] [Info  - 12:15:40 AM] [2025-12-17T20:15:40.858Z] lserver: Fixing history: tabId=fislw0
2025-12-18 00:15:44.004 [info] [Info  - 12:15:44 AM] [2025-12-17T20:15:44.002Z] lserver: generateAssistantResponse/SendMessage ResponseMetadata: {
  "httpStatusCode": 200,
  "requestId": "fc6abac2-f86f-4937-b5c5-605a0c88d9e5",
  "attempts": 1,
  "totalRetryDelay": 0
}
2025-12-18 00:15:46.201 [info] [Info  - 12:15:46 AM] [VSCode Telemetry] Emitting amazonq_interactWithAgenticChat telemetry: {"cwsprChatConversationId":"dad6bc47-5923-48c7-97fe-dd0520b40f58","cwsprChatConversationType":"AgenticChatWithToolUse","credentialStartUrl":"https://view.awsapps.com/start","cwsprAgenticChatInteractionType":"GeneratedDiff","result":"Succeeded","enabled":true}
2025-12-18 00:15:46.201 [info] [Info  - 12:15:46 AM] [VSCode Telemetry] Emitting amazonq_interactWithMessage telemetry: {"cwsprChatMessageId":"tooluse_Uk64JDsXReWOTGX2UXnxrg","cwsprChatInteractionType":"agenticCodeAccepted","cwsprChatConversationId":"dad6bc47-5923-48c7-97fe-dd0520b40f58","credentialStartUrl":"https://view.awsapps.com/start","result":"Succeeded"}
2025-12-18 00:15:46.457 [info] [Info  - 12:15:46 AM] [VSCode Telemetry] Emitting amazonq_toolUseSuggested telemetry: {"cwsprChatConversationId":"dad6bc47-5923-48c7-97fe-dd0520b40f58","cwsprChatConversationType":"AgenticChatWithToolUse","credentialStartUrl":"https://view.awsapps.com/start","cwsprToolName":"fsReplace","cwsprToolUseId":"tooluse_Uk64JDsXReWOTGX2UXnxrg","perfE2ELatency":268,"result":"Succeeded","languageServerVersion":"1.51.0","enabled":true}
2025-12-18 00:15:46.457 [info] [Info  - 12:15:46 AM] [VSCode Telemetry] Emitting amazonq_invokeLLM telemetry: {"cwsprChatConversationId":"dad6bc47-5923-48c7-97fe-dd0520b40f58","cwsprChatConversationType":"AgenticChatWithToolUse","credentialStartUrl":"https://view.awsapps.com/start","cwsprToolName":"fsReplace","cwsprToolUseId":"tooluse_Uk64JDsXReWOTGX2UXnxrg","result":"Succeeded","languageServerVersion":"1.51.0","latency":5328,"toolCallLatency":"268","cwsprChatTimeToFirstChunk":5328,"cwsprChatTimeBetweenChunks":"","requestId":"fc6abac2-f86f-4937-b5c5-605a0c88d9e5","enabled":true,"modelId":"auto"}
2025-12-18 00:15:46.457 [info] [Info  - 12:15:46 AM] [2025-12-17T20:15:46.456Z] lserver: Fixing history: tabId=fislw0
2025-12-18 00:15:49.287 [info] [Info  - 12:15:49 AM] [2025-12-17T20:15:49.284Z] lserver: generateAssistantResponse/SendMessage ResponseMetadata: {
  "httpStatusCode": 200,
  "requestId": "4d3aad6c-b5fa-4285-995f-884186206658",
  "attempts": 1,
  "totalRetryDelay": 0
}
2025-12-18 00:15:50.069 [info] [Info  - 12:15:50 AM] [VSCode Telemetry] Emitting amazonq_invokeLLM telemetry: {"cwsprChatConversationId":"dad6bc47-5923-48c7-97fe-dd0520b40f58","cwsprChatConversationType":"AgenticChat","credentialStartUrl":"https://view.awsapps.com/start","cwsprToolName":"","cwsprToolUseId":"","result":"Succeeded","languageServerVersion":"1.51.0","latency":3609,"toolCallLatency":"","cwsprChatTimeToFirstChunk":2829,"cwsprChatTimeBetweenChunks":"16,30,31,33,114,1,23,37,1,21,59,178,0,0,14,0,220,1,0,1,0,0,0","requestId":"4d3aad6c-b5fa-4285-995f-884186206658","enabled":true,"modelId":"auto"}
2025-12-18 00:15:50.069 [info] [Info  - 12:15:50 AM] [VSCode Telemetry] Emitting amazonq_addMessage telemetry: {"credentialStartUrl":"https://view.awsapps.com/start","cwsprChatConversationId":"dad6bc47-5923-48c7-97fe-dd0520b40f58","cwsprChatHasCodeSnippet":false,"cwsprChatTriggerInteraction":"click","cwsprChatMessageId":"4d3aad6c-b5fa-4285-995f-884186206658","cwsprChatResponseCode":200,"cwsprChatSourceLinkCount":0,"cwsprChatReferencesCount":0,"cwsprChatFollowUpCount":0,"cwsprChatTimeToFirstChunk":3088,"cwsprChatFullResponseLatency":18557,"cwsprChatTimeBetweenChunks":[450,5,32,1,171,1766002538549,1157,1,257,159,1,1,1,47,1,410,1,1,1,1766002544003,1344,210,1,1,207,1,1,207,1,1,1,1,1,1,1,26,177,1,1766002549286,16,30,31,33,114,1,23,37,1,21,59,178,14,220,1,1],"cwsprChatRequestLength":27,"cwsprChatResponseLength":240,"cwsprChatConversationType":"AgenticChatWithToolUse","cwsprChatActiveEditorTotalCharacters":0,"cwsprChatHasContextList":true,"cwsprChatFolderContextCount":0,"cwsprChatFileContextCount":0,"cwsprChatRuleContextCount":0,"cwsprChatPromptContextCount":0,"cwsprChatFileContextLength":0,"cwsprChatRuleContextLength":0,"cwsprChatTotalRuleContextCount":0,"cwsprChatPromptContextLength":0,"cwsprChatCodeContextCount":0,"cwsprChatCodeContextLength":0,"cwsprChatPinnedCodeContextCount":0,"cwsprChatPinnedFileContextCount":0,"cwsprChatPinnedFolderContextCount":0,"cwsprChatPinnedPromptContextCount":0,"result":"Succeeded","enabled":true,"languageServerVersion":"1.51.0","requestIds":["fcba6dc1-1e76-4825-97c0-455df3c54f3a","c6373404-ed6d-41eb-b52d-be9d5114365f","fc6abac2-f86f-4937-b5c5-605a0c88d9e5","4d3aad6c-b5fa-4285-995f-884186206658"]}
2025-12-18 00:15:54.873 [info] [Info  - 12:15:54 AM] [VSCode Client]  Received {"command":"telemetry/event","params":{"name":"enterFocus"}} from chat
2025-12-18 00:15:54.880 [info] [Info  - 12:15:54 AM] [VSCode Telemetry] Emitting amazonq_enterFocusChat telemetry: {"credentialStartUrl":"https://view.awsapps.com/start","result":"Succeeded"}
2025-12-18 00:15:58.006 [info] [Info  - 12:15:58 AM] [VSCode Client]  Received {"command":"telemetry/event","params":{"name":"exitFocus"}} from chat
2025-12-18 00:15:58.008 [info] [Info  - 12:15:58 AM] [VSCode Telemetry] Emitting amazonq_exitFocusChat telemetry: {"credentialStartUrl":"https://view.awsapps.com/start","result":"Succeeded"}
2025-12-18 00:18:26.948 [info] [Info  - 12:18:26 AM] [VSCode Client]  Received {"command":"telemetry/event","params":{"name":"enterFocus"}} from chat
2025-12-18 00:18:26.957 [info] [Info  - 12:18:26 AM] [VSCode Telemetry] Emitting amazonq_enterFocusChat telemetry: {"credentialStartUrl":"https://view.awsapps.com/start","result":"Succeeded"}
2025-12-18 00:18:26.999 [info] [Info  - 12:18:26 AM] [VSCode Client]  Received {"command":"aws/chat/tabBarAction","params":{"tabId":"fislw0","action":"show_logs"}} from chat
2025-12-18 00:18:26.999 [info] [Info  - 12:18:26 AM] [VSCode Client] Received show_logs action, showing disclaimer
2025-12-18 00:18:26.999 [info] [Info  - 12:18:26 AM] [VSCode Client] Opening logs directory
2025-12-18 00:18:27.027 [info] [Info  - 12:18:27 AM] [VSCode Client]  Received {"command":"telemetry/event","params":{"name":"exitFocus"}} from chat
2025-12-18 00:18:27.029 [info] [Info  - 12:18:27 AM] [VSCode Telemetry] Emitting amazonq_exitFocusChat telemetry: {"credentialStartUrl":"https://view.awsapps.com/start","result":"Succeeded"}
2025-12-18 00:18:40.851 [info] [Info  - 12:18:40 AM] [VSCode Client]  Received {"command":"telemetry/event","params":{"name":"enterFocus"}} from chat
2025-12-18 00:18:40.865 [info] [Info  - 12:18:40 AM] [VSCode Telemetry] Emitting amazonq_enterFocusChat telemetry: {"credentialStartUrl":"https://view.awsapps.com/start","result":"Succeeded"}
2025-12-18 00:18:40.922 [info] [Info  - 12:18:40 AM] [VSCode Client]  Received {"command":"telemetry/event","params":{"name":"exitFocus"}} from chat
2025-12-18 00:18:40.924 [info] [Info  - 12:18:40 AM] [VSCode Telemetry] Emitting amazonq_exitFocusChat telemetry: {"credentialStartUrl":"https://view.awsapps.com/start","result":"Succeeded"}
2025-12-18 00:18:52.392 [info] [Info  - 12:18:52 AM] [VSCode Client]  Received {"command":"telemetry/event","params":{"name":"enterFocus"}} from chat
2025-12-18 00:18:52.393 [info] [Info  - 12:18:52 AM] [VSCode Telemetry] Emitting amazonq_enterFocusChat telemetry: {"credentialStartUrl":"https://view.awsapps.com/start","result":"Succeeded"}
2025-12-18 00:18:55.226 [info] [Info  - 12:18:55 AM] [VSCode Client]  Received {"command":"aws/chat/tabBarAction","params":{"tabId":"fislw0","action":"show_logs"}} from chat
2025-12-18 00:18:55.226 [info] [Info  - 12:18:55 AM] [VSCode Client] Received show_logs action, showing disclaimer
2025-12-18 00:18:55.226 [info] [Info  - 12:18:55 AM] [VSCode Client] Opening logs directory
2025-12-18 00:18:55.250 [info] [Info  - 12:18:55 AM] [VSCode Client]  Received {"command":"telemetry/event","params":{"name":"exitFocus"}} from chat
2025-12-18 00:18:55.251 [info] [Info  - 12:18:55 AM] [VSCode Telemetry] Emitting amazonq_exitFocusChat telemetry: {"credentialStartUrl":"https://view.awsapps.com/start","result":"Succeeded"}
2025-12-18 00:18:56.917 [info] [Info  - 12:18:56 AM] [VSCode Client]  Received {"command":"telemetry/event","params":{"name":"enterFocus"}} from chat
2025-12-18 00:18:56.925 [info] [Info  - 12:18:56 AM] [VSCode Telemetry] Emitting amazonq_enterFocusChat telemetry: {"credentialStartUrl":"https://view.awsapps.com/start","result":"Succeeded"}
2025-12-18 00:18:56.976 [info] [Info  - 12:18:56 AM] [VSCode Client]  Received {"command":"telemetry/event","params":{"name":"exitFocus"}} from chat
2025-12-18 00:18:56.978 [info] [Info  - 12:18:56 AM] [VSCode Telemetry] Emitting amazonq_exitFocusChat telemetry: {"credentialStartUrl":"https://view.awsapps.com/start","result":"Succeeded"}
